pool_id,ticker,sigma_ada,sigma0,unmet_pledge,zero_blocks_last15,blocks_last15,in_union
pool102s2nqtea2hf5q0s4amj0evysmfnhrn4apyyhd4azcmsclzm96m,YULI,6481.489374,0,0,1,0,1
pool1030as3pp5684ghgf4kzcpv4p2jnmkmme7j363t95690zwxp7wa0,888,142795.784978,0,0,1,0,1
pool103gv6hc8ux9tvu7597f4806fayzeyvrn2pp338ndztgl6jg29mf,KIBC2,1024684.657505,0,0,0,3,0
pool104re5tajgh4mpp7c744khap56lf609cfjlna5ysjkum8qn8fel9,TOKYO,3411244.365039,0,1,0,32,1
pool106p2jjwuwagq2as7cdzx4y6cyc2pdj7a3h3vv5cvkvnskegff3w,VOLT,22133533.507169,0,0,0,151,0
pool108zdflss3ayqlm5c7vr6mtqj2uwl99vk28ur8dv4zswdzt6yauc,AZUR,17645327.936427,0,0,0,140,0
pool1092quwhywgsjcnmjpd6w9lp90uxwwcedpv05fk645jdjqv5dmj6,,1022.027119,0,0,1,0,1
pool10akpqvczl93ep4rc59c0aqyn3dm0env2ydysuwmdm670wl24pd8,,11077384.870745,0,0,0,158,0
pool10capak8jppvj8h46e35xdth6h22pahtr3lcgscrpa06jzv0xn8w,SWAG,36642001.490819,0,0,0,252,0
pool10cz0gm5zu74clhrxp9mm7ulslves04wyfxaqzr4sjr2zv7qjpnv,,342279.771204,0,0,0,1,0
pool10dwjth7esfw5gc036vu6l6csnvn6elqax0d3kh8t65rxyewk2g3,IOG2,113741616.917436,0,0,0,869,0
pool10efuydxjnasr0309lqklmj9xahupdnzqd59r5dqjeh4twz06tr0,F4ADA,19818306.088752,0,0,0,155,0
pool10eltx2wej46e62ulmwzm35xfu0azu47yvpjper7gwhncqe74vg6,CHIL,135339.694205,0,0,0,2,0
pool10hex9l4wjgqarvhr94xgyh9frv5lhtajhrj4dah0kl65jtws30k,CSN1,284497.362542,0,1,0,2,1
pool10j307gzqx5cuqxzgnycg9rwyyutjy2eqyhnkmu2umj6cctcvrqq,,521761.404149,0,0,0,1,0
pool10jd7mphm0mmrnfvyytzs3tfrmjmtkvalfx8nql7tae06v0rkjk3,DOS,5503.59544,0,0,0,1,0
pool10jn0wjlh9y3w2ygq84u2llvlnxfz3lc4g0ssqlmpp3w3y2d2lw5,EARN,8071148.443623,0,0,0,61,0
pool10jqlkjfn2rtlc6hp95p8k4h04h3dfmdcgnga6umwp2rpukpg20l,CCIO,395319.421889,0,1,0,2,1
pool10k5ushs6d60827ezmncrd88gg8jnzzxc26jahaf5x4arqzyf5me,,359758.829734,0,1,1,0,1
pool10ljdn3zwsh7vjkxf6t250423l5qy487x83st7m8a53jxznrkw5g,,4919741.218816,0,0,0,38,0
pool10mf43thtl3keag50mrlvqa78xkwg7harmu4w5yzr3k7jvw0ap43,JORGE,1030494.919572,0,0,0,7,0
pool10mrxnxzfz5rwgnv4cza7a6fmz49qrxauzyffw490hr2jghzmtsp,,272093.587525,0,0,0,3,0
pool10p3g22454ly7eaurlur5wc9d9ual2fnfwy7a6e7k09z3yf929k9,OUROS,2333969.45978,0,0,0,25,0
pool10p6wd9k0fwk2zqkqnqr8efyr7gms627ujk9dxgk6majskhawr6r,BBHMM,891406.400367,0,0,1,0,1
pool10p7hdyghmkfuuxep4slslvjs2fk0hechqwadc2348e6g2x8hta6,SBPIO,1012.599649,0,0,1,0,1
pool10qmnswfc22zm0fscg80gkwqz65ujwjkqmctv8g9l9l58wqtelgg,WAAUS,2803264.796837,0,0,0,157,0
pool10quq4wlghwrvmhdzc7geq22pyhzegccwj56ax2g8hx0cjfahufs,SPS2,78481917.798721,0,0,0,466,0
pool10qv6jzdvmkulfs2zcmxjkrz345wwrwsj8d0lhvqf6tgjxlc7q43,,32785.134909,0,0,1,0,1
pool10r8gk6z4epj36rluw3klk5k0uzfcdc0rw9cu0zuyxw56quaksrv,SIMPL,2506609.846492,0,0,0,9,0
pool10s3paykwusv3zpfn9wkrzfvw6pch5tlcklwftj00a79yc3h0tgx,GOD,185195.927683,0,0,0,3,0
pool10tqeu6d03p6rnalqlvdshmpsljxaq2c0ww6draq6xm8lgyl2a3p,CASP,5847087.284221,0,0,0,171,0
pool10v6uh7yan2dg8utwpgurj6th3u3s3q3m2lcg8z9mxtncvx72dhc,,618275.240075,0,0,0,4,0
pool10v7h74a4tvwjdyxrpvxgy0p2as7256jyzmhfgtqv9mwxzwgtwdm,PANJ,115141.598183,0,0,1,0,1
pool10w6dqsuflhrczmvle5awchzcteskxke3ce0anmnvza2n2uv3u2f,,1785899.493674,0,1,0,17,1
pool10w8gmhnprfmhdlp6npjt8d3ts64ng4qxsu0mr33dhpxpzwn4rgt,,2.91521,0,1,1,0,1
pool10y2jjrllhxhsmjvyznls8r7wyztjawz3gre3qqr938tvw5tg0vu,,82158.66126,0,0,0,1,0
pool10zfvfwgsmqu8l53y2p48hjrw5etpxzd5c0jrz727g784y89xkpr,ORCA,155969.506533,0,0,0,1,0
pool10zyf32q3w3n9x940j6yqgkwuegzn77p94wcmpku6gvmrqw8a97d,XSP,15115542.914917,0,0,0,72,0
pool122e6s7cucm4jt32g0redkcgw4grwg4xe2f4r3qaxhdfvw5kxmkg,,1022.225664,0,0,1,0,1
pool122fqhp7fkuw3f44z7l3zvfwd56myazkf4ysqrr7p3s236ehx59e,,1338.53755,0,0,1,0,1
pool122gklgk6gep3dm5grag0kavzzxcwk4kxxrqegfygghjpgch6pns,,5601.668535,0,0,1,0,1
pool122j50n88wmlsz4jgh9cgpan0lzckm4ppdmtr732ljez4cpmaf9e,,24964.382521,0,0,0,1,0
pool122y8c6dqkf864l0uxxnz8uz60dcrxvdm5w6j302z7ft0265f3xu,,1000996.418357,0,0,0,2,0
pool124lm97s6f4satl7xz0ulzgg6tv30tskry3zcntwrz68n60v5yne,SHARP,529129.196595,0,0,0,7,0
pool12584mjtgz3fhgpx823qht56gycnfnezg6aqqthazv4qdxkd5c46,DOLCA,1107444.528489,0,0,0,6,0
pool125mzd9dmxlkvg0g3fuwl96rxd4jmzha77d9evnetldzl66lvpvz,,14014.705118,0,1,1,0,1
pool126kcx3ve6xedpdk8gm9gtgs5x2h77tuwe5hjjcrp2nshu2xv8l3,ADAAF,2650.054926,0,0,1,0,1
pool126mkma8nv5axltmz7mmg8qz9e70nmhnf58hwx5772fhwgkhk6ag,NAP,58135217.738303,0,0,0,488,0
pool127xwsah7jllutuhen8vl7sve5278h7hhxtnys3cl438dyhuwgjg,ARTZ,1728174.372407,0,1,0,5,1
pool128sj7hpet8874ycvxml85wlv9eyd8pehjhnj3clcvhrr5g5s9qj,BIZ,226292.180612,0,0,1,0,1
pool129h7fcs8yjks48u2e69ehe72w7zp0f08rn6squtazateyfu8ms8,FABLE,10007.55,0,1,1,0,1
pool12akphrukmx74qj4f6w38rln95dn8aw6lmdascktv2c09w0srxw0,THC2,95498.398622,0,0,1,0,1
pool12cc8t9yr58xureweksj73v87xkm6svcs8j3xnt93zd5zw5q6ugr,,972517.853621,0,0,0,5,0
pool12crd62rxj8yryvshmgwkxza7um3uhaypwdjeel98lnkf529qdw5,0PCT1,673230.841156,0,0,0,4,0
pool12ehtdu5hfffpeqg968gtpqcnjv7hwfj3tshxcw8lg37tqcquhaq,,974915.730964,0,0,0,5,0
pool12ep0z3h2qhfcmsl7h7ldpgf4cfjlur9v9lqwl8xjwd3qked73f5,,1687656.716665,0,1,0,13,1
pool12f2r9xf4wvht030xwjhpjvy5yptr275qr2qcydnx57jkxyfzz2w,FREE1,528950.144002,0,0,0,8,0
pool12f3wfgks8s7ga6kltjl98ayljysu3gtgcdx7wsrw4702sfkl3v5,SIMON,107708.212328,0,0,0,2,0
pool12fclephansjkz0qn339w7mu9jwef2ty439as08avaw7fuyk56j6,RDLRT,22572812.113497,0,1,0,443,1
pool12fkrc4rwjv064vvcup7ypd7ffwemv7uctmc3dj3zazu0qjyh7hm,LABA,3568.202452,0,0,1,0,1
pool12fr472y9lwzjy055gpuvpxdy5slpe0ej20pykdeatl59zg9ren2,CARDX,63317.938787,0,1,1,0,1
pool12jnulzs7j8lsku4r2a7q6tee6tt66872vwhqh8jxvgzn6837jtl,1JPN,1712520.141224,0,1,0,3,1
pool12jz7ey8jtd9ek3x2ysxaxsgfyu62ppaljrc3rzs4z6ydvx9rcs8,,1401066.96107,0,0,0,9,0
pool12ka4j3et90wd8ffwy47pvypk37ye857tm09ed682zwq7vtetztu,,8.645414,0,0,1,0,1
pool12mca6l778v2e5wq5a4kc08h6grcv9j6f7yykt9wyjttckfxksvg,,1014.271248,0,0,1,0,1
pool12mmcc4rc2fzfv7gyv8h06nvnsrm3m7erzdv8x6gzvjxlu2lf09n,1PCT3,35727092.164433,0,0,0,374,0
pool12n6lycv28kjtkzecfz2a3uujyxy6ewuwjcmjq84my67psqmgagv,MANT,57761329.141937,0,0,0,254,0
pool12pvaxxcv3sgad5jqgfnggn337y76kp02uauptkufjjjes7nxwfm,SVRN,101363.854586,0,1,1,0,1
pool12r08n33avu33ncstukwxyr440mgaazmuclay38v0yt34xytu2dq,FALCO,9686.182687,0,1,1,0,1
pool12rkpcc250wh03m74lvaqhnj8t89umae2v22gqg5rf470yhg6l4v,GOSLO,71074.591972,0,0,0,1,0
pool12rv575nj9cfvy0r4th7jtz5x3nt6waht0qe5fdr58ucx77tk7pu,4BIZ,5647.630894,0,0,1,0,1
pool12t3zmafwjqms7cuun86uwc8se4na07r3e5xswe86u37djr5f0lx,NORTH,15300372.422605,0,0,0,71,0
pool12v7aukl49ehf9ysagq960ek26jeywnq3yzv5hgl4ecvhvyax5p6,WIN,16600.593743,0,0,1,0,1
pool12vs4c3cm0tr49c7alrevfs0xa5g3s4al4fn46h33e69uusat04v,BLOOM,172280664.808829,0,0,0,1331,0
pool12x3493966tlzlav2vacw5vgdr6avnl5lreclgw53mrhn6s75vcv,ABI,140272.947657,0,0,1,0,1
pool12yx6zskxnvkwajm22u823y5e77p5ysaz6p3tyx6x3d75xm0x45j,,46247.467274,0,0,1,0,1
pool12z39rkzfylvn9wfe8j6x9ucq6g2l4mw4azj70y0gd8ejczznyj3,BRAVO,660173.43922,0,1,0,6,1
pool130f7tnlumxe5yuzsqqphy00cal8yugh5x66zgnz48zqyypns0k3,2PCT,2671481.874977,0,0,0,14,0
pool130sxcuaxh2yc4chs68c4jsep4v7zfhgdqutm60ngdvt9sa2ga06,,3207538.805907,0,0,0,26,0
pool130u9tm5kzsjkzlt4zq989s33fne5n9qahkdcmamh688wzrk78g6,HAUS,2794.413809,0,0,1,0,1
pool136903m0kag2amlga2ypcz8wnf7d552qgy5t6vz2pqlzuq2kyshy,DEEP,322752.606257,0,0,1,0,1
pool136ahugdvaenv8ed0d3m9af4dxxtzu7u3vpfq4mxk7qq6xuvd0ca,BLOXB,402384.878643,0,0,0,3,0
pool136wr0g23dw9daekuyqtgk366vywms6meespgpm3hdguxqczaaug,DDLT,18163097.793791,0,0,0,146,0
pool1378u3xd5h393n0dwqszfw4dmen5vlmnm2fsdczd3v92n6dlw6qm,FIRE,322596.236241,0,0,0,1,0
pool137x32lrkprphrd0aa8x4jqz98z6lc0wawlc88hdjeps4qe408ad,KUBE,153854.936037,0,0,0,4,0
pool13846y7q7tng3endxhet9qdcz5w0fjs09ytcye4dm5g54wmyqeqr,BSP,22058261.099579,0,0,0,142,0
pool138e249zh9l93azsf2pf7wyhxyayzcxdhsrg3vqpfx665c8xa348,LGND,48874.035738,0,0,1,0,1
pool13fg83xz9t4yunpzjmcras7kqpyssl6247uqva53s6jntskmhvc7,,597.415541,0,0,1,0,1
pool13hc7e9axpm0c4us03rwcw996t8zyz5452p0hpa6ehpy2z6gnqae,AZER,30469.536878,0,0,0,1,0
pool13hqjq6yxcsk3wpygedcp04crk58qsc00gw4wf77q6kehxxagqme,,46704.196704,0,0,1,0,1
pool13kd6k66rrrhsh4s9px92qxymsrkjcjy336lpg80tt38lk6r799y,IOG20,111882822.614253,0,0,0,820,0
pool13l0j202yexqh6l0awtee9g354244gmfze09utxz0sn7p7r3ev3m,DUCK,1316830.736973,0,0,0,29,0
pool13lfrlz8hw64t2zr7hfvd8juxjcpdrspvslrtu0y76yxcs8ufvpd,,1158550.76739,0,0,0,12,0
pool13lvqv30e0zuk9kjextyhdemzpyefhjgd077xhmqy4gw4xuvcm5f,,131697.046108,0,0,0,1,0
pool13mgf226yj5a3kwcjfnguw2qpna2uv07w7gfn07g49kwd6tkmzsp,,25048.999736,0,0,1,0,1
pool13n4jzw847sspllczxgnza7vkq80m8px7mpvwnsqthyy2790vmyc,,1151156.978693,0,0,0,19,0
pool13n97kqrn3rauruvq6kmqxmu9f3hwzq6rq06wf7lm8e2kvuuyr9t,IKIGA,28225.27426,0,1,0,1,1
pool13pclvkwxee4znt7qc55k8ny89zvdkvfrt04dtd99zjm5vs2tws5,CCJ2,44283060.20542,0,0,0,341,0
pool13q0r47yq43jljm9lnwza8uz57u420wuuwllrvkalxm6vwn2dq5n,,5872960.920544,0,0,0,44,0
pool13q8kl9s0kufpl0vjmnrk2f2nz9nle3k9l3pnzh4negaf7kmd80p,,5674.610061,0,0,1,0,1
pool13qzk5az6sx77lk2nt8zruu0t2tsyepu9q73yaz8l8j3uqxqh9wh,,106934.472911,0,0,0,1,0
pool13rx88l4d5gpw69e586tfcdeuzmx6f2ys95pqjnlnmlzrs739h0y,btcs,21466851.310907,0,0,0,129,0
pool13ucz6778ywff5pmcag4pcknq9gm6j04qtgh65cu9c5mt73t5ulv,GLOBE,70348.073533,0,0,1,0,1
pool13ws3wf9skw0ngg3aze482tdxqsnfmvf4vgy46cux599mxm8n27g,8BALL,781622.681881,0,1,0,10,1
pool13wwxqu7sj9cunca3gc8lunqtz8e5un9phrhq52870ful6jw6usm,,2562259.670952,0,0,0,22,0
pool13wzpwavanfpkr4r4j30plrlc6dn6p822lkt22zdllmy7q8y7s90,CARBO,664029.722354,0,0,0,59,0
pool13xh3tgwzhr3hn25v5m2dnvqnfcmnzghcfah5t7kzufkywuy7w7v,,13395605.481592,0,0,0,92,0
pool13zh79cqv3y36cgknzagwegp8y0kuzel2j046jmup97hhjwk5myw,,1051583.677294,0,0,0,6,0
pool140x77a7cz2j689lmxf836qpjtc3y83rka28v6gpswxdw2mag62e,UNDR,22174503.279126,0,0,0,174,0
pool140xj040w37pcufxdhpjne03sn2rd0fxys4m2c0sgjw5pqjnlx8f,LAKE,274576.083523,0,1,0,3,1
pool1429egqgv60r3nxlp6cvs08qcffv7duddjvyjd0pt6wzhj7akda8,,102112.206287,0,1,1,0,1
pool142cpn2gm89q72srv9pt7jtt7p7yg43a8ltfqhz3jp3t3xuh7x48,QUASR,10324.370808,0,0,1,0,1
pool144cfav5vd6vwaej6cspzea3pjfvdcjg86uzv9phxegz87ynw2zz,,247531.286546,0,0,0,1,0
pool144m894gswuy3se407ma5870nkaw5ylykrak73gf4kpepj50ulfa,CLUB,3579246.256395,0,0,0,29,0
pool1479z5kd9adf44nzf6mwjqql5fvfm6d8n7ntgwr32lmtkssvlc08,At5,109677.185916,0,0,0,3,0
pool147t2chee9vcyjxtafwd8emkjj88f9dra0xa2clgwlr6m7tzdzvz,GIGAX,27446.602055,0,0,1,0,1
pool1488f5rzus7kpu3zr6zwyw8mdy0rj4m3knssv58enurgsx40msjf,,1087.461798,0,0,1,0,1
pool14a39gegmmc0xp7u3vr2lxggpphjm97nef6d35ytrukfwqvavj8j,,27786.045665,0,0,1,0,1
pool14arklydxklrqthvwghvguelawj44vk5cv5ukk97mgfzyxj7l2v2,,11202.422242,0,0,0,1,0
pool14cautfm2e8jxv79tv59grnryjxs8f2wewz66wup695xgu7wjnvr,,301778.263104,0,0,0,1,0
pool14cq225dlh7qy7tcc35fgrkr9yyprlk4cppytjmdv7e0gwm4w9q6,DONT,5166.497034,0,0,1,0,1
pool14g73qj0qz05ymqg7dp9kxdu8jr7uuzm6z6n3jwxpvqskghhmhng,TWIN1,1339564.526208,0,0,0,17,0
pool14ga7m2hv6y89u4jv9yf8mf28tjs078j43l5h4zgpxqp7q6ey4d6,,105711.863995,0,0,0,6,0
pool14gu2yv67enp56dym7ww2d0d72723kgrcqsuau5nxjv9ryt004rt,,10809.409903,0,1,1,0,1
pool14h7cjyklnrf2ylu6g2z89n5zckeyprw36lstw7lw5kvqwc4xw2d,HIMAL,488528.409756,0,1,0,2,1
pool14h9dm54ajt2nfr2znllm6cqan2q24f3s4t0m6mr8k633gz47mp2,,1021.455684,0,0,0,1,0
pool14hsxa2zfwzvy9ncdjwnx0xkcltjmdydeayxfju7suuuewv0dnke,KROM,109790.579049,0,1,0,2,1
pool14jvknxnz7zmp9mgmxmm5nmm5r0fsqcpnjrwes0kuq5w3uy3nxa4,,36.447221,0,0,1,0,1
pool14kg79f3v5lqfvp5etqvmy6m9kuzpnd80w5cl44qrl8tpuk00quc,HEX,1350895.633772,0,0,0,16,0
pool14ku0z9rx9yx34zl00jtxtpyv6ehytfl8fewztavx7qvju7nrtr8,BOT,4383416.192347,0,0,0,23,0
pool14lr9ef5a22ng5xcu2rhpkkc86u5fp24r5gnj6hvnjxmsv8t8rtj,FRUIT,92569.460245,0,0,1,0,1
pool14mm59ntjqzphjr6chrww639cdr3yjce4qcwzc5jkk38y22u7uc6,ZZZ2,134943947.52006,0,0,0,993,0
pool14nl3h9l6mz3tutjl76849v33x409nl63md3d8ay7wrmnvujzrsk,,155531.41585,0,0,0,1,0
pool14nlun87fylxm7d7c28ydalp335scey8c588vzf2ums7wj8xt80x,,92820.799854,0,1,0,2,1
pool14nntqycjrv90n0v5fwh72jkru04rdkfgjhmr5emuh38pqwuuf57,CMAN3,59301.217306,0,0,1,0,1
pool14prutdqlndelj94pdz6h03yjh8c2qrmvgzrh4f46nryn2024u90,ADAMP,5053.074282,0,0,1,0,1
pool14pxhk34wlpu2azrnwy9ah8hrzxgffhqthcxcp620209eupfjfcn,1337,533927.270154,0,0,0,4,0
pool14qugk4juy7ds52glqhuveyntrmzr6ymaswyjhj9k53k3qdnfwpf,SABAI,569727.233686,0,0,0,4,0
pool14rpgdxcawg7zjqv0xl793nhmle76n6r5kqe3j2mvvkdg5llxzg3,YASP,325596.885719,0,0,0,5,0
pool14rs7ky0p867k0fe9mk3uug9c6w0mwlz3sllh7rpwxcqacr70s8t,KIKO,110497.619322,0,0,1,0,1
pool14skj6e4rpjanzclx3fc880xnl8xafgg63tmw93t9xspvwx985qu,EVRST,210018.841426,0,0,0,1,0
pool14tdqa54j9kwhxpx3q55zrgt2gc8lqk9trkhfe7m36fhp7jjzf6w,,246.700133,0,0,1,0,1
pool14u30jkg45xwd27kmznz43hxy596lvrrpj0wz8w9a9k97kmt4p2d,,139431399.181317,0,0,0,1316,0
pool14vc8rpu8uuvl2jns8g3qlllm84u5kfmfkr5k09vzfjlyxe5mlfv,RADAR,65608429.77547,0,0,0,76,0
pool14w30uj9a4kqn357m3ucyxllhwqhznagyjfr52vk5vfd67vwmvcv,,144119.678018,0,0,1,0,1
pool14wf6e8l64wktss9f30tjzm5th8u85vlc3sc4ulw87tfqkhdl3x6,THRIV,1032934.194501,0,1,0,9,1
pool14wk2m2af7y4gk5uzlsmsunn7d9ppldvcxxa5an9r5ywek8330fg,SMAUG,6245461.377991,0,0,0,25,0
pool14xjty7qx6unvqfwlf6rz3gkjgtpph5vuvynrcl05yvh4k8attw2,CPLP,58.548218,0,0,1,0,1
pool14y230zspjkhezehue4p2d9q87xh3p8a0vnpugzdty7gwcruepps,FAST,120929.002969,0,1,0,4,1
pool14yct4lltf2md86fm8xns78ttta0ey2a2m8j0vxx69pds2mzmhvq,,1193489.715349,0,0,0,7,0
pool14z5zuqy98d956cktyjuztaj7u4a4wje88c8ewznqdh6uxwlpnj4,LINUX,215292.275867,0,1,0,3,1
pool14zhqqydr6xxf7qsy62gh4ger8hsrcyc6qn05jfr8wt6qscs76sm,,36088.680312,0,0,1,0,1
pool14zkvjsd7ny9dgc2d5faqwttzh2me0tzuk9xmf8vydxxcvqaaaya,FORT,148.442038,0,0,1,0,1
pool1500emvz794ertxvjtgfj9wecr6ndhhdvqlveapjnr0clsxr9lpp,,101581.643459,0,1,1,0,1
pool150hft90uw7tzr9uvj7tqkjp4u98a9hl20llj3n9ew76kkfm768r,MONKY,2191346.151266,0,0,0,19,0
pool150n38x8gquu4yt5s0s6m3ajjqe89y68x96dh32tq8a4es2l6dvp,ETO1,162514745.594674,0,0,0,942,0
pool152ha79a677s2skr5n9cethtg549nljxm2vlzqfgaf8hq67q3790,,446336.648081,0,0,1,0,1
pool152ns2rs77pscm3mtmnymhwsvq8uglcdc3cvucvsc4jkds5k4te5,TETON,559758.533386,0,0,1,0,1
pool152zrg07tzs7vjcw7q64r85egv6efr59lsyn4v5yqqxy0vspj26f,PTON,50000.213388,0,0,1,0,1
pool154sjkrwdu80wp6mnjvkwk55aj53l4v37z4zwulfak74vcxg60x0,ANZ,740902.511067,0,0,0,6,0
pool155cu3s06js3llfh07vnzepatfuvt3s5s7uwldt9rzz55wz7pugt,SPS,200843160.589718,0,0,0,1380,0
pool156wg3relgtlhwu55z3wpqurtaprguefe9tzrakhuqyyc60553au,LAB44,816634.59723,0,1,0,7,1
pool15730lwmu7vrffkl40wtjrnctsfd840fl5jmuw230r0d65a74k5e,,942.823411,0,0,1,0,1
pool157e2zadjusu6esf9mmx37nf63ep2gazdeln5mh04ylpcvz59g5c,AION,66251515.548488,0,0,0,86,0
pool158ag8p06qm4apd750ekep6een9cdldqsq434ll2mp0ykgunmguy,ALPHA,1172074.969046,0,0,0,9,0
pool15amxxauxh409wcuc87e0tusfzuka0wfvxhxmpt6vugqgsw6j4d6,KITTY,1300.259544,0,0,1,0,1
pool15ccmgcc4k9t8auxw9v4dfjmrl2kqnuevawn8z6n7xv09utw9hh3,4ADA,36907417.738354,0,1,0,401,1
pool15f9qklmaajysmwx9n3rkgc5s2g3rfffz4x8spnedtzdgq43tpe2,WEQNT,4387181.843498,0,0,0,21,0
pool15j6qxs750x0fchc52fcjyth3ws48ukah88j5usltn7mfqzzwaar,,95679.228482,0,0,1,0,1
pool15ju4ktqmtha9vry4mf44hr2psf807n4achj76z8uhawgw9462kx,,706842.503249,0,1,0,8,1
pool15l03wrccy4wc3z9rfthd4y2mzy45genw5re7lvkmaynwuafr96u,,102.625306,0,0,1,0,1
pool15l8p8v8yzdjvl3vml6qafx0wgy4k6t938jl0qy24wslgw7xlhc2,,11.067511,0,0,1,0,1
pool15m78a3nfcepn8ekyzx6sa8yexg7cqseer2ktu26f7l9jjq0e502,NOBI,29877036.454154,0,0,0,219,0
pool15mfkj8sl7estcmmd5a07afrx5f4hlz3pcr6p6ay5pfmrjfl2hlf,DOXA,5059585.551103,0,0,0,38,0
pool15mv5w2vvfv2kplkrt40ylylyvdudv5axq5nyw6ln3v0gkd2auew,NLD,14087571.215947,0,0,0,98,0
pool15n83v7qy2pzd6fmh84mrewe70cmdr372wey48g8wjndrvxywfaa,,19161.543309,0,0,1,0,1
pool15pmdr6nw3g6mmt7regefp2lrx3njah0gpwsnqm794c4wsr23062,METAX,2749161.363156,0,0,0,13,0
pool15q9qez3zsy8ccj258satrfj7scc5lnmas444u355jq82vylamvt,,33808.296274,0,0,0,1,0
pool15r7dh7wlmu04xsva7rgcrljeqveevvkv20uusam0d6vhjvuze3g,,3556.011015,0,0,1,0,1
pool15szqnwzxu6dgc0emrga2yrjksj76pke4f663ecpyvlhpxq3wpf5,,1202715.668976,0,1,0,15,1
pool15txd36fltfgc63qq0yxtpqt88eu76s0yhugn9a6q7f4zspq6k5f,ARM1,639234.819543,0,0,0,7,0
pool15w4gpc2zyg634j5yag0xq790h326fzcg4cvq67nmck3kxq4m5m5,,37850.066299,0,0,0,1,0
pool15wj590e6gsmpmttrxjd0emck09a0h9tazd2ww77q6duyvg8lyum,HUSKY,3313.567383,0,1,1,0,1
pool15wk0wjrau5pv6rp6w34g3mjxqejkfj3yak0xa9m63upcxx63myh,MCA,321966.846432,0,1,1,0,1
pool15xfeh7v3kr5j4unyeszxnfvy349d4h8s92h4xdwl2hct6n0wgah,,939.083298,0,0,1,0,1
pool15xmrnqsq2yvpvfm7cjky49qkpdktp7lk4z7qqtzsdeq66xr0sqm,,537347.988975,0,0,0,1,0
pool15yyxtkhz64p7a8cnax9l7u82s9t9hdhyxsa3tdm977qhgpnsuhq,SECUR,152126118.969437,0,0,0,946,0
pool15zrkyr0f80hxlt4scv72tej8l8zwrcphmrega9wutqchjekceal,ZETE,12163660.050348,0,0,0,165,0
pool160n5l9gss5yl8glnappkelxdnre9t5wuacacspyj4rjtc0ytn7p,,2172.497742,0,1,1,0,1
pool162g6067hj0z3tyxrn7e0wmcz36yqp6nxu3e4x5ahkwvnygsuwqk,BIZAR,336355.248833,0,0,0,2,0
pool162x4qrsr0fkd8nza078vzn97csjzqfl03wcx3c65s2mw7vhr2xj,,502798.882941,0,0,1,0,1
pool163c5a24wgz0s69avpgjxze9jtpnamkmjxypg66tujn97ufpqasc,,29920.281043,0,0,1,0,1
pool166dkk9kx5y6ug9tnvh0dnvxhwt2yca3g5pd5jaqa8t39cgyqqlr,VIPER,7439979.016423,0,1,0,74,1
pool166vvvlk496szmtn4uz6wgcq6djryjk70grpap02yxyspjzkr490,,1478405.138406,0,1,0,12,1
pool167n02n48l5hfgfu6e46xq8n3yefccm9dcnmefkmxuymhc8ncrjm,,137114.352874,0,0,0,1,0
pool167v4tdkd4nx3pgrem6elzdqwelha5uq7r7qhv68he53d6zlsl7m,,70975.86893,0,0,0,1,0
pool168235cjpsrvwnvddmhc7dmtcqr7c40j2mlrph3qvuxk3jqls0wy,OMEGA,19371.864852,0,0,1,0,1
pool1692dxqqcsavymwz28w44t2jhyjnakvj4l3gwz2dqrarmc2k6dkh,BLUE,532521.948306,0,0,0,3,0
pool16agnvfan65ypnswgg6rml52lqtcqe5guxltexkn82sqgj2crqtx,SPIRE,1628115.118554,0,0,0,9,0
pool16cpkmftdtt86a9fwg9pp56lrs45nf5dl7rwuucscma33kvppfky,,15424.526637,0,1,1,0,1
pool16cy45uggzv3ah3s5m960v9vuxlx47sfnezpszuhcwl99z7nq8kq,NIXE,41794.078482,0,0,0,1,0
pool16d004c5q7k7wyf223kgct26zjcpjqql04rvnx8vtc0t5ckmnzaa,ICORG,1526269.299901,0,1,0,10,1
pool16dn08xad2p49akw8h6wjcr9tn9le6jxyv366yjrvhpfzxtscuyr,,2007.785432,0,1,0,2,1
pool16dpg3zz0zahzpwz5mq59k2jyksjz8rzutkc92u3xdt3txsnwfg8,,1022.225664,0,0,1,0,1
pool16dxn8c697qrqtzl3xe695trtde2hvgw0qtd65208ruaq70hv4ud,CENT,228057.875946,0,0,0,4,0
pool16fyda57p3c8gp5r6gmcq5tvqsp6mnzwvkxswgznkuh8wztrp6vv,HRMS,71167665.330407,0,0,0,919,0
pool16j6m34wg86tm9nvs5r7crreunk888z9ucacxxfaf95sfys7vdz0,,1008030.730999,0,0,0,9,0
pool16kus5xvdysgmtjp0hhlwt72tsm0yn2zcn0a8wg9emc6c75lxvmc,EDEN,38174506.373121,0,0,0,168,0
pool16lp67ryj6lvu5psu7sazgzvmtap7qwr4shhq740fl46vkznc0gh,CMAN2,5297.481057,0,0,1,0,1
pool16nnl8ymck6c20x86lfd5p9q3yp9w749cam26y985459ww6kjtz8,ska1,50216.069006,0,0,1,0,1
pool16pk3nc2g7580vwurn7t6qfjge70cc8ylvqkt0cnzsnktc5j38qp,,2454369.945938,0,0,0,26,0
pool16qd8xyz4dsn3g5zxdxtvr253u8jpy7xcn4ut9v92ug20gegt55h,IOG7,118678890.740766,0,0,0,850,0
pool16qnvy60w5gwkr87qypaw2jrgndtr0cmwauv60m2p5lxzq5akftk,2PCT2,32086.603651,0,0,0,2,0
pool16qp00n6jkk6fys3yh90vprvsu8rctkh4hcsz7gyaqmqf58296hl,,1021.255115,0,0,1,0,1
pool16rxms3u3ud3q7p4hwz7xxfgz48kv823ux9t2anyaty7akm0mtjx,LUX,115967.5622,0,0,1,0,1
pool16tcjctesjnks0p8sfrlf8f3d3vrp2fdn2msy80sgg3cdjtayu3z,TAPSY,72698246.980271,0,0,0,487,0
pool16uf3j299ndwd3xmv6fvh648pc3s4c3y80g2t0y2rwew3xz6c3aa,GLOB,11541.326859,0,0,1,0,1
pool16vkczv2z6tmynp7up0hj8pjd3ajzh6h28p5cl4uul4hkskksjke,MOJTO,53042.681208,0,1,1,0,1
pool16wfrrl0vhq5ldqa2u3kz8mm9r7l5pmlqqu0667gfjykfkyv98ge,ADAMX,144626.432221,0,0,1,0,1
pool170028ak8q37qf4e5lf7z8eyuscgcrqgzn9lh58a4g9ngzd83a0h,AQUA,1691591.89426,0,0,0,10,0
pool17037mqf5k46e6jpaue46lfy55v827re9cgm3qp8vsp33q8zufvy,BEAN,16938.776486,0,0,1,0,1
pool17038jcq6xdgjn0xsjx7m79rx52r7sucqwtr5j20tk23w5mjank3,IOG17,132396388.24345,0,0,0,922,0
pool170x8y09ql7hanj6kndg9esljxsxe29vjcl0y6trw88vvvuw9aul,MELON,348349.389523,0,0,0,1,0
pool173f5kzeuz485kshvga3t7un8u699w2rgn77apjx078xd73kzj6y,,347.620334,0,0,1,0,1
pool173mzegwuu0pjcrt60ekelzj5haqr8r5e4e0n45qh9jdz7xm5kh8,ROCKY,976696.206474,0,0,0,13,0
pool17499z7lt392dd3pf3vn30e69cver0gqqaja5rdnyerpv6zdzgkd,,219875.15676,0,0,0,1,0
pool175gxtzacpcm90adjpvlhjmfpj4ft2a3zuqsgm558hf3q7ra2vf9,CSK,73935.779341,0,0,1,0,1
pool178j8pevk04pay4lgz29c9y52k30xql7uaj5zdsqzpa9jwkuhqn5,CASTE,364130.014429,0,0,0,2,0
pool179c3gnrnya94luqf58wmwnqh943s6lvu05c88ekkflqwu3m6unj,,3835.269566,0,0,1,0,1
pool179dpweul0jsfv9ls67ner4n286fh6hqtskaw6nux97t52dt5gxa,GET23,1047.64119,0,0,1,0,1
pool17ahr5ygy48vpdfnatqn2z4wfu2te4quapk2yx3k50ce6kd7feg0,ST3AK,68248135.900656,0,1,0,116,1
pool17dag45ldepvckqdxvvppwdy4w8qczsz0awtutqyj2pzashn3ds2,,65388682.167856,0,0,0,87,0
pool17dx6ld5544pngfc4w6ere708zmjga7wmykeelqhqt4tpkjcpup2,,4.0,0,1,1,0,1
pool17e4rdh59t4fmn4g3p02xvs853katrjzge830tsmd3sfdc645yvt,GAIA,25600.53929,0,0,1,0,1
pool17fge0jukcp0vqwu0chh3jh4g0emt4rat8vxucrx5n8s5qz6fegp,TRADA,1002.625174,0,1,1,0,1
pool17gvd032slmxg267lp8rwcykkfa52txm8ylefhmdsdkytzugrtaw,STPZ1,157.670627,0,1,1,0,1
pool17jdt8kg9sv5rt5g24fy76rc3e2jjy8sh2nty7557uf3uj694hy6,,10004.445329,0,0,0,1,0
pool17k0rf90x8qcre7nrw5x4mgsfgy49njyqdq884qunm4fkslu6nye,IRON,551164.55725,0,0,0,8,0
pool17k3hqyxk393mm7sxn6542ulyj0f5axz6tfdw5sa26w04q9567qm,,170835.549163,0,0,1,0,1
pool17kym2l9g5z4xyspp4fjw57vd2k3wrjjax2a4dfsw4acrkwpf6gj,,1021.652689,0,0,1,0,1
pool17pv7m8h5dxsyt55upay8n8ake2cgcz4mcr737um2tl8d2wthzqr,MEDIA,11737413.143224,0,0,0,107,0
pool17rns3wjyql9jg9xkzw9h88f0kstd693pm6urwxmvejqgsyjw7ta,0PCT,43981488.280316,0,0,0,319,0
pool17vxhghxt2w2hc8c945ex2wqpwlcz39v6uc3fcxvqln45s8xrdt3,IOG15,198027792.334666,0,0,0,1255,0
pool17xextu09ghdfcmsq83whq0a45geg83jxe4qt94sevu087tzdzkl,ONYX,34630903.251244,0,0,0,283,0
pool17y0uw9jraxxtqk4mhgkhkye2v6jqzn84u8hl68l9xwq3cvm2vqw,ADNT,324933.744764,0,0,1,0,1
pool17ym7vuptkzd6h7yvey7f8hlavsme6h2rhklre6rslaw9gfvekag,VRITS,313816.154897,0,0,0,2,0
pool17ynruzy9lvq0x55ks22vtf4lrrdrw2ucydh4tfzhg9kkyeaw8nf,ASN,561421.077095,0,0,0,5,0
pool17ywx7vha7t8snj3xzwm9863lvnpke0ufqjtx94mh49sf28srg9m,,1.000009,0,1,1,0,1
pool180pfdeg9shtdu47hcjdw2kcxhz7r6pz3juzej8mkdjvtjt7mkm0,SOLO,3742626.228902,0,0,0,30,0
pool1829u4wxz0hdatsc0sczd0r3362wxk82qlqncjw5ksx7ngne07w0,LEAVE,326164.456702,0,0,0,67,0
pool183esrwfekmlk64djxcrmllhwwmsua2kd3kt5ghfcj3fpzymne0s,,1006.067782,0,0,1,0,1
pool183j8g5lmry5jsnua6mw5jhwdacwhkrnqfpga49v0qg6wjmwndfv,2PCT1,49358.681023,0,0,0,2,0
pool183tuc6uqs2q8tzekn4559pwmrg8ukss2fdwvtumrcdjh6j8qsu0,,227106.867485,0,1,0,3,1
pool18746ufc05k938yq3l0dyn8s6wvmjkcnlz6mlf20x7w25s6363fe,,92534.11619,0,0,0,2,0
pool18872nzahx0h2f7j58pxrn5rjektn8na8p4amv08x2xj8qkht30g,MNKY,224511.309962,0,0,0,1,0
pool189j5mz6wa0gfrakwvn2tar7qt309qxrmsgde5v6qwm892n6re3v,CCJ,33685455.958905,0,0,0,272,0
pool189lsf6c2upyhmrzddyvyfjxxkqnte9pw8aqx7f4cuf85sjxlm02,,97.6,0,1,1,0,1
pool18aqsj3wdsmzr2twchgadk4pzlmuk2jrcs6hng58wf8peuswt0kx,,87474.322579,0,1,0,2,1
pool18axt9r7z8eg0udd9xxzc4r2u9x322wfrtq3928jzye4ey3jytgq,SMART,41285.256292,0,0,1,0,1
pool18dqp26atwr6rd7z6suxjmguqy8zym5a3tgtveuazqsjwyeafrz6,,266.665872,0,0,1,0,1
pool18e48wynvkevefs0c5yuh705u6tpy0m4xflg506kp0r6vga9gkmr,,497.62535,0,1,1,0,1
pool18e63pk226vwk7j3khen2nsgs2wt3q6c7u3rnu7jzm9mtxrj54hu,,87537.98819,0,1,0,2,1
pool18en4vtxkjt3u5x6ctu9l3nqmr6pm3r7akxgu84450xdvkr4j827,EQITY,11602.273087,0,0,1,0,1
pool18gys2arurr8su3qssvh7vjcn42k5clgrvdxah8mxcg5xquvfu8p,,59913.387229,0,0,1,0,1
pool18heqrjtge2emf2hes4mdxkr76y99zztkqk4qtjr9dul0vuur0yu,RX78,70533.504206,0,0,1,0,1
pool18hkq2t8ss45h4fkr92f52flhc4mpzedx5mcz4xhnpj0dzp76028,XYZ,918925.095403,0,0,0,16,0
pool18hzjrr0xhadznttzq0va5vdhz2xyzjrju5ac7ztkwajdg80uvw4,,5968717.544612,0,0,0,37,0
pool18km87e0gdvzzdfv2kczcgryemjtn0uhmku66qunauczu7uq0h89,,6061.446306,0,0,1,0,1
pool18lc8uxyrnuurer7hr77xqh83cp667jazlghe2qetvzfqvxjtdqc,,18152.995765,0,1,1,0,1
pool18ml3ex5ra5wkv00vxx0mw876s2xe0058z37mpzv263872nasmv0,,100094.464117,0,0,1,0,1
pool18nx24xhkcewezxvrjgdpt9pgt69pefr85m8qa8fdjd4m6p7egw9,,93.505493,0,0,1,0,1
pool18q92uyx3973u3qt64nxf8p7us58gwkytrn0c3ed2a99s5uc9usc,FREE,200744.522413,0,0,0,1,0
pool18qzks8vdf0yu0u5ccf8aaj35q6zfutdcfgrssuvdjmgtyykr922,one,181105.9194,0,1,1,0,1
pool18sqt4qwprlt6ytg8pu2qpz262j9vhlzmtwn2fwvhpcnzc0u5ynw,1WJG,122776.350229,0,0,0,1,0
pool18v9r8afalh50l4lstct2awdc3zspnvurcs7t45nv29uc2mnxc6c,LONDN,36948324.809042,0,0,0,173,0
pool18xykgvvvxej2e5ap04ks72d8fdke4qsqeh30satznyrtj88634d,TQWS,7371614.535053,0,0,0,30,0
pool18ymc39pcf0v2mqc0sf7c9undd7j64ts359zc5674unzxqzq08wn,,11207.481509,0,1,0,1,1
pool18yvq2jh6z2dyx99fsqv68qfpeqgnkkvxeptkxmp4etnxjhfqald,,21224.641604,0,0,1,0,1
pool18yyhlrl22zagnnlunl5f7xtuw8vpcqf67lhgcvtu3vzkxuaqqzn,SMPRF,10306.619296,0,0,1,0,1
pool19042p8xye9udlgxgxn6n358hx0u0mjuegcwpxradk3vpkqgf54t,,2920.621038,0,1,1,0,1
pool19066qvd5dv6vq7fh5a5l7muzk6nc5fw8zq3w4tclyrhvjvlyeuc,ETO2,162000007.657118,0,0,0,812,0
pool190a9js7lk9lvmrngre7w268z9tz9xs9yz77audvw8ag4jerfdhx,307,13619663.455855,0,0,0,60,0
pool192zx7kwq6lj5tt8k478awnawhuwfc7534nya0zcu6xz9sxyp5nl,,8893.046912,0,0,1,0,1
pool194aee3y0gg2xza88p9ern5z0uls9wgkk8xutt73vvtedvyhegmq,,23546.835945,0,0,0,2,0
pool194usk2h8vcq6yw89xs5asrvw22g08kcfy72xyfrnnkg6qrhtlfw,AUTO,760582.431752,0,0,0,11,0
pool195gdnmj6smzuakm4etxsxw3fgh8asqc4awtcskpyfnkpcvh2v8t,SUNNY,33549816.951041,0,0,0,249,0
pool196e8g7evuyf84jz4gr6f4xacudmupxs3ad323krx9e4xse6cf8y,,6112.013741,0,0,1,0,1
pool196kpy0628pdlm0qpedsnnnctrunyx3cvt0ugalrj4a2mxr72uk6,,5798665.984695,0,1,0,48,1
pool1980svf2cxnfy66s5jgjv7y22xud75z9kfe6n0c3y54s62w56435,HYPE,503534.801418,0,0,0,1,0
pool19a88drt8dx3wu29e85vcl96wjsjt9vlnlj5tr4ydjqq86sfa84w,,984124.550022,0,1,0,7,1
pool19ae6xhzsscypyha0sszv90xwjsh20hxecxjpcqynshfawvwxqnn,GENE,6446348.40089,0,0,0,46,0
pool19asxjgd6ah9ddzauwede4wpt9vsp6s4ax5nz297wt47evc9sn7z,,497.454657,0,1,1,0,1
pool19cafxx4elw5alcufxs6szdx4a0fsq4kgqp3xmh4q009rcweqk93,APLUS,99.823411,0,1,1,0,1
pool19ejln2jcpg5dphc8m5nh8sya49sycsqj0v2cjxw6nku966cc8nu,POP,54964406.105711,0,0,0,408,0
pool19ek42ve9hfzkcue5q3rsnudpwwujpc67t6lyq09tjvwg62htfj6,HYPT,11307.517675,0,0,0,1,0
pool19f6742plmyxw4w4tzhew003q67cf2w7c66v28mtk6f7fxf80ak7,,516.461389,0,0,1,0,1
pool19f6guwy97mmnxg9dz65rxyj8hq07qxud886hamyu4fgfz7dj9gl,BERRY,272387.774547,0,0,0,1,0
pool19frt3kaxxk4vr4x3wnaapntu0ul0dsesu77wfqaawc5h5ffgfgt,,2919556.857002,0,0,0,21,0
pool19ht066hngsjfnv3mfsc8u9fgzl4w5qcrmh8l6zppwph6s2t7jn4,4GOOD,4842964.195768,0,1,0,29,1
pool19huja8uuhc98rxajduh7yexg982rt3qv6slwpf3r7ug5ke37g0g,,797462.442052,0,1,0,9,1
pool19lz8nyz0jjpdrdtnjaar4untk4th23gpg5s7aegn7480zff4vgq,MS5,101496.148116,0,0,0,2,0
pool19nrqgmwwz8xu939ulpskuky2qq5z36v4jtnwcs69qr7xy4j495y,IOG13,113727775.176586,0,0,0,839,0
pool19r33az023gn3n8p2x35hq00j2dxc8vwln0nanpcfuvc8759cvkz,,5695831.00233,0,0,0,41,0
pool19tgayrt6zusdfjgtpga5mxjh6s4ep7t7es8t5d6ee4u5qtf65n4,BGADA,60444.132517,0,0,1,0,1
pool19tkfl9x2dkk07z43rvamftvnyu5vtcfatdpsag8phzqvgpdklqq,TIDE,8386.513666,0,0,1,0,1
pool19u2lzwnmkz3gqqmx9sahhys8nqvwzkl8dqu7m474m0zsj3acjfj,,532.61831,0,0,1,0,1
pool19ut4284xy9p82dd0cglzxweddfqw73yennkjk6mmp650chnr6lz,ELEMT,2219429.761893,0,1,0,16,1
pool19uynx6nxcdksmaqdcshjg487fap3rs3axyhrdqa7gdqgzgxss4y,JAPAN,68311022.571689,0,0,0,547,0
pool19vpp0udh6qtu5dv9dwssamqsttx7z7n9ml2wed67j0pdkck9vnj,,734065.125143,0,0,0,7,0
pool19wpsykyg3gy7s34kx36vvs4dfcv2anggmta372jdv5lgqx0gs2t,IOHK,1974772.476477,0,0,0,64,0
pool19wr27r3dqt77nd0qv7zcwzajw8fl3y0v69x5pf63sznuugg9p35,,76264.637302,0,0,1,0,1
pool19wypxkajsrhk9cce8me6yyp3cx2yvq3823nesqgn8d78ju8crwq,,1065067.331212,0,1,0,5,1
pool19x60wat4eu8sh42s05th8l4p6e9rmmnc6g2a64lj4npag7zj5cx,SNODE,202177.993461,0,0,1,0,1
pool19xhza3f7nye6j5p6stsnkpvadejztnqvck0ge3l2uy9gvsvy05f,ARUBA,24220.847217,0,0,0,5,0
pool19ygh8apuc2qz0u9kr4wj9qj33xhw70n7z286xll0g6ltgccuq42,GHISX,215138.903438,0,0,0,3,0
pool19z8vmgdts5lstk8z5lc8mgz3a8jhggscsf9cygvuz0vtuzcsxyu,IOG9,115837993.05929,0,0,0,812,0
pool1a205rushcdw9qrtduady7l62cv2n4twvfuhfzx2ywrjlvsuuur5,EUROP,72063.818251,0,0,0,7,0
pool1a2gt2mvuf5zvtqlvw2xgks2efze3p4r985ft62q64lua7gx7lal,,1568617.044949,0,0,0,9,0
pool1a2nh3ktswllhwf07fjahpdg5mpqyq7j950pyftq9765r6t4cefl,OCEAN,198499286.484774,0,0,0,1610,0
pool1a3kdettzvvlqvkl9m9hwe63ggeq5fgvz0twqew5c62dzx99vsed,LEAD,6930243.350042,0,0,0,55,0
pool1a3u8zuz7fqavxgl48s8k37w8w6njk7zevlzyfjdlzxfexjcue6a,AAA2,16944381.475144,0,0,0,75,0
pool1a44zldps27avv82mamm2lj33mrrkqdzt39nyrgn5dkk3jtm0wrp,,478981.32573,0,0,0,6,0
pool1a58fg4u3mcr2zwyqlc4dqd6mnwqjmcussmpmcml9lrmszwedmfy,,37857.855379,0,0,1,0,1
pool1a5njhrg4s74vgynnae0hht04wgmcf75kwen3676jhrr5v3s8ecq,MARLN,314368.790804,0,1,0,1,1
pool1a600v0jd2z3yajazd80phln3exekumm7g56d9yvlrh6vx8dx2fc,POP3,68772447.525742,0,0,0,633,0
pool1a6ccp9fpgn40r2jl7fapjv3224swqf72z5gt4cgwctnk5etfjlr,,202128.631712,0,0,1,0,1
pool1a6v2wt0m8wjra80zuw00sfdxn4w52cna96gcaglzvred6gnsusx,MS1,159656100.8059,0,0,0,1122,0
pool1a6ysvnx24xsjh2f6ehgmx7yu9q45fd7lsk88v2swxkek7pkxtgp,VIVI,148858.163794,0,0,1,0,1
pool1a734a2f7kex3t9vh6f7rv7j554w4s0tgw324hkngeufsv92gzct,,1239137.542607,0,0,0,2,0
pool1a8h59e07dezuget96cqu7ehfqpkcf0ahl29vu6d06zk4uqltt5l,,206217.397814,0,0,0,1,0
pool1a9xyvnnfjnujzy0n2mpf4rztdwrssraw5p5f06mqlgn4s06z0nw,LAGO,928050.748474,0,0,0,8,0
pool1afv4cmmjdkujtd5r9t63090a3frwwqy8f3e46gz003vyzjcj63r,,5368660.612194,0,0,0,37,0
pool1ag6ae29hrcjhcjaqp56hwhwj9geszjerwqrkjz6xndmcq3u9k80,,1967.312227,0,0,1,0,1
pool1agk62kg0s9606v78exurl53mqsdu44d6qeuzypur5e7ku6gpgzp,,1845414.274484,0,0,0,14,0
pool1ahl705cca5twdfmml0ksux606t8vmuemu9vsnf3g94mm7lhnhtv,,508230.854504,0,0,0,10,0
pool1ahw4989fry5qhxemm5dy55syj8xy7sl0cvhycpcsxlmpsz9x853,SITG,421869.389848,0,0,0,2,0
pool1aknnep2aqnqtwkzqqs4jm863zl9l6j226taxxsp0x4jwsqmmuga,,24326.111414,0,1,1,0,1
pool1aksxtgqz36vtvnf3rrgrzz9qxrvjv4p2ukqcdyv5q66s5eqhql9,,2706.387384,0,1,1,0,1
pool1apts5675m9f6tkp4ed2jeu35azt7a0hxd3dypzjvwr2hxu6lg9a,ANON,42560.763144,0,0,1,0,1
pool1aqg6fvhcaulvss2ruvpx6ur9vj7pejvdcxv6xp0qlwuwx94evf0,SARGA,15397683.715052,0,1,0,86,1
pool1aqqnzaw54l55nxp5uxtjg8hpwv6k38a5c03zrk5uvuetxavluyt,,1007.62227,0,0,1,0,1
pool1arsqn9w87wpqlm0sre66gs79dcs0jmwulytgke3vut7u62lttu7,LATIN,2656511.540051,0,0,0,13,0
pool1auannagxeukfxpeajkntk3dn2nmgts89lvthyugyltcp2j8vcac,,1336.084407,0,0,1,0,1
pool1augg8mngjqjmxr8zypdqx7066f67q5cjcuwf738ja7csynadd99,IOG3,123010057.383967,0,0,0,934,0
pool1auptz0hsvg3ks2w4vutc9z9cq7wt92fyqzrnflq8ll2msg0tecn,,77735.16644,0,0,1,0,1
pool1av0amckqhv85qxctwg2hj4jcgdgfhpmvvw3c5evrkg9a76tr7jh,,792.010048,0,0,1,0,1
pool1ax6nusmcp8h8alsqmueqvxu46h37fmvfyr2y6w9l6486cy2rq06,,321.624382,0,1,1,0,1
pool1ax8znp3yeeh0udrr2vvtm4wkxjldwv4mywycn573km7fu20y5xa,,106567.821135,0,1,0,1,1
pool1axgtae69sdv7tnqru3enjdln0hff9k7n8awlh9xxzq92cdgmq53,,7.62,0,0,1,0,1
pool1c24g8qlmmhxrutsaus20dzy84vnaws2839ssqltcaqnwsa4ssy5,,167962.411036,0,0,0,2,0
pool1c25428845rm7sp2cja9jgahpr5kll29srjdzzh84pu84uzanqfc,,1166509.392787,0,0,0,13,0
pool1c4padx3e59x8wgxpsh3208rkf8fv4v6ez2rx503de93n2jl0njw,,102.422625,0,0,1,0,1
pool1c4y0lwrzus07c34py4x03juzqwa38zmvd0tc7ld5hp77qwpp5qe,,272645.652424,0,0,0,20,0
pool1c55n72ag3tz8g7rntzuu9a86u7eugsy008xl3xsje8kwgvz2vdz,,182358115.581967,0,0,0,866,0
pool1c7fwfs90r2v6z5zeyhkwhklfc3dcccfu53d7kstd3x84jurpy55,,84067.871098,0,0,1,0,1
pool1c89d4drtwn0048mekkdkzllz559ahnntxelyw2mppxnmc36hjlx,CLIO1,13955695.559321,0,0,0,400,0
pool1c8k78ny3xvsfgenhf4yzvpzwgzxmz0t0um0h2xnn2q83vjdr5dj,,1036231.134618,0,0,0,14,0
pool1c8z08q6vc9cchccnpa74672h3a6j98883ylc9c8uvg72krnf64d,,106181.588706,0,0,1,0,1
pool1cadtxkx0lkrq5refcn8p3ueujn4r0wvuk57f6efwflj22gg0qqw,,77608.791663,0,0,1,0,1
pool1calq8kjzrvp83l80rtvgmulausl99q4tjfkz2lp227vkymd5wgg,ODIN,143326.68044,0,1,0,2,1
pool1cc76kmtcpf6vht32ya5ke9er74dnpy4jh5qpy4klqwp87ygdsu6,,9478806.007799,0,0,0,61,0
pool1ccr56kt2f5tzjvztlkf8zhkpvaawkduwfye8ydsk646lz0m4h5x,APOLO,439669.989161,0,1,0,3,1
pool1cd7u9yenr0vkzh9kj7nhhy28ye289muhcdgnhyvz7r3z7jwcxl9,WAAC,878489.626526,0,0,0,8,0
pool1cd987kw92e3nmjywcfwfws79a09rwp0p0xj5mdtr39qukxgp9uf,,139552222.139708,0,0,0,934,0
pool1cduc7ut6grhqyavrmm3gzcdf4qfdsjk7vdwcxy9c0r5fyaxh2sq,POOLS,107878173.836929,0,0,0,824,0
pool1cejaj3e490r9ejf854k3pw0kagglczuaqp69g6g5jzyfxjxgn4h,Croco,99.442997,0,0,1,0,1
pool1cew2q6pge250exctkq26lyl0w95923xxa54thd79nv8xy9j3xe6,ARRA,2866732.116546,0,0,0,17,0
pool1cj2uh0ylps28czcjslnz85v2zyf8mld0w5tuqp3amxk4jjwfkgd,,36000.63877,0,0,1,0,1
pool1cjjtz6enkc76yytlf2zd86ngdu60e705vq7wq940ncu6506s6n2,,111005082.047431,0,1,0,839,1
pool1cl3fhy6me0nf5jnxahk997r0529aumt967kw4yml5vraq94mdk4,RAID,18758.843112,0,1,1,0,1
pool1cl5clj0cafajzcrrk5hvvr6lklfvl9tkyjeqygxcn36p6xs2m24,,1021.252563,0,0,1,0,1
pool1cl9scs64uu6u9ppuptmqj5cgd9ncu27mkxh9u6jf4stzut9jxg2,LOVE,10597.61831,0,0,1,0,1
pool1clruldef450wxs48hqc5jzms224k0dyekeyl8ux4aplm2e4gd9e,❤AUS❤,118361.180044,0,0,1,0,1
pool1cn0dqtplwf67fds40hgkf0u5rm4q4azev5qutmgkw5hdyvue2ue,NEDS2,13594736.784167,0,0,0,65,0
pool1cpzz6aqljgk97ks728xa76wqg96kj79ndc3gasx7kdnr74wrk70,7CS,284401.985057,0,0,0,1,0
pool1crprz3rdcwvfxmc0s4gxquh3qeqmscww2qfvpl93q52yyn7agsc,WOW,10637700.386509,0,0,0,60,0
pool1ctzja2cdwyeqnvehmrlclc5wrn9w9acwklk3acn73jrx56d66vs,OCEA2,148400747.910454,0,0,0,744,0
pool1cuccvs6vdlrxw67kwvzdx3gcl3ha0402mkhhseqmre7u7vdkwev,ADAGO,15877850.606273,0,0,0,151,0
pool1cuxntl7ppq6g9992cphc7t7xt6hghmevgu3u2d0tczps5hu6070,,25211.045332,0,0,0,1,0
pool1cuzhrcpp676p4u9yk2vrtj7utmq2dy4ey56uw6znml2f5hrpgpw,MIAMI,109731.601539,0,0,1,0,1
pool1cvc3grtt32r4vrlkkhy3jqc96x2gyulp0lenf4mq94mugnrywuu,,8.129095,0,0,1,0,1
pool1cvn8p93zzvargt6nh0s40fua8sf6t858d83m005haqrax6n4hyj,,494.281852,0,0,1,0,1
pool1cxd9pkptpkd6supm4dh0tlu9jfx63l4xjnn2fkvxk50y2j67665,CARL⭐,81413.438238,0,0,0,1,0
pool1cyetkjtz5ly62hrukr2acyw0t8x9fczn0lkw0ech5x6wjt6xd9z,LUX,419983.072916,0,0,0,8,0
pool1cyha5jsy6g06w699tw4awy2jw7gxj0azm38yzetr7zls7rkl0t0,PLUTS,127032.033086,0,0,0,6,0
pool1cz8pf6u3m9n6s4ql9nrgd5gx4tzflr49wcy0cuy5n4tpu00pa4f,IOG5,113754407.475019,0,0,0,833,0
pool1czg8a3gg33aujkkcf9wrnr8zf4qq9qn0rrkh04umrg60k0vyvdl,IOG4,121595445.011148,0,0,0,918,0
pool1d0vm9y545l3y2g9pamx45k4e498nllhd8wy4289vw8mt70am2r8,PLANT,97352.538821,0,0,1,0,1
pool1d0ze7l6t8gjng564zsfyd7uw7snenpsjh9dacawdpr9g27djq8f,DEVIL,2244711.658518,0,0,0,11,0
pool1d4387s7mszjkeg5w0xppzxdtzsj7aahfqdgeef24emyh70mccmw,,46096.646397,0,0,1,0,1
pool1d63tmq02tgtk7yd6g62p9h44w4xqdgz9y8jkmcrztfmmqga540m,CELL,18417.872384,0,0,1,0,1
pool1d667gxendhtww73876gztgal56zhyt57rtcmev4r5a6sgcrm3v9,,92924.855475,0,0,1,0,1
pool1d6x9pl4uz5daucpaql34ma2aewrxnlkcrkuahf9ut6ruxzakrw7,VapE,1386437.098307,0,0,0,2,0
pool1d70vllztcsgx3ku8h5vnukzz2a7lpzjxfjmuqqvxtj9kq27hygs,LIV,2387078.292597,0,0,0,15,0
pool1dadzh387unlwu37ek693hy9a7w49r22mrmrl9y0fjfhhqe4qtpe,CMINT,507.621786,0,0,1,0,1
pool1dcjycc5mvj9svh9ys482078mnqutu48k3zj7uqzswj7m54a7hzr,JUST,520178.809975,0,0,0,3,0
pool1dde9jvej6nr4yqfnnlx5ydn036zv7yr098y4p2qs7cvn2l3kuj8,PWP,152.475125,0,1,1,0,1
pool1ddg6t2h9kj6lqlec4ncjs945lzj43m3ggrgdhf5sgzhtygpkznz,FAIR,3063352.512022,0,1,0,28,1
pool1ddgcpgjcyawxw95se9x8qnc8gxgwjr4fqrk4vk6v9x47s0ggpjp,1PCT8,156156960.158048,0,0,0,1180,0
pool1ddghnthymd3duklvx5pfunymqg29xe4vlmy89u2efyjdktn33kz,BOOST,238354.409556,0,1,0,2,1
pool1ddskftmsscw92d7vnj89pldwx5feegkgcmamgt5t0e4lkd7mdp8,,66894.269558,0,0,0,15,0
pool1denmfptpdhy2vp8q92ttrmalf3kynyv7aguudqzeq83d7zpcaeq,ACP1,775727.071129,0,0,0,8,0
pool1det0jsa8huncdzmlxh4rtcn23vc4eks93544wla86shxq8yl99m,DJED1,1021.828486,0,0,1,0,1
pool1df9rj4n0t3zlpak7xnh4ue6t3yh9zlw7a02w4l8askp77up25rt,VEGAS,2321685.826032,0,0,0,23,0
pool1dfg7g6u6vvs4av77frff5f2zejznmjmvtewhxzyg5h3p5m3we65,IOG6,113959485.802324,0,0,0,876,0
pool1dgl9k0eq7hfj67unfj66sgqmg35pzed6fdrk7j9a2y6uuucfp2v,1PP03,2007.239216,0,0,1,0,1
pool1dgmuwu0txducah4pes4e2avlcv98wedml33kdz7ujtrrxk8xv9y,XORN,433640.206675,0,1,0,5,1
pool1dj4l8qma9zzqqzhsawdkvxrs7qyqyv70kn56ywdqqazscvcqvva,K9K,422666.679764,0,1,0,2,1
pool1djg8jsygtculv3q2qdrxtnpxfq003pdxcvlw2pvfupq7jm5xpgp,ADAAP,14674222.223836,0,0,0,107,0
pool1dkww2vlysa8lsnuf5rca979zdsyr3zvt59hu7e420yxfunkka2z,TRUE,7652396.01365,0,0,0,61,0
pool1dlctawr8q0c7mpt58s92el8dl4s987utu4z9tunlfldxjzzudxk,,317358.186519,0,0,0,1,0
pool1dlwh6hr0ne4es2xzprdhm3l3lw5xqwnlr8qc33uegya5ulv86wt,,2635463.753414,0,0,0,25,0
pool1dmqzwuql5mylffvn7ln3pr9j7kh4gdsssrmma5wgx56f6rtyf42,BNTY1,9748399.46849,0,0,0,87,0
pool1dmuaa0wmqrwwx467p48fu83y5w7wdkxf8xlgymmfc73kjy3vxg7,,10379.314097,0,0,1,0,1
pool1dnj75akz3rcfldvrjxxmr5fycvnnpjsenmfk8cg7zxlv2ntsm2n,,1021.652689,0,0,1,0,1
pool1dpu6kslgxlg3ccrwxldl8e6r7ylnq0yalafmucp0yc7k6qegtt0,FARM,691122.244247,0,1,0,6,1
pool1dqlgn7smehsnj5ztz8almy2036lfhrdjv79nmg9tmje0zzt620h,POA,3262855.804746,0,0,0,26,0
pool1dqq4ugkrkpwhray2z8jvk8nvnpnq3gm3g2stz4wmusap6tkuclw,,4444.685777,0,1,1,0,1
pool1drets56sgg0l5f9cld7zkjkthpjuujm8c8zwmac7wuyf56v5c3n,,1175326.452687,0,1,0,5,1
pool1druxd2syfrvqvepxh60fz0qhralcesruphh5atujuh0jktjy0ma,BSSP,3429071.685202,0,0,0,25,0
pool1dsqxx4ehzudlaygj5p75eptkdz3kzwcck9qrft4aq02a5vf8agf,,199397.529335,0,0,1,0,1
pool1dthnjfd48kvqsn52nmqpghqhwrn7k4lcfnfdycfmknqe5xpkjcd,,194217.899062,0,1,0,2,1
pool1du3r4a7xq60hg2x0wcz7lw5ya3qs74rk258c8kanp93rsqdqu45,,1001232.928638,0,0,1,0,1
pool1dum9ya0d8dufl3alf4xska5acuq3w4p2a6fu5v50jnh9xzexsxt,ESP,26706.95468,0,0,1,0,1
pool1duzuav0k4r8jx9hx7c3avpyr2c9hc4muf0nv6f2n6ea47e9x5zf,SHARK,154447.220998,0,0,0,1,0
pool1dv4yvcrl2kefasd4qxf8pzu695npqqfdzvlyauh2xqfhgf6ng8d,ION,72669.337248,0,0,1,0,1
pool1dv7s5fn4m9dee8ncvx5hktfmsnx6agydhn798rfdqjazuwr84gc,BOBA,1006808.280765,0,1,0,5,1
pool1dxkf7k3qwnpgpxqfye8y9jvk7lver3fk8dq7c4dpzezyyx8cf5c,SPACE,85694229.292403,0,0,0,305,0
pool1dxq8g3qvz0een52jv8yzagmq8ym9lxq073yc40mhlvm5skffhfw,MAGE,59665.076107,0,0,1,0,1
pool1dxwgzj66pual956mnv9delkelg873yvgr2dd8s279m0hxqvr475,APOP,65553307.739568,0,0,0,224,0
pool1dy7tz7eyf2qal2jcns4qwm4xqn34gc4rj9dz34kfs6zuju477k7,CSP,2179912.365335,0,0,0,28,0
pool1dye0sw6hv4jee7wemgc6dnxhaquuz7sxkktz2tpm2ekcsqyyj9l,XMEGA,60250.784387,0,1,0,1,1
pool1dzz5se25fp696axykcw6wwp3yl4fk44jc62yeflrquvfxlktldq,ACP2,4265029.566129,0,0,0,20,0
pool1e0v3puyl9385sp8wa5gqq0dxmj97f9cf2r4weyah6ahuvxenhhy,RAUSI,69881.40981,0,0,0,2,0
pool1e489239duee8dykj7ejx7dmazstwn6y6wfxc0kjaxw5hke5j4nv,MINT,1029905.725383,0,0,0,5,0
pool1e556526sqwugxwnmeumt9lhj5jukklg8vv3ynk75xt9vs7adr5y,CHEAP,48177567.631935,0,1,0,438,1
pool1e5efe78z67djz6juekzw2hqpu3tn9eaqmekdnqn2am6j25kmrt8,,3502.420645,0,0,1,0,1
pool1e6chrtr2p5ycvppuye3x82ytp84ycw0pes6zmkw972upz3g8wms,,2040682.734655,0,1,0,22,1
pool1e7lwdma6ke4vtt5mtgn72uxc26az7z7kep8uxcckjv7lseltjve,KING2,101882.239998,0,0,0,1,0
pool1e8hyjnlqpm5r7we5r9yk6n0kuh0l7f9w2dpylph6u4jtsstntgx,,1138759.366902,0,0,0,20,0
pool1e8vr85ank99g6fx2r7tjel2mh2jyfppnqy6nmp8vr0arys65n05,RELY,2238690.281407,0,0,0,17,0
pool1e98xlcgj80c3rdmm27v5hnvrdtut52e65uk0ema7ctfag596vr2,COSD,583106.32373,0,1,0,159,1
pool1eaetnqdddl6pw3my4urw4nlcy004pjpgnt3fpypr36qt2v8c6ck,,77.381127,0,0,1,0,1
pool1ec5lvdyd9dghpezzeqfzn48yvw34ff6u6m9tlh08kjjaxx4nxmk,RAID2,14152.64869,0,1,1,0,1
pool1ecvcst7k9eul4ggnljh0jw2s5nc2tyfmyzsx3xg3kmmz6ptgfwj,NUFI2,179333213.150949,0,0,0,1360,0
pool1efcy26vzdpn42c042ylynmx568m0csfle5yvkumh3v5xjhdraxk,,4697532.995129,0,0,0,33,0
pool1efj8td645z33mr8h0ww5y5s0lz6jwj7e54cj4mv44s2269r7d4f,ABBA,26511.176849,0,1,0,16,1
pool1efzvmtxl4n9z8ylegk9jhctclu44z7k0qg82mp2kp2ytqa9xgf0,1PFP,26381.344429,0,0,1,0,1
pool1egunxfppwtglyu3t864uq76y0zu05s7pjda3e9g95nwlwc5ye2h,AUSST,730628.623801,0,1,0,11,1
pool1ek2m5zuydqcgqv3s5mlh55tr8gp76yuxe4hj4s7xtxajyc94rx3,,847475.403064,0,0,0,12,0
pool1ekcsyzwexl7p2kwxxh34hy28l6772vrmff7jwmuxsa6u6fzty9z,ADALO,207417533.502032,0,0,0,803,0
pool1ekhy5xsgjaq38em75vevk8df0k0rljju77tljw288ys5kumqce5,SOBIT,37093147.946992,0,0,0,290,0
pool1el6ze57482qzf830l6h2y9uj0l9fr5g7xzur89d4d806y896vgf,,232149.596481,0,1,0,3,1
pool1ell3xjtspzzz4vtsatscan6rheltf7j3hh2s8qsam2h3jvcxzm9,OCEA4,132285699.537198,0,0,0,785,0
pool1enc9l2nealzp9sr7n77032rc593879faj6hqeny6f6h052eaaxh,,26046.892902,0,0,1,0,1
pool1eqc4jwuez8yyerwlyjwenh99dlvmn6t6n3qjym70ulf5u8xr6lq,VOLVO,282485.416866,0,0,1,0,1
pool1esgq3g4ll90ylfqg4rvdft06cdppyqc8urancufle6yrgpp5grw,,282524.160442,0,0,0,7,0
pool1etfar35l4tf6vam3gvqf5dnaq7levz32vgw4p00jzk7q7twg2te,POP2,56646183.012818,0,0,0,408,0
pool1evg78egp8gfqae273kvmmdee2dnt6vty60dpwdespg4hujznh3a,SQUID,7383486.145399,0,0,0,59,0
pool1ews5ryrhl5az8egrvun68x2wdhgvthxjtx7m380ksc6rzxkqz2f,,773186.635318,0,0,0,8,0
pool1ey3d522fefeuxvqrymw9l8wyevuu7my9t2uz2m0lmwfgjg060qr,LATAM,164429.221721,0,0,0,3,0
pool1ezs39nendjwjxwdq0wx79k0v2dfc2tv2ewgjsppd96g57ke5x3l,LAZ,25456.638002,0,0,1,0,1
pool1ezvjwn64vfune2hxvt5xklsmjq3qykm0mgt3r27zuveuvtehkdh,,6996.631208,0,0,1,0,1
pool1f22470gz0h9zvr5asy86p8gx397qq8sdz5yxn6998hc82h8ds04,,895850.617994,0,0,0,4,0
pool1f2pqecfn9x8kzgjeecyjk7cnqj0nyu84uaj2ptr0xdjr5w9qepc,,12073.951781,0,0,1,0,1
pool1f3ptnevzpgwjx32az75u7nth59gkqxe5h5qld86a8vm0j5jrms3,,480846.383866,0,1,0,9,1
pool1f43e2a7y72g8k8dszlr7d683u8y55dnrk4vt8k6dfsp32vx0nfu,,846921.649713,0,0,0,7,0
pool1f4lvg6px40kelh4kala6jxn6fnugtyhrtw6hgzgr7ar7ymtr7jd,,5005.276218,0,0,1,0,1
pool1f4rs6v0cpsqa09ueddp6hhl8xwdwtdqglvcuce26srxdwmzxl6v,LSS,1405336.119142,0,1,0,7,1
pool1f6cl4syj28u27xddddlqddcuhtgfm05fddypu3nslet9639sr9l,,267729.112602,0,0,1,0,1
pool1favrzvccjq5ctetwurtrcxe734c7zlh60f4d62av6art527tssd,,191658.633129,0,0,0,5,0
pool1fd8qnudvhz2hanlccdsfrwdxmmwwfryalrmy6a6y62cgqfx3ujz,MOST,195069.683904,0,1,0,3,1
pool1fftlhn68f3lejs2u39pcd5q33zgwnlumrp20dr6cqqkxwyuft2r,ARKA,185258.958114,0,0,0,3,0
pool1fg42yz0qpu5jd0gd3g5xty4mm6jdxkje8szag8h798nyyxw6zd3,CCJ3,70721716.4399,0,0,0,525,0
pool1fh4sh2telea0tfdy39h0drx6uq566yt9gf24edpz7335sclx39z,CANUK,16179647.145842,0,0,0,81,0
pool1fm57fshvdlrgs5pnpk78tnxha0me28equyy96vj0xm85gy5chv0,BANDA,240097.372358,0,1,1,0,1
pool1fmykj5jqxtpxu0285209ar37taw52p68q87nmg6vpckhwrtje5w,,1454025.949826,0,0,0,11,0
pool1fn2e64q388nustgn7ca0tangxa29ta5z908cq2c5nztj6sntdsk,,1025.072966,0,0,1,0,1
pool1fp2ds5467a63k60r4sla6h8pju4q0z92h82hvqqv782vqqe4z38,,791616.172178,0,0,0,8,0
pool1fpu5xurq3jx5rn626ejcx0dzzzk5lmtvdl2qkj9l4kw2sjp50dz,MS6,105217.099147,0,0,1,0,1
pool1fqz8zaqraqe3eyv9lqhldezftljshsnr0g580ykjprjaw0h9lmu,,1986913.657649,0,0,1,0,1
pool1frxut5ury0r2clgpvr0dewlsvc233ft7g6v7vx8msepy5068evn,,698.292896,0,0,1,0,1
pool1fs2m5rmlx66crcwwrrsf2pcxjhvk7kzdurcqusd3v5gm65cufnj,BIRD,42790396.395768,0,0,0,209,0
pool1ft4xjlz9uw0r0ewcgtkgeakqrfc5azxmxwsm5pt94dv67mw4rgd,1LOVE,2866314.046215,0,1,0,22,1
pool1ftfgs9lp0l4l07glvemrzu86pqvxrvzsn85lc3hathlq5ddsw49,RAID6,42929.299954,0,1,1,0,1
pool1fu567g42mlv9f7enek7zeh94c0aht98w44du7s29t0elzd9yazz,,1207860.271065,0,0,0,138,0
pool1fuzqy5r9x98826zv6wp40tr27uplemmstkd57cuw8jh5v5m90vn,247,2223103.726185,0,0,0,19,0
pool1fv9f8phzn7hp623ypw6ctf73a98hd7nrh8wm7glpcuhf64856g2,,51254.972465,0,1,1,0,1
pool1fwg2x8pwwxverf0wqtk3pnqtywlah9em3ywyvhskafvm5z3e7kr,,1598.443569,0,0,1,0,1
pool1fyp482ntshhm9zfz4nv7pmsaeakscf5mnuzcxuvtqf6t56fc7l0,KYSN,52660171.786614,0,0,0,293,0
pool1g0hsnjnt0du3kp33gjua3npncngr3yg4ak2zfdhd4zvmy6r8hyd,EGGS,7734871.135629,0,0,0,40,0
pool1g2htk67ngtrw5mz6npgu3tugmcuqfgu0lxm8m26d7x79w75xupn,,750553.039824,0,0,0,1,0
pool1g36eg8e6tr6sur6y3cfpd8lglny3axh6pgka3acpnfyh22svdth,,678135.037489,0,0,1,0,1
pool1g535x9v4m6hp8j6emdr287xrfjyvezt4d3tnzr4fdkxlq429pqm,,50007.643786,0,0,0,1,0
pool1g58rl2yvgf3ewek4psqjlh77q8z2m9f3rjz4mpf0zemmvrmn0et,,117536.994369,0,0,1,0,1
pool1g5gmej3cj67td4pmvmacnls8nuq0gjld2pwfeg3jwpxujdx6lmu,,22497813.548202,0,0,0,232,0
pool1g5k0fks847av9zdayg05htnj8wx0ah7jmnwwqlt63rjdzyjr93n,ADAMS,312724.326661,0,0,0,4,0
pool1g64l7ehy0cgvendsekuu7uy5s4zcl5yfqkt7jultw3y4x8qnlw8,,31098.138393,0,0,1,0,1
pool1g6g2d09le8hd6nv9jhyavewdnw8tu0ndst4lqysd00ru24cav0a,ONYX,2504682.74458,0,0,0,37,0
pool1g6rm3p7695z7xfhp629hcsj09njun2fnsz03pjrshw8rgs7pluc,,28662.575565,0,0,1,0,1
pool1gclysx2h7fndj0jdajlmwvqr8q9tzu3rurjknacu0ff954fsg9a,1PCT0,203185199.154469,0,0,0,1565,0
pool1gglca5t7h2tky6jrhp08sxsf3mecvh0xk6sc4v3mcpfzc8jwu2w,,72917.818903,0,0,0,1,0
pool1gh4cj5h5glk5992d0wtela324htr0cn8ujvg53pmuds9guxgz2u,LAMBO,492.210058,0,0,0,1,0
pool1gjmerqh4wxl553enqeqgc6m3r3gt6yspdg29jy6nuypa6k2tpdt,,171358629.917322,0,0,0,1243,0
pool1gkv6unq28836849kqyv9qg2j09t0qx03hevusuh40nzw6wumhxj,POOL2,17654.600172,0,1,0,1,1
pool1glw78uuh552fkhu9v236qla6q4xef7qtx3z9h6e2mahhj5c392j,BWS,332646.786288,0,0,0,2,0
pool1gm4mcrf8mytfetsj6ykulrmv4j70y7fhceawgdg2h09t5rtt7cf,ALTZ,1922714.463334,0,0,0,13,0
pool1gppqnqfguctp6gu0q8l5wjhye0ny28yzfx93hkr384cfsezru0f,CAPEX,36963025.951398,0,1,0,78,1
pool1gpz25s2aasmqnh9tg8a2rxmyxuvmj5s779htxk295e9ajnzjflc,MUGGY,3729461.327321,0,0,0,30,0
pool1gqf605yxhmyfasdjhf8yxcesztgzuek9gfuvy2dnyj5cyp8zga3,OLEUM,2042553.6981,0,0,0,16,0
pool1gqp9e65nqy0q08dvqst6mk9fyc96sdels5drncsdz5d82dpw5gg,,1998.13423,0,0,1,0,1
pool1gqvrgg7zycvf65ydkjeph72t0yx0f5ykzd9f477zh4f3smwk997,SAND,3981759.760843,0,0,0,40,0
pool1grgycym8cf0xmgjjr7gx7udmkpu93hqaygysy5myx6ghx8dvl5r,THOR,1123693.524264,0,0,0,12,0
pool1gtphgrdj8sluxm9e7ca2spcwcq2p0dxj9zf5v0yv3gsagzq704n,ADAFR,44018723.080632,0,0,0,331,0
pool1gu33fszp9ek0w9fkdt2xpnp4vznvvv2vhktc0dypa8fr53lc9pc,TESLA,676754.842434,0,1,0,11,1
pool1gvydgpt2nt6zchvt6fyc5h3w5g24nrrw54tskm0mkc6hqh4ye5n,AP050,497.030287,0,0,1,0,1
pool1gwnu7f7qgaruxph8gn3u28qphvquvnj63elyd3r0nndacj9g9pa,JAZZ2,66962927.505117,0,0,0,475,0
pool1gx0p2l057j7pkrcft7sccvqag5ccyjhrjmc4vhn7g2w366u8ye0,,147.845177,0,0,1,0,1
pool1gx2pz27mgupdqynr54s57jrepc3n28yx0wlx0j5ypka55aan9qx,LUCKY,2902600.53533,0,0,0,20,0
pool1gykaepts27lu6njsruh8lpjklulczdh3ywdpkp3a2sles6zg9e4,,1096.268755,0,1,1,0,1
pool1gyvjd6n3t88lyyhzd8juqg0fnzq2kwlmnrggd4wghf8r7wndz4v,,350806.346575,0,0,0,4,0
pool1h0524mtazrjnzqh5e4u060jsfk8lpsqqjfpa5gygjwuhqu34wvt,JAZZ,68087074.378716,0,0,0,487,0
pool1h08araxldht60j00vp8lzllmwyevjwqd5zwyprc62536gk4s5ge,,318037.494173,0,0,1,0,1
pool1h0anq89dytn6vtm0afhreyawcnn0w99w7e4s4q5w0yh3ymzh94s,GIVE,4427646.871585,0,0,0,77,0
pool1h0jfkyfqt729vxhq8ndxffcqn2afjhzzlwqecrvsufgu5sag0sj,RAID3,403518.847905,0,0,0,3,0
pool1h0prd5vcdv6uk7hglztdcqfp5czjqxdydxkxkdhg8rrk22mr4ym,SIGN,482951.199475,0,0,0,3,0
pool1h0tfxrhgvx6g730dunefjqn44qxxka3hfavjakuelsa6y7k0e7v,,93833.508413,0,1,1,0,1
pool1h290edu6y50y09ulac7t6krculahk9fjwzvx4hqeqc7l2ruttku,LION,872260.991764,0,0,0,4,0
pool1h2l0q2ra0vh4ccguf69vjv7lyreex8rxx4l6qhqhnyn8c3syppn,,1466.424888,0,0,1,0,1
pool1h5jtxde8j86qrnqzj32ugn480u7gw5xw8wqy5d227rl3vfg58qz,PEACE,84415.42837,0,0,0,1,0
pool1h5tldkcwftpnnwj4ygtfd8ts6mxkcv0qyes9tum9hxx27zrjzpf,ZION,202.298836,0,0,1,0,1
pool1h5xdez7j0ncewgxs4m8fykjt9jzuy86t8e0m7m7m2l79w4jzzk2,GOOD,241.492529,0,0,1,0,1
pool1h7eevnu53zdfujqfzldw4jgdjh475u0glvtruwrnmdmycn6jdzs,,113590.728665,0,0,0,1,0
pool1h8hmvm4sajcze3cqu5jpla8gfjdzwf8ksd6d5q7v08laxahp5ym,,2038.419367,0,0,1,0,1
pool1h92047jmdgtp4ft2cw8gkf3a5745vffca97ay5stt72rkxm37kl,,19561.113384,0,0,1,0,1
pool1haa55x30sr96zywz8czjsr04q58797klyesw0g50z4jzj2sz908,BLADE,75418.056065,0,0,1,0,1
pool1hazdxxruhhvgwnw2rac55cg8hm4xgf6ny2zfp0qzersrskv27tf,,601.038078,0,0,1,0,1
pool1hcg8sa642l0xeygkzvpgn3sfj5s2yeuzpws7a0gypyy7grrjcje,,1939140.95197,0,0,0,21,0
pool1hdglvd3xn5m0glqx3l8cy73ajdlxzn7ztlvzwuythj95kwnmvwe,,4847781.606699,0,0,0,30,0
pool1hdug72ukeepdxqxz0new8e3nhq5cykkn3prky9wgrz5tgyf4ty2,,74312.114063,0,0,1,0,1
pool1he2mzyycwk9hsp8hp2yr0fn808yzrs3xsdm6gr3qvfjm2z58zm4,,36742.974524,0,0,1,0,1
pool1heks0vmxkfka2amg9c8yn8qdsxvgmzelfx6jhpfkj8ht5mn0r2m,ADA,2517415.347862,0,0,0,14,0
pool1hfn7yuwfyhmmqe4qpaxfewuly7cnemc6kqkv5npytj9vcrskh6j,AMINT,544949.154294,0,1,0,5,1
pool1hg8vu74hyaj5qm66ys83c0gmr44j66g2k8s9sns4htw27whsqwf,FUJI,5695.431217,0,0,1,0,1
pool1hgmjxwpx35lhypdmyx4l40p3ay5hnq6rtendk397lzhg6e9r4sc,,797.630894,0,0,1,0,1
pool1hhlzudyzp80xch7r0vamq58hpdnspagutvgqwptsmr0tk2425vf,,28749.777028,0,1,1,0,1
pool1hht4pctn70tqdsd0zwuxv8d8cz6l5scjzaquty7vamyzy78eqvc,ACL,25406439.449496,0,0,0,192,0
pool1hjjj584gq0ynqf06g036a4a0stpm90asrdfskpasqjxf5948ygv,,5790454.843324,0,0,0,28,0
pool1hjlkmtquuanfvvumfwsu395gdrmt36kda0x6wwwpz4kqctg5lyy,STARS,23957.119623,0,0,1,0,1
pool1hkklrx9ac7w57d79mnv76rxlgq4acg5ecwhyep7k3zn0u5cz2k9,AZUR3,885069.968643,0,1,0,2,1
pool1hkpgddlnya3pgktj3sxdraa8x8400vhaphcudvym9ye22esak43,ISP,43774077.732708,0,0,0,295,0
pool1hl9tn0qpujfss69h6jr3wepc0e7tuczchpfu7nu4ma006u5scfw,HISTK,7242.769751,0,0,1,0,1
pool1hmqacjztzjdk6pesvaaa7pekpm2jd9guak9xtzvtjxjcctwcypz,,1021.84965,0,0,1,0,1
pool1hmsu89xujecvetms68tn2ehfmq7yqvgl6xsf796z4v9ukzdqlp6,,662783.758583,0,1,0,6,1
pool1hn7hlwrschqykupwwrtdfkvt2u4uaxvsgxyh6z63703p2knj288,,341226.352398,0,0,0,4,0
pool1hnp560z9e5acwux8tjguxq36j9r255zuf02u7z2d46dvcf5zhns,LCP,4855096.676455,0,0,0,32,0
pool1hntu7agmt8u5j9c20ejen7dvq0jfkvkpnul3mrdd8tppqvwfvt2,BLOOM,168763097.566033,0,0,0,1060,0
pool1hqemm6x7d4w89yjswycn3tckze7a7mcw9g458pmuggy7jm26m38,NIHON,421793.477487,0,0,0,4,0
pool1hsq2jrulgj97tna2femdhsfn2wurkkwt8uk9uvs42h9zs0a783p,JAZZ3,64764163.299429,0,0,0,452,0
pool1hsrf8xr4cysmyt0570yt25vjah86773vc99h8ps8r57yvfrf48m,,3.869934,0,1,1,0,1
pool1htf4qwm5t82mefqkns5p7d5w30rk8xdduty434vchq2hcvwt6ka,,234720.461095,0,0,0,6,0
pool1hthm4hmqj6d9anzu6sxngp2fsnz6utgqztux5p3hsnj4g22qdv4,RAZOR,75360.020317,0,0,1,0,1
pool1hup05mr0g5uq3ng2xd4qpp83dhfyssxruunapthyumv5x63krug,,4133991.710274,0,0,0,19,0
pool1huyzkfxwnttj7r4530hv7gc5v6mzk75vuzysc75aemu85mae9vd,TOSHZ,707299.959114,0,1,0,2,1
pool1hv3yae6keeeu2y7eusejx4swd2myfkurldt7lasn2qu4xk20j8m,BLESS,1349114.444598,0,0,0,5,0
pool1hvcgam7eyh898u5q6afqqwkvh5tyek2fwctwrhvtgusgqkgkpz8,JESUS,1637.373368,0,0,0,1,0
pool1hvxm77j5xuuzx4avrn2jk7desqsr3pxqskfytpxz0e24qjtqayd,,2.47808,0,1,1,0,1
pool1hw3cgyx7tvxh2fpd46k9sqgruu5pfnzt4nxuyv2w7nlmusutda2,THREE,3130117.989888,0,0,0,13,0
pool1hwlghkwnjsjk8370qt3dvp23d7urwm36f95fmxcz3np2kghknj9,PEGA,53889630.594372,0,0,0,433,0
pool1hwnl625swgnlp5w7e8dqz0chlz3kl05tm2lawwy8xq2l5uz5h0y,,500.0,0,1,1,0,1
pool1hx6pg79jq9kxvkzcr2kywdrwsjtys8dyt04ay5j60h0rjtxxkng,,19040.358325,0,0,1,0,1
pool1j25x3lguq95gp0tt8ng2nw3fz9ea2p6a89vmgffdw6h0zyh66a0,IOG19,122277221.21699,0,0,0,909,0
pool1j3azwphh66wk6efre3ezjjw8mqljqmnxe5qr9tyfmjdq6eqe5fc,VTRA,177.935758,0,0,1,0,1
pool1j3p0kuxz6krf5hh33k3zxayvxh9dgmasq5fvndfdl4rjgsfhmzm,,1211.928757,0,1,1,0,1
pool1j4kazqs4673dlq07pfwnqm6zmaga99as9ktv2h9k02f7vtrn85q,,18457.089516,0,0,1,0,1
pool1j6dh3ynys827j38976q0q3s3c9hpzgx40kjcq4472h6m7d3t0hm,KIND,2738141.62688,0,0,0,4,0
pool1j6zqawj6f58lp4p00t26eqe58gxx4pa3cudlzpkv23y92nlxjzd,GURU,25900081.496442,0,0,0,166,0
pool1j8nnq9j3ngh665tyxsfkjfxlqprj0ftq5aj38mlx7svhj0wm5s7,,20040.000383,0,0,0,1,0
pool1jdugquum6gvjjaknfmpyte46cszneu8xar6wj6c4wsfaqlgnhxv,,462101.632983,0,0,1,0,1
pool1je2n5smmnyn3lh92xrp8nepjyfp596ypga6pmdecwtcrcj9uvec,YOADA,277818.580748,0,1,0,2,1
pool1jeu74g86ys4fekhykqcww99kdsq3nlym8a6kfw8s8ff3vskad70,KAIZN,111261411.59452,0,0,0,680,0
pool1jezf7dcx26edfpxmpuh05yen64a9cj44xm2ggsapcxrtqewfek2,CURRY,1463539.094772,0,0,0,4,0
pool1jg3fmnmc9n52sgzslhhvhye5e3xeqmrwkekdhh82sma47r47zg0,NUFI3,191162798.895097,0,0,0,775,0
pool1jgwu8lq3dqddnnx7prymcgcyrqy0fdlghg33he2hmw9t2gma3zd,KIWI,2394406.350667,0,0,0,68,0
pool1jh4caf4afnjdgne8m95addh93e7zf6zlnx0pk5flcvylsps7nsp,,999.825743,0,0,1,0,1
pool1jhh5u4q6r6ym8rl7lcf9qc8lgsds8sxh0kl6lajkh5wkgkq6efy,,483344.879398,0,0,0,8,0
pool1jhzf2mm6zdlhl6w89uhgx8nq8p6ykcc86qq58vjy0ejyxrrksfj,LOVE,39149150.451987,0,0,0,617,0
pool1jjry6f6q0swaq457ft9eclaxaskvrxnpj0v3w8edsyfryml3vj6,STACK,54386233.827517,0,0,0,416,0
pool1jk25l2pejpdzq8vdjlxrr05th49v9tgd78fqrtxvuw3rumpfc6t,GROW,2011399.4982,0,0,0,15,0
pool1jk9na2mu29wwap6pprs0c98j3rvh4jva95f5m3hxnwq86tk9c0l,富士山,2400.523664,0,0,1,0,1
pool1jm220zs5txnxe6nt89hajtm6hwsf902e2dwjrtfuq33uw835g65,CHAMP,1879033.586084,0,0,0,23,0
pool1jpezycd8q3l6a255dv8wt7vpt4aay8llqakdn7vkum5swes4hu3,BOLT,65332207.151952,0,0,0,65,0
pool1jpz5m45ff4r6tnq7n5tw63fkhpmw3cyv8sn569w24x8lj3kl68c,ADP,2778787.230649,0,0,0,7,0
pool1jq3s8emkm332n7vd3n57amjzspvt3hygh4wqsyp33psugvw7zc0,,106377.807013,0,0,0,2,0
pool1jqdvgk0csfnwftkzn6vyz7fq8s3606uu6k7wa9xrn0jpzg4r304,,26104.278621,0,0,1,0,1
pool1jqw9cv37w0eewvdr36w2kacd2w9wh5uwm2y3vmc0fmdfc0ax26l,LIX,1753049.425645,0,1,0,14,1
pool1jr90qgglajrga8pftpt6eevtrpxnznjkg7gvrqnehm64qmg8m7s,,206695.287369,0,0,0,1,0
pool1jre4hpk3hwzlzh64nfsjkhe6gp4006sy2v8ktqre2qth7uswrtf,,1797410.783131,0,0,0,17,0
pool1jrsmda62uar63wrndmdg3jupdtmmtsxmnqt66r3mm33wj2fd2yh,,509.766415,0,0,1,0,1
pool1js570lkcs6t3pwsj3eda0zz43mc5gm922ae5rdxcfn84gu5uyrg,ASSET,2178684.14345,0,1,0,90,1
pool1js763t3yw63ffsxqpume8974z03hdlm4nddnezhfla6dskln37v,MYC,14669.772329,0,0,1,0,1
pool1jssdknzgsg4fm3v70uvhrtfjtakwpr5q6x0dwc0fcff8wtd05f6,ASAP,14517.62029,0,0,1,0,1
pool1jt7d6ak3m8gnjyxtuxfswe258xzwda80ndl0a57vv5m2zv8h6at,CARDs,3729431.950196,0,0,0,25,0
pool1ju00mkurj9t920staddyd3ln9r98kktx38jrer0zp82eg8x36jf,,114.848902,0,0,1,0,1
pool1jx4ss2zjage3cw0wht3450328y82yeprmq4fr3e2qtac2rhezkv,ZZZ5,163957456.673106,0,0,0,1258,0
pool1jxddxmgd8w7wv5tqjuv7cmh5qyegwwzt6sxjt0pw4ayn2u53ret,,505.846488,0,0,1,0,1
pool1jxjshdtfcpks5fuvhwwt642pr9jcee74n64wd02530c9s5laa3w,,121866.905771,0,0,1,0,1
pool1jxnv58m436f00fs0k4djc0ap4ehpgnfp6p284j2tqaamwghujek,1PP02,2007.239216,0,0,1,0,1
pool1jyutduy73e5u9877uns3k9rm0tf4r24j8lrn4xtkjpl3q5sn5mw,KOALA,3730453.000534,0,0,0,34,0
pool1k0d5szkmzsw6035ytsm8dv75d4ewu5gkm7c7dhsjug9uvkaunz3,,96.634341,0,1,1,0,1
pool1k0h45kcsfynjfyplgn6qpaw40n3cvlcrdryez04x40ayq6w9dgh,,7.054091,0,1,1,0,1
pool1k0ucs0fau2vhr3p7qh7mnpfgrllwwda7petxjz2gzzaxkyp8f88,POLY,1840239.438518,0,0,0,11,0
pool1k0w7n5rfxdzgfxpy8x6t7zfy6pfwrp54se7ezhxxed2x7mfmszy,,1069772.869418,0,0,1,0,1
pool1k0xa8wlsntmjhtw2shj3tspqd4kjyquw9tuyx5s7zz5jsyw4y2p,WMOPS,10263214.463365,0,0,0,39,0
pool1k0xrqp03mn9u3q3sadndd6vu9udl5v38xpzyw0shm8sskuxw2av,JP2,57751509.363975,0,0,0,462,0
pool1k3q59pcnugrhmlr37kdrhfu045pwcxmuram8aj7v225wxj4r3t6,,107730.468579,0,0,1,0,1
pool1k3sjc2sypvtrgne7gc7mlgv5pfu2pn4zdlyky9tkxzmckcp9mxr,,2695355.87579,0,0,0,18,0
pool1k53pf4wzn263c08e3wr3gttndfecm9f4uzekgctcx947vt7fh2p,VAULT,668811.141587,0,0,0,4,0
pool1k6knum588fm9fe5tmljeytyx65rv6h5jn8au824t86zt62nyd9e,ZONE,1906915.480145,0,0,0,146,0
pool1k8l84smxjczp2mpqmn7qsd23j7h4vd7rwagdscsrjecvgplkmw8,,1.0,0,1,1,0,1
pool1kchver88u3kygsak8wgll7htr8uxn5v35lfrsyy842nkscrzyvj,STKH1,36335962.16331,0,0,0,518,0
pool1kcnh9avc9jgelajcja7y6wsvjdaulkqj02azcszjvm3pwmksr0l,MS7,100007.089863,0,0,1,0,1
pool1kffetqjt06qvk4995tz3e3q9h3c8cdq9eedrz8qr3ynnc63qckz,LUNA,2524472.100985,0,0,1,0,1
pool1kg7zjwer5uf5n4epd8yqf4d336mk5e3ncv7y0jus6ua8uqkc9y0,,1021.652689,0,0,1,0,1
pool1khgrpe9tann7ywfppvd0zn46jyd03yqnaea98hnhqunewechx5u,,1863033.25211,0,1,0,16,1
pool1kjd9ff9u5ytq4atavv2dfsg3pvxqw8d50642pzmpn386zel0ka8,HASH,18298385.356306,0,0,0,146,0
pool1kkfkdces5mdcyc9dn2hgg3463jggjvw3h89nejjarkz25uavaqu,1PCT9,61303699.465481,0,0,0,485,0
pool1kkmk9dnzrrjtnsejttydecmq63x4dpkln70yfledaednj7mf7rk,LUM,1870546.952281,0,0,0,13,0
pool1kkwd6say8twq3z9e36v57adw02j2x52ascd6eumxy5zd66qm4fa,NDE,10090331.724679,0,0,0,76,0
pool1kllc67fn00yqpffw8e9dqnlcaa733h9u5nwx97vhtjlw2t5e56j,KEEN,84060.956404,0,0,1,0,1
pool1kpzak79fd84mvntd88r8yu0xc624kfaadkyflnvppvx367pympx,,192.622455,0,0,1,0,1
pool1krznhwu3h5pu2stuslr53z5rme50t6384macsmylcnljwc7yjky,LEAF,34223399.491433,0,0,0,250,0
pool1ksazs9mzcuyr3mfrvw48dc5wkgsjceztakymmv7jpxle7l2nfs0,TOAST,67780754.741673,0,0,0,88,0
pool1ksh2u6kktx74ugv8jadrdqttwyjz9074ke82xt6j0qgfvdn43a5,,1657343.674465,0,0,0,4,0
pool1ksh2zpeeqe0rpcug63up5l66g3kr5vf58jraeun82rur6m4g6xz,TRUST,863536.571504,0,0,0,8,0
pool1ksrg8a964464las0ymw88slrwxkychjz9lh09lqltu5m7nw3pq0,QUEEN,26339551.9067,0,0,0,167,0
pool1kterawv22xya864tqjy9pq2ftmuptlggywtqt3p7adexg7qyl6u,INDIE,67033766.512811,0,0,0,105,0
pool1ktgug7wwf9k4hcsuk68ftkh8xs5n0333fzxyw9sagz8njhlskgm,TREE,1456530.09402,0,0,0,21,0
pool1ku2ppcx5zgas98hfrl23xtak8u2wj3hsy3hglxhg9xp4qck5awm,,1177856.964672,0,0,0,6,0
pool1kv53mzjwqjp4aw48rczj8vm6hejwfnfwa634czyx5tw5qq3tata,GRC1,33975.670788,0,1,0,1,1
pool1kv6qdpadzd8ttf7x60urh8vv3k5v2th4uss6szpp9d5cv7ylf6p,,907.423857,0,0,1,0,1
pool1kvd03hq8kp0hnxq9lq598a5amrvauj9m386rwx7ydawvjdskwnh,CAKE,1909709.371976,0,0,0,22,0
pool1kwj2h633h4jxqs9jw60hdk6u20natf7rfux0sp65xl59vh5tytl,,102.625306,0,0,1,0,1
pool1kxfg47ms0mlszthp5j8uqpmqp6575j0nfusqne5sd7ggy3ntlsz,WAVE,3101.085346,0,0,1,0,1
pool1kxzfswkhgcmyahh6lfjpy5uxh75qzsnlyprh3450av9jghsda89,,12.621038,0,0,1,0,1
pool1kzf7zw2y05e7lyd7ht0nluh39fzmurm2wuvshvut6l6twu0el44,キティ,2500.091271,0,1,0,1,1
pool1l0pmgdsymmdntuyan4snj88q8nm9axemwefu5ymkuq2s6gr90cn,SWIM2,57058155.797831,0,0,0,117,0
pool1l0qnutsvgcljl9nrkf2gn9hwffg0uss22fuwtluv6lmqqx33alt,,16481.254535,0,0,0,1,0
pool1l3fvlzadk5hg78wy3e304s9t8tjzxnu962e2fl7tq8x2yg3mz6l,IOG18,158802509.16922,0,0,0,1212,0
pool1l3rf0h8s6fdw8g4vy8qg7fw3wwj8jdm3hg0wwwycnvj8xcl2ps8,WALL,28956.80954,0,1,1,0,1
pool1l4gza884cpv5868j2rjfvxmg795u0p4sgsf5cer4nv88k8gu6wv,HORSE,2600.83193,0,0,1,0,1
pool1l54esv8h5xjry9ms3jq4mnf49vwt3yuxl5fdudp7jpdx2swuaah,,19.453176,0,1,1,0,1
pool1l5kwfudnqrhw3k4lwzcppu36nun9puvvr7xnanuz8a2zx4jaek5,ADOPT,3507498.649926,0,0,0,14,0
pool1l6ag9a4teknjsds8qcqpxh3sdagprv65apsrys82pc8nspzrxtc,,20268.595197,0,0,1,0,1
pool1l6hkustv67tynh66w46mys94wsxhwddgp28k3r5twwlsv80uw0k,CASCH,614959.478297,0,0,0,1,0
pool1l8myd66tqjk75kh7uk9k8nyl20sd4qs33s4tzzn927ujyl7ahyk,KURD,3343925.766061,0,0,0,22,0
pool1lagcrwhhy24grdxpetj5vwwey6z8ncp7gx9gdd5p7gnd5f6urcc,GAMER,85127.950879,0,0,1,0,1
pool1lcl9j8zzqtcd4g2gf5zgexcqmnmjtvje707hupngymjhq43yk3s,,12169.910053,0,0,1,0,1
pool1ld9hkah2dkzh73pvh9tf6xr0x28us34msv3zcv2sase5vhvq962,KOPI,7480655.877579,0,0,0,72,0
pool1lf3kn4ykqqrany9jwhzr28wmsq76xr5xx3gq206lwn7ugln9ul3,,70.796378,0,0,1,0,1
pool1lfhv4s9pp76krhn5hk2vzmhc5grjwf26nvg02m6f4dc5sk8akt3,,90133.185321,0,0,1,0,1
pool1lgdk6s5d6flv2sj0cgzz5es5vly8lg88k2e7457tc44hjf8pffk,ROCK,347427.47843,0,1,0,8,1
pool1lhwzsyhh7dmw9wuz7qxnml2z5ef5303lp7jxgss2qnat22sprgx,UNION,1186873.725787,0,0,0,15,0
pool1lj9t0saaxejj6drmxefgejwuy47lx4ewwruwvn3uttyuw6f5389,ADBV,501.251536,0,0,1,0,1
pool1ljlmfg7p37ysmea9ra5xqwccue203dpj40w6zlzn5r2cvjrf6tw,AAA,62628917.193837,0,0,0,931,0
pool1ljywsch33t7gaf02aeeqkqpuku0ngpwl9fm04t7u5sl5xyunmgp,AUTO,16979605.975077,0,0,0,157,0
pool1lk0hu3njxgra3emgfa73268el89qzytecff0fzz982avvjsw3l6,IMPI,520076.74089,0,0,0,1,0
pool1lkpj6fa4l0sy39qfvyl4pcsnnd22y8np8j98vzwula2kuxgers4,JOY,132031714.280948,0,0,0,969,0
pool1lll300yc7lf6v34agp6ctzxdwk6s96cu0lxq3kk0msgvzchq3f4,PHNX,12618.277817,0,0,1,0,1
pool1lllmq2jgcqrag5c77lpc5m34fsqn63leadyx9tzx842n66ly3ql,,1571216.192964,0,0,0,30,0
pool1llwfa6erdh7k87j06y2z9999jcc84cnezwhg9e2sulrgwzrsug4,,4.613866,0,1,1,0,1
pool1llxh8l0h8g9ghz3nrzh7ndvev4x43vnk72nsemzm795vxqs6dp8,JP4,48265154.981123,0,0,0,398,0
pool1lm03avq3jxyl4z362d6sy75t3s92qh6nlulgyquljzdd79usuqe,ADAKA,16.931518,0,0,1,0,1
pool1lmefyx5kaah33e8hzpgm78fqthhgjjp6272l40g0dxulwhge326,CPL,504.804074,0,0,1,0,1
pool1lmqvtamlkm4vdcq3yjs2zxhsx2ejy9tafs66zsmpwvk3jq0zhyu,,541676.618117,0,1,0,2,1
pool1lnk67xp7jsc2e3yyun3fpaqvkx0f3c8q0ml29ge85udeghn2gvn,WIRA,1606673.098301,0,1,0,16,1
pool1lp9wmr8dkcceta5we999nvlfh9um06cd6sggtt5523eawf7mtg4,YYG,15295.75072,0,0,1,0,1
pool1lq7t0qg273vp8t2wzmeyj7sdq2vhu2v87jjplgurpfxcs9afnr3,,117707785.024153,0,1,0,849,1
pool1lqeg5d3jpwr3nvra568nk28sr8lttyr6cf4yyssdx6qtxea9nmr,,115289721.759168,0,1,0,886,1
pool1lqpymyzg9glc88r7urptuv0d8t2tu9ty7xtshvxmgpu0j4lp8p3,VINCE,67097846.370704,0,0,0,93,0
pool1lqxy8cefgwspslwmvjcvu6xddmqwvy5jm8m4z5aveyjcx7hf4fy,,102.625306,0,0,1,0,1
pool1lrx4rw8wd9sra8n90qgcvayfqerv9nr96kvzfl8rc22r7k74436,,1741340.954488,0,1,0,12,1
pool1lskcfz80qg2kr2p6776kl9emjn8ulkqsqse7um7skz4y2lwa0cu,CERO,146486.501175,0,1,0,2,1
pool1lssudmnyy4vlzrvpmw4539xwklnx0lm2murc9t7n25u9sg2ce3n,PREV,171763.71714,0,0,1,0,1
pool1lurfk0k0wwx54hlg8a7zp3jtstu57u59aeq7aketl55hknmmtu0,TNTM,68773724.332455,0,0,0,99,0
pool1lv7v8r8ge22agkuv2astu503d42v749p6rp3sg8l6twuwqm525c,,507152.915478,0,0,0,5,0
pool1lvh0pd5n8c3cjzhgef9y6vfh7cver24hdve6ysnwpa42ys5emms,RAOOL,31343.997287,0,1,1,0,1
pool1lvmhenv95a22ykn2jzscs36smkpggztk9dhgnll30y0c6sr250l,,151380.937595,0,0,1,0,1
pool1lvsa8e0dw6z8g2fkw7prnfa7627wuy5jjexaadck6w5sxw5xkvm,DIGI2,124716230.90842,0,0,0,1145,0
pool1lwp660axwpdvsttmcka3pfax67fdjexj54d0h0jpnkw5cjqqn68,,1100.0,0,0,1,0,1
pool1lyvtenf7325hsrtdgeqsv7yau6hyq7ztpdwwdeqcueh8s83h34l,,138998.883238,0,0,1,0,1
pool1lyytj00rq6h39sg3kmjer5ce0p99s5qw5qrht38gf6lgq7tfmp6,,5.451553,0,1,1,0,1
pool1lzrg40g7vwgrxf52h40mjv77wywajekkfr5p63gcaa6gxrnqy2t,,2380394.205279,0,0,0,17,0
pool1lzupr43772kfux007sdt02vlx7uzmfcplrwmxntdztxmwv9myrj,CRCI,80035.445285,0,0,1,0,1
pool1m259r7trzx4tk5j275f77frn4hnt5qyy4r732akywcuwsmx0q8j,,31587.050735,0,0,1,0,1
pool1m3wam7j8xjahp5mq03rfkcfcy45kevzfyekmdy74x8ghgpm5cdz,,705792.945354,0,1,0,1,1
pool1m5chjwkxs3w5l43uf4y9ys2pprqxv86ffdm0fr4n38np2c7mhg6,,21374.907077,0,0,1,0,1
pool1m62sl6rauje9cknrkhwl39tc4hujudkd7gp478dpz7tagmjr8wm,,54099522.253634,0,0,0,283,0
pool1m7vr5mjsvs82kh5yp95pr9s5wdldf2v8r6rmpv8z57ypxmrkqsa,,89027.672762,0,0,1,0,1
pool1m83drqwlugdt9jn7jkz8hx3pne53acfkd539d9cj8yr92dr4k9y,BKIND,20619463.0445,0,0,0,158,0
pool1m9anzeagnnwhhtwh3vlkv83yhy64pkz24djvrjgcecjnyzwfk30,,47.774423,0,0,1,0,1
pool1maknvmsdvk240a7w8rclvq2lu5pzk906cuh9cw7j30z76ff257u,,15223263.152027,0,0,0,127,0
pool1mc4h5pk0juqfd5lj08d09d9tfeyd86v7se4kq2jyu9j0jy8ey4y,,375803.680611,0,0,0,5,0
pool1mc6f3tvzp59yfn2przflkq9q6k00g0hfpyck5t5whjs8qdcjuj3,,7960965.846396,0,0,0,59,0
pool1mcvq2z34f9cfdmkd97famsh20ekqtndw246ny5e8ug3mxfdf4zq,HIVE,365124.008018,0,0,0,4,0
pool1mczqhhwmf00wn8hs9x556wc9uuettxcyzwrvuhaw0fdksvgddfm,ASIA,1006.295536,0,0,1,0,1
pool1mfm9nf0fc2wknc94dxyedny3vxtmv4t05arq7czyxsmg7qcy76n,BYADA,1998016.823757,0,0,0,15,0
pool1mgpzhdjucv0hyyndzq08la7m5h645wmsat35gxy9fv6au9k7eg4,,997.620818,0,0,1,0,1
pool1mk9k389xy5szdzyc0fpty66fu93rhwnar3202vy0d7w9ue2rycu,,37997.265836,0,0,1,0,1
pool1ml8hj9zhv5esld4dwuxrkda0ktclw4g5xfggg86nw3majud2uf6,,548.60634,0,0,1,0,1
pool1mldur87x0z7j5wrfw0uh04twv0jem4c0cafsl3lhexfnka2ngxh,,2453.483753,0,0,1,0,1
pool1mltwh4elef39dkuuz058lgfuvx79c5wcnz3szau3arhsyq22ace,PARTY,101990.806662,0,1,1,0,1
pool1mmrdxw97yt9q22yaece43h7em2fhsgumrww7za9jdwt9xraehp4,,47.641234,0,1,1,0,1
pool1mn0ydnu5tt4w80y3dxdsajddhdz03p6mudk8vlh55r5exqywxhh,,19.691233,0,0,1,0,1
pool1mn6relcs7dn2fqzfq5yjlwxa49d900p5sdpw62jlx45k2djgwe4,RED,4410518.124999,0,0,0,23,0
pool1mnalcegg8lv2rkf3hqnwva2fxg75j3hs9mdzqc3tvxpjzcpmvcc,ETR,22373478.476748,0,0,0,102,0
pool1mqrktsr2lcn9yy75gm2hg73cejluty4mjum9mpf4lwyhkyldh30,DONT,195291.218584,0,0,1,0,1
pool1mqwmpu2ykr6q52tut4y3fuzd2lufhs7zxkhzzfpunk2y2j9kjdw,,200.842034,0,0,1,0,1
pool1ms47yxn0gnjly5txqrm0zv95vdp7863zwdawf2ccmlvlg5pmldp,,166062.606111,0,0,0,1,0
pool1mskcczujzac6fy7nw7vv2ljg6ufm52n6uaw6mx82tsrhvm3qrgm,,1112.614218,0,0,1,0,1
pool1mtmjss36km0v4qzn4eqvv440ed9flwqtkp4g8lp0ueu8zy6hvpl,,257.825743,0,0,1,0,1
pool1mugxe86p0p6fzeesthdzkuk3h9xtndf4my9cznmxtmpvujzlw4f,Kings,914246.194127,0,0,0,6,0
pool1muspjjcnmgz7ks4sn5jrpce58a46sddyqwch95an7nrayfa7h8t,CHINA,1007.469661,0,1,1,0,1
pool1mut4phum9hegtl8m2r68gpjh5x8w8t6zwf75zrphhp3qwwrrpgt,,38897491.944769,0,0,0,130,0
pool1mwp8ewtzmun0426v9z0h9um2amswgfzn78rckfl2fc3t5sy0m5g,AACC,9164180.188621,0,0,0,73,0
pool1mxapcaxj3xnym065w8vqpurgtkk6gssxad5y25rhh6ucc2dw4em,CAST,35688.334915,0,0,1,0,1
pool1mxqjlrfskhd5kql9kak06fpdh8xjwc76gec76p3taqy2qmfzs5z,IOG1,175179504.731677,0,0,0,1706,0
pool1myvgx4ef424e6nw2strqq7dxcepav52plyyhxrk0avaw7y098l2,COOL2,141551069.314714,0,0,0,1013,0
pool1mzdn4th3m37fvxkmgxnyx5c7sdea2nf53mq42fzvezgp6jn43vc,,39560.6241,0,0,1,0,1
pool1mzf0vc58p7ktgs5gqzqrcwtrs4xnlpd5v9thzl7gahqj7f7aqye,MPN,1.132205,0,1,1,0,1
pool1mzry5s8pkfy42ul2xevaq7dk6qae8247hqd8serm3ms06glvny0,SCP,10886.749517,0,0,1,0,1
pool1n20x3spgcj72k0azl85gxt72qzr2eq7sr53tlmwdg8wrz60ynzn,MAMAK,422458.253808,0,1,1,0,1
pool1n500map6vvxwkxnrw5m9vgmjqrmtaxuuxkgqvzz7699c7qc550v,TEXAN,2112962.982253,0,0,0,5,0
pool1n5kljtvdhg29vrhr6uefqk76dpepzfwuvsw8zd0z5yqfuqj7x8a,,495595.339813,0,0,0,5,0
pool1n5shd9xdt4s2gm27fxcnuejaqhhmpepn6chw2c82kqnuzdtpsem,ZOE,978745.457473,0,0,0,9,0
pool1n5ytegzw3enscfw4t8wsjytrz228agvm9c3xaarce7pgjzftdtx,_Q_,181177.548264,0,1,0,3,1
pool1n92phm2qkyq458vppqccf9emtx3l2z7wgwfyjt5elu9772gda2j,,263961.517908,0,1,0,6,1
pool1n96ql32ct37n8w0l9ddhnc2t8tv0uyd6kuhzua8uxy63xs35wgl,,338123.650413,0,0,1,0,1
pool1n9vs3ye3939ae8x6jfkf0unksj7q05zgsk2fnm8lhve95w3j0rs,ZOOM,194436.882428,0,0,1,0,1
pool1nc8vcafsgemc2jx7mmze3sppakahrl4z5qqauw6znr93jfyqv6j,,92495.528562,0,0,1,0,1
pool1ndc7kgyvsd3258juepzz6v7fn5ke2pyvn8s2qr9y44agwjhpyht,BB242,124780.277761,0,0,0,1,0
pool1ndsp54c35racjsxnxxgj3dflf39r7klppmpm7zsjv9z85m78hm9,,262097.574365,0,0,1,0,1
pool1ndtsklata6rphamr6jw2p3ltnzayq3pezhg0djvn7n5js8rqlzh,,12566.849516,0,0,1,0,1
pool1ndu9fpv7prmp6r6k23lzx6fcpjlvh6upl3w8ghldys467u6vvrl,STAG,465845.400137,0,0,1,0,1
pool1ng0wg25mkdkcmryzh5dcw70p0462z7svegxr9c7d2k5cqf9tt2k,,813976.320064,0,1,0,4,1
pool1ngky6qkcfwg4y6pdz5m8mrmtknpp2sv06fh0lh02fqmevzcfxf6,,11497.624866,0,0,1,0,1
pool1nhd907krga9dh69kf0jg4tl0764rravepy337gptvsknxyyx94k,TOPO⚡,228573.188573,0,0,0,1,0
pool1nhls8e9swnyshldgjknku4npreax075nw0ltrkmrarh4w3skxt9,DAN,42383639.47235,0,0,0,316,0
pool1nhlv5z2lsptzgcp9ype0mppc7zyndm66ypm4sw5hy27ewdchqx0,PPCX2,14403589.506544,0,0,0,34,0
pool1nhqaugunqpzr9zdf4e2vfp9hu6y0gcwuxr0jv5hnfvays26xmr3,MOJO,175524.139283,0,0,1,0,1
pool1njs6ejpvdkt3cee7u8ekqyunmufm82jjrehtg42xd28m7zhzn5v,SSCC,2127.043469,0,0,1,0,1
pool1nl74emh67vuyt8cgv6gwhjnrctxgrpqlrdzznj4l3lh5j8lj3ah,KTN,80815785.010262,0,0,0,595,0
pool1nncdkshmqynzv3ledrlnan542qercf4h8xydjjylkg0xu62fk6y,IOG14,139909575.25492,0,0,0,1025,0
pool1nnfwte5lhr8rxjye4a8m8krt5fsu6fs2g39g6ccq09nqqf8sekw,,4674.160144,0,0,1,0,1
pool1nphru2ce5suy3fhvn03wp36mwjnm889ufsep42nat232sh87dr5,,102.625306,0,0,1,0,1
pool1nq0jx33p0sfa2fux33yklkzssck4kfgaqlgnlc0a7a9ggqzhgnt,,39183.070676,0,0,1,0,1
pool1nss40t2xhh7ntgp8ca73u2xd8kzyn3dgtf9jfh0y57kxul9zt82,,90617.444767,0,0,1,0,1
pool1ntr0gyvdenpqm9uwwguaw028ayuuck2vx580l2r3radvg6m38pl,FAY,1385288.857684,0,0,0,8,0
pool1ntwurms3f0j4kqe5wfpg9chlasylp0lmuw72m4fn66vnuyrvs8v,MANGO,1567282.127678,0,0,0,12,0
pool1nudasuv0lljpe0tswcverqvlh0v4226vgnpsuxn0e9nkvnvcvne,STI,58178999.633563,0,0,0,388,0
pool1num5a9mvz02pncerh6d8xdcvd7474l9p44jkrwk8srzz7563yrj,,268028.143771,0,0,0,3,0
pool1nux6acnlx0du7ss9fhg2phjlaqe87l4wcurln5r6f0k8xreluez,,751909.998992,0,1,0,42,1
pool1nwcu3al5vfm7t3dtvyuu4hlmlvezd05c5v386q90hlptks4mqw3,AARD,883562.455147,0,0,0,9,0
pool1nxukummdjs6dvsqy94gd4hva3hgzyufa9ex6kexkvvvvwf6zszp,IRISH,663236.0,0,1,0,1,1
pool1nydxffhrmpn0ft6wpg4l6cwp2jr2glxvx5hxr69xknl0s5p603w,,1359633.006727,0,0,0,11,0
pool1nzws82fwk9wcvjgqf2wvq4v2ay929tpspy677xa9z82lquhhazn,,172655.502675,0,0,0,1,0
pool1p2ldp00jsl5l9xpg9m77zavhqmw7amtg5nlf0jwudlu2zaq389s,WOLV,521488.929987,0,1,0,5,1
pool1p4s6gafaqd2w2dft5c5j2zj6grudvmpwsyx9gumzunak688x5tj,,74529.09432,0,0,1,0,1
pool1p5drk57zaggfs5yk5vm4shmhh86czj6g0j3aa09rdq97jdzgk3m,,327445.045713,0,0,0,3,0
pool1p627hhec2ha6wu6ql377c3hv4mjd26w7ll0xyw2ezgnu6nyl0a4,PMW,1078962.310317,0,0,0,10,0
pool1p8a3jea0k5w749jf0jtr7qeer8xth9r0zr8ktmp75heqx0ewyz7,,51498.021487,0,0,1,0,1
pool1p8gda4td9882kcllejstrzfh84n8cxts0j67dyuuamzdg85cf3a,ALL1,10097.029715,0,0,1,0,1
pool1p9sda64t6l9802tsu2fj6phvt9xfqgcpjucyr3kek8wzurmn8rz,K8S,6120235.454062,0,1,0,43,1
pool1p9sjhjx0v3k76wvgdqu7jcks2ra48wqlhc6g0mkewd25k3zcymy,WA2,26934275.933837,0,0,0,195,0
pool1pf38y47whkqua0pkd7redeh6nhlvff6kckx8x9hxzlx8yakmruz,,127468.06287,0,0,1,0,1
pool1pf6yhzdr9vpct5rc3dtwersl4lyuglp80l4jc67kf2qj29xjg2u,TAVN,1414396.391238,0,0,0,12,0
pool1pfnwehsa6a52p3fdyn9pus4weqr27nxatcu2f79dtj686whp3k4,,1096.855238,0,0,1,0,1
pool1pfprlfz0ywcnewjegazz05ghgcfkvu40v6edsz6yn8w362sdjr8,ADI,3668534.798472,0,1,0,22,1
pool1pg2k7lp6w68vlvdycug2ycu3mkrt0z4ftxay4g8zchj87mw6ug8,VJRAS,102400.253285,0,0,1,0,1
pool1pk62xccrvrgm5ndktrdyh3xj9epdwjql5q0cvgj0f32m7urkxva,,75143.33189,0,0,1,0,1
pool1pk6q8vjxu0404jzq0dpt7fceyz9yu57lmx5csne8tmce5nx523m,,32206.942121,0,1,0,2,1
pool1pk7cjkcdsawxf25dwml0ely8vhjx7wp7nqans3jwatanceyqae0,RIOT,1579978.64086,0,0,0,23,0
pool1pm635fj8skdkh0lvhtcygateyt4nt4gj5rap28zqpe7rv0wgdhf,,162413.923015,0,0,1,0,1
pool1pmrgd8snhv0nnj97xcg70nqqhg0v9g3d0e93jl8vn23wxtsxz53,CALM,37180280.615549,0,0,0,356,0
pool1pnsk7v8a4eyn9qtqev7k3clazzw2s66cpa850zprqlu5x5eqtuw,LKBH,300598.973516,0,1,1,0,1
pool1pnzwgsgzd6t4788sfr7dxjyusepyq9xaxnpyfcngewqf29t9ayd,PHRCK,3479474.274792,0,0,0,35,0
pool1pp7tn2w6ken4rpfcjwcdup3g4m5gcdhc9lgvrm3mnxz5stmrhq2,CROW,32410339.230211,0,0,0,170,0
pool1ppznyu6qrvlw9uuqa3tslryjd40nh56jyvmaqw6kdf4kzq3y8kh,DIGI3,3031161.269511,0,0,0,12,0
pool1ps39v4j035ejzrga2qt56cfhjuwx38wved8rd0mujtyh6r5mt3c,RAID4,13688.408073,0,1,0,2,1
pool1pshqcksxywy68lt04lw6uf35f4yssekh5dx2mxqmyrukke2z5y3,ACL,101916656.936516,0,0,0,727,0
pool1pu5jlj4q9w9jlxeu370a3c9myx47md5j5m2str0naunn2q3lkdy,NUTS,14307337.623055,0,0,0,555,0
pool1pvu2zdexh8wr4ggmuz90jvqrua6an43qj9m9urs785p8kwjzqwl,KTN3,77890457.808385,0,0,0,603,0
pool1pxw4z2m0lmw422hr32dwyy3uz9436g8p7qdmg2sl2w0m5pyk3yn,STOIC,123856.549399,0,1,1,0,1
pool1pxz5lmxujqt0vz5l8xdgaw85vlde6pd9tmv45yny2au5g60lqx8,,2939.026635,0,0,0,2,0
pool1py2uxkvuj926h42s40wxl26dh0ggaq882v4m0hkd99m86vzmwnz,EARTH,2503939.068048,0,0,0,20,0
pool1pzcv2snyufcnjvd6nhnn069ujxyagh4lvzvrewxu0c6hxdnw7yl,8BLOX,20193.279407,0,0,1,0,1
pool1pzkgztz8y8tgd9tpfu7umep97x7m0c5ck0dpn2vqtf202fyhfv5,,33199215.052057,0,0,0,234,0
pool1q0memmdw4ktr88fkma53tqgkaqeq3wfc476le59rped4cu8tn4h,JOEY,6377015.302872,0,0,0,61,0
pool1q34qp4ckh590gt99eadtz8w8ag3watavf5adj8qjs7guxmkgk8g,,1047.621962,0,0,1,0,1
pool1q3xdrewrldt06rpjx6pzguzm847ujxnmajxrsr7dsthscz4htlv,MICRO,63042.76174,0,0,1,0,1
pool1q42574l9xer3khqpshk8w2vc6md6zlah7493fp6zzv9mqurmufx,,91409.909476,0,0,1,0,1
pool1q56kkwncreqy3ygr995v4clwcaflcpvuy75fx2v6h0rtzh2xxmh,,77000.0,0,0,1,0,1
pool1q66d2n39uvln4hazyzv8fyq977mpqus78sjd2369qfn7cptdeyh,KTN2,74867263.57842,0,0,0,594,0
pool1q7n8hjmqqtr9xxr5clr0mdx06vkhetkt3p0l300gn0rd7r9nj4w,,2846.418747,0,0,1,0,1
pool1q7ukp0ajfusagaqy8arsxnkk97yl3tqa8aal3sts5tw8kuq4jlw,PDX,26195.14628,0,0,1,0,1
pool1q7wrwstqkzhrffdzpw8ftfd4epmxywdjnp8384atjcnezchv242,SPEC,124207.085449,0,0,0,1,0
pool1q80jjs53w0fx836n8g38gtdwr8ck5zre3da90peuxn84sj3cu0r,000,1229312.056035,0,0,0,8,0
pool1qa6lqyu67ghpa0evxfu9nzqkj3h82qpfku82ec79zdwru4pd25m,CNODE,1917672.47415,0,0,0,6,0
pool1qatl6qf2zja8a3hyhn42ar5a54h9k0dn3hd2j4uxvz5mqn25zy5,,216258.354307,0,0,1,0,1
pool1qcdw8uk5d9ehldhccy926u886qhr07xa354yrkamdde0qku53nx,ARMY,672724.053639,0,0,0,2,0
pool1qcfzjvw0em6g02pwjqpnfh6260epge5ll3z37ckhcylsjuktkvp,,1453849.980029,0,0,0,9,0
pool1qel9h28zarup4g5dx95smeggfruq26k47lc8e6wmdzaaywyj63r,RAID1,54978.659677,0,1,0,1,1
pool1qf0wftuxq20v4c0es83qgfunte4uxepx7jesy8nczxz2wv8yld2,,662399.719903,0,0,0,5,0
pool1qfaq3ay66hkwpr36z46lh8xcartu7wmczkq85g935u2lzxsq47c,,546.883491,0,0,1,0,1
pool1qfxukshs4fkcrflzdnxa2fdza5lfvew3y6echg8ckaa4q8m5hyf,NEDS1,28200647.135553,0,0,0,197,0
pool1qgsylc6kjv29zva4w783fuyf9xxhj78ktgjlxjvppest5ya9pek,TURBO,63385.618656,0,0,1,0,1
pool1qkaunkpckny74vcphlg4rh5eqaufnjvheu2x40uyxmklydefjeg,COCO,417255.634165,0,0,0,2,0
pool1qn2ttstgt94fuqp5wev9ja6cr7k3q29r9v65fgdtp5jtk0uxs37,PANDA,1353831.250384,0,0,0,4,0
pool1qnrqc7zpwye2r9wtkayh2dryvfqs7unp99f2039duljrsaffq5c,NUFI,98161186.524542,0,0,0,922,0
pool1qppf7z3733ydv39fk3d6h5ymsmpk0ml8gk34kv03p6ze78glq8e,,3.547776,0,0,1,0,1
pool1qpuzf5kcxrmuf6qg2nnu9cs7hj2d6ke3fwz58l7rlefcy50caaa,ANFRA,310590.876576,0,0,0,1,0
pool1qq2vm2xpcj9kf42z4cnw3djancv48sx42chwvgxkjq85ceu8k0x,CROWN,8761898.326048,0,0,0,74,0
pool1qq76dtlr0m9g6xlvngzq550j86cgtslphyjffz3pgpn7wazatdc,ATM,64735673.141483,0,0,0,180,0
pool1qqenhz258k5k9nyjull6gkzg7s4f3ae8v7qxwpegeef9v0nsy3e,CHRTY,79521.397878,0,1,0,1,1
pool1qqlf3epa7m8780p2jx5689u2ql06tw026l5377tptk2zswrc645,CPS,18954160.349869,0,0,0,142,0
pool1qqq0c53vaf5ju0n3fvujmyxwca0yhp65930evw9lngmr5705csz,ANP,11434620.224996,0,1,0,83,1
pool1qqq6qqa0hpzvumv5p87ynczfmdj557xuwlc3289ke42g72z7f74,AHL,11680615.010021,0,0,0,405,0
pool1qqq9tqyj69j9kygpxza3h82ynh8d0xlueucnu2yqum8nse8hj7y,SION,259108.384222,0,0,0,6,0
pool1qqqq02jxq3q9j93devp9pts90ctm8w3r0rgek97ngujpjgpw46j,ZENY,857902.322574,0,0,0,10,0
pool1qqqq4md2rfdt75qvh3x9cgmkrgkl74ctcj3fnxpu3ylcudl22ex,MASTR,26245584.673522,0,0,0,178,0
pool1qqqq58jy30weq2an3px3maljdmawcwh6ml4hr8m9euq9z2n7wyz,COAST,360617.863495,0,0,0,30,0
pool1qqqqdktl6pq46td0mwut0qn30g7nlue0sete9wxl0hwsq37wrw8,STR8,3272703.014226,0,1,0,28,1
pool1qqqqpanw9zc0rzh0yp247nzf2s35uvnsm7aaesfl2nnejaev0uc,TITAN,68141040.328716,0,0,0,367,0
pool1qqqqqdk4zhsjuxxd8jyvwncf5eucfskz0xjjj64fdmlgj735lr9,ATADA,149415615.870607,0,0,0,1171,0
pool1qqqqrmhdc59mxjygmnhrlz6x08l4w4qgs3jqd5fhps8gcghjh4t,,100036.192379,0,0,0,11,0
pool1qqqqrwzy7njvjq9wph7usj5gghm3py9c97688ek8pgc7uem9cfz,FROG2,13717855.898229,0,0,0,128,0
pool1qqqqvmpm9v2l0tkwx4dpzth3g85lapxjug2j6sucnphyqlt4fuu,SALUD,1078578.180246,0,0,0,15,0
pool1qqqqwg5y9jj6uet4amx3mkmzneaxrlhczmpz5admlvddgyhtnug,HEAL,955937.762598,0,0,0,4,0
pool1qqqqx69ztfvd83rtafs3mk4lwanehrglmp2vwkjpaguecs2t4c2,WOLF,239316.637092,0,0,0,32,0
pool1qqqqz3pw0vzm8ks7ljnsfvp72pgra55q7rz378uvjjaajzrgj7m,,74211.998985,0,0,0,1,0
pool1qqqqzyqf8mlm70883zht60n4q6uqxg4a8x266sewv8ad2grkztl,FROG,10482278.134847,0,0,0,100,0
pool1qqqrutr85x04emqsnlacgz6drtzpvp8v3kmlkw8gpnzry67qeuz,,231853.775393,0,0,0,3,0
pool1qqqyv9pn9typyqwcxqk5ewpxy5p27g5j2ms58hpp2c2kuzs5z77,ANGEL,77791926.006917,0,0,0,532,0
pool1qqqz9vlskay2gv3ec5pyck8c2tq9ty7dpfm60x8shvapguhcemt,,19610303.146169,0,0,0,134,0
pool1qqvukkkfr3ux4qylfkrky23f6trl2l6xjluv36z90ax7gfa8yxt,STAKE,65823101.466324,0,0,0,347,0
pool1qr6jmmu8q2u44gzy2xarmnkq70c0ggz72nnh77qmevl62th69k3,,18067.673927,0,0,1,0,1
pool1qs6h0y7czzt605kptmrv6cr85kxd6tajr2hs0etvxphv7tr7nqu,,160241262.049855,0,0,0,1191,0
pool1qu48wpwwarmkewhlwge9xs87sgt8gdnqq26nnre2v6c8up4fxwr,OBS,4620928.500849,0,0,0,15,0
pool1quj6cp7w4tarq7hrcdsjxlgcmnunm2xvnpvmj20l9nplue6rjxx,FGPX,4073.881953,0,1,1,0,1
pool1qumhc7996vjx0kvvqwruj7af9w5gq7kh9045aqp9hurp76zgrvy,,142599.183766,0,0,1,0,1
pool1qusmm0c4qndnn2ute6z97fvnypaa4ke4jhjh6wqm0yvn5r4488r,,44145.873979,0,0,1,0,1
pool1qvhss6kxmtl27nr4ugvypayhvt4a4vzll8p9csdg2v8q7d22llu,ASTRA,15300084.073878,0,0,0,50,0
pool1qvvn2l690zm3v2p0f3vd66ly6cfs2wjqx34zpqcx5pwsx3eprtp,VIPER,323429.64375,0,1,0,7,1
pool1qw5jc5u4k6ck47kdwtwh8msv6t82x5c6qx38hjaycnha6skrek7,,37394.009284,0,0,1,0,1
pool1qw72znud2zwfp68swy2rec5uh85mc4w9v52gna0zjv0aytl6dqm,PTP,22.625878,0,0,1,0,1
pool1qwa8x4u4a2pff0xdv0haxpgk3tyrvl5adl2lpf3ztcftqruhea0,ELITE,34226967.812487,0,0,0,83,0
pool1qwdffu8pzp59wyvwgjpf0k6dd5el4hkjvx8hgsewx8gl505cmr9,,105621.314833,0,1,1,0,1
pool1qwn9l4vzm4rsrd5kexuafqlsgg4ap877vsunqpm4yq89crm4aqr,,6279.849918,0,0,1,0,1
pool1qy23q2qe64n6awyhrz0a97lk34zzcvgpk2e4vqmhjs86swwp9gn,WATER,163434.153942,0,0,0,2,0
pool1qyceyf8sxhkk53txe6p6qxgvpc2t2c2j2j53vpd6fq6dszga2mh,,13862.947649,0,0,1,0,1
pool1qzk6qqw6xdgfhyksd0mxw0z6pzv2xg5eh693tvzjrl0lxn9k2tt,,1000.0,0,0,1,0,1
pool1qzlw72zfwhhc0ptvzdpld06szu39x9mlm6782efy6sluz932fx6,BCSH2,49555542.651637,0,0,0,288,0
pool1qzlw7z5mutmd39ldyjnp8n650weqe55z5p8dl3fagac3ge0nx8l,BCSH,29054267.481077,0,0,0,244,0
pool1qzlwlpcsgflr9z3f24fg836tyq45p0kf5cnrp20s8v0psp6tdkx,BCSH0,34299658.694176,0,0,0,282,0
pool1qzlwlyu92fsx94qu6u5nw3sy334f5yat3dv3jgx0grrsv0kp422,BCSH1,72346390.713235,0,0,0,322,0
pool1r04czz6aq4qnd8a3x2klzd6g20mrxns0ksrac0z0jn7uycgl7l2,VIRGO,30017.640838,0,0,1,0,1
pool1r2249l40de8nlj77u77yzk8kxl3av4k09ztswcuqfexzcxwx3k8,LUCK2,1289.321998,0,0,1,0,1
pool1r4hj35clvexkq0j0cagcxrt9945cp7agzslvjxpfa9fg62qpemv,P00L,2981556.764357,0,0,0,8,0
pool1r6lp6uumua0kvs069y0k5kh3t7acvv4pz9pfw3zs6rmmcs52z4z,DREAM,30001.438113,0,0,1,0,1
pool1r88vs06qv3vjrndvhewwhz08zc6ka7eqwxvf4stsj53n50nr8n7,LEAVE,5410591.32919,0,0,0,58,0
pool1r8938r4ts8f4t8nsp9xl9dktzapt7f67jgpsp4wrju39xrdnaye,VENUS,4849899.407025,0,0,0,39,0
pool1r8fcle3xp2n9xskpemchvtqewudt9377xkjtpfxhkp3hxx87ssx,COIN,92785.645282,0,0,1,0,1
pool1r8fe9j8rkt55zh6pu7ctvdf8s66p3ezqllmxssp6p3vp56e0m2l,,18709.888054,0,0,1,0,1
pool1r9dfv5360alp5dh020k050d4n4yh9h4gms9lf0srm43z5zk4d3s,,4949.942553,0,0,1,0,1
pool1r9qyjstrc050njg8lm7wxy5874mgu322vyljntdsm5qgxvjcewv,SHEIN,68210.47856,0,0,0,1,0
pool1rcd7qslz3xnpnk9u6tcwegy5r2574uf8suqu24ptg637jha3sr5,NINI,23332147.45962,0,0,0,148,0
pool1rcj4kw3nepfpwr6s2tzgq3x3emw45n9w58063j98h38rse482k0,IOG8,115343190.004824,0,0,0,881,0
pool1rcq8vnrl52890nvt0300w7rgqkuk4az98kd9zcvu43agk3u84ms,ALIVE,96638.219966,0,0,0,1,0
pool1rd0cadxrmef8fl99e2ms3tytzq874m2ahraaexfrhpnr67d7s8a,PROM,1522562.697114,0,0,0,15,0
pool1rdhe7a6mxczczmxt82x44r2x4tvv6tm8tsr39nvl5z72v6nqgp8,,778.936092,0,0,0,6,0
pool1re8cmjt895tpx8dx2veg0cew5yqtxnt82sll03e433a4ugnh9w7,RISE,34634.045394,0,0,1,0,1
pool1rfwfql54dxqe2f3pht7c8xztq9c5wncdhcp542nk76dcgshtvdk,,376.518669,0,0,1,0,1
pool1rg2pt0fqslda6cz6kxr0tqrjdj596sk8uu2swm33yvm46awgew7,,12.630366,0,0,1,0,1
pool1rg4h4fc9j70w3jx86s3vc8vzd7hxwd4sz4j80d93hk7j7mm5dx2,,27.617078,0,1,1,0,1
pool1rj6apcqxcvavaxp22f75zs9upphena7ntsnut2efvq98g4404up,APP,20875612.568437,0,0,0,164,0
pool1rj8zkzk3dm0lmnjtafczqfp8sshmang8gg85eypjeh2e6cve0vl,STKD,12896350.618058,0,0,0,55,0
pool1rjv02n5qtyden5frvyy34udlz3nqtkyu742mghcsww8nk4qycsh,LEVI,200067.196625,0,0,1,0,1
pool1rkyc3ss904h066sffergss99r9p2kqa4k6ds0g4u5ud4x7yaajd,1PCT5,125653510.267549,0,0,0,999,0
pool1rlg6ytznuzx7dwhyypfuusx4crm7pdftx04h9zr82pdrv0tve0z,,1513169.765364,0,0,1,0,1
pool1rlgwefp8a6vpvglxqvmlrnznyv9sv6rl9uytkz8djw7p24a0hnf,,59848.902612,0,0,1,0,1
pool1rmwclmeutcdd7f0sktcevwa6ewaphxezgeqk5hcfswvpkaq2hmg,,967485.110233,0,0,0,5,0
pool1rngj9v7vac3qgmgmrh2x5me6r5eemef8v44c3264594wg4ehrwq,,22621.863657,0,0,1,0,1
pool1rp8ekuv3027rw3ykufwn7z4vactnjzthvlezssfjk9gljcsafkf,,79001.017858,0,0,1,0,1
pool1rpcweq9gcqlr27s6wjm67djmm2f2l5a72zusp3f25344kaxuqcd,TORO,323503.357002,0,1,0,1,1
pool1rpjjz68kmmetyxztmrstrwgz8lxf6v0d7vqgw98r5x8rc50jrdf,DEW,1271739.953159,0,0,0,12,0
pool1rs8xygd8rdqjjr5ums0w9upw9uwrrkvuvyjvq8wvr3kekhjkpl3,,3154697.329618,0,0,0,32,0
pool1rshru8pm6y0jy7jncmt6qzfs8u4f5qa5gvyh38kgec767t20z3d,FANCY,210800.464279,0,0,0,5,0
pool1rsm2ara9zm9tq0gupcq4c7e3v7c8lwxlgjgh2zalgjf3669rlwq,,100.838685,0,0,1,0,1
pool1rvjj8cp3urh7de07pm0ceqha2x4lxws69lhd4429dm6djfjsy4l,DINO,1081093.651602,0,0,0,5,0
pool1rvng7n968748udkc5rxy4h9zp9hms4s3jsfwuues76ft28uc056,DIGI,143644351.344562,0,0,0,1295,0
pool1rwqzqvkykz3xqqqv7k3k5vxswjd64ez7jwfxymdw58xs2xtlx7r,,119903.795196,0,0,1,0,1
pool1rzhyuwfwdzksm9v2ze8playmvdv3u04x9a0tmhg2krx7kt2635t,BTS,21353.206181,0,0,0,1,0
pool1s0cfkzheywsftgwp0yz7sq4rt5gyf7t5kfwj5a269kpxvndjn6q,OCEA5,159747417.330544,0,0,0,1068,0
pool1s0kkragd8r2xyyms680l9eed443v3eufmarykpjfh2r6cpksm2j,SABAI,8197579.804689,0,0,0,53,0
pool1s2qefm0h0449tdwsh7w6gw7mn9n8d3w48zunslxdazlfghtn4wh,,1294115.09585,0,0,0,8,0
pool1s2rj8t2a5tfv0rpsfak77g03h96uv3rqxp62t6jm3dh45g2e2pj,CRD,660759.450409,0,1,0,6,1
pool1s3z5qsg75dar26ykyzcz2u8wc2swgq7pyp7f9sdh5n06qh3jhq2,1PCT1,65878744.037202,0,0,0,488,0
pool1s6x6kltycpxq82hyqhlqllqj3q5l2m8w499gvtu4xrfv29c0q2q,LOOT,2474477.386563,0,0,0,158,0
pool1s79cqtwk5s24lcske704ckx7k2pagn8hc95rxvy3xfda6r62pg9,UK007,724239.009259,0,0,0,5,0
pool1s9gnju7cja28xzdxskms2w4dwtk6w2gegm5k4gcx895f7lmzupq,,180222.903684,0,0,0,1,0
pool1sf784g6eje8vzq9f5wu583eurhfq2ee9hzyhl46yezkuqqtmw07,NOVA,185868.546177,0,0,1,0,1
pool1sffl322qgsrsmkcedzzwk05396dkmj56pcepqvj6px3n2re3qu4,MOON1,267701.827517,0,0,0,3,0
pool1sgm50zlvluzvherlmej0wd733fl0ew3y2564twmxnhn5j5q325s,,17052.955941,0,0,1,0,1
pool1shs9tax8wuujh4p63kxyp2kkk0n8k8erlt6vyngj7nzlgnqykrn,,376885.542937,0,1,0,4,1
pool1sj0plznq9nnduxp82aa8crchfety7kzcryqdmn6860xvwwzzc4w,,6838722.135626,0,0,0,59,0
pool1sk4s9cmjc9s5uw5zju76tnu3hjc7qj4geaeq7psy9yjay4a9nwd,,103.164846,0,1,1,0,1
pool1sks9qwpygf9vmgeuh4n4a3s36k35c3qnz7pd4qqvw5825x62y3y,STEAK,1196040.477611,0,0,0,14,0
pool1sksmrlwwswgg60ak8w67hf5w60h0qztgpv5zg68z06wgzhrhsc9,,1389283.408909,0,1,0,9,1
pool1sktpderrlmwnw8l769aqqfmmv2sn2uatp4r9z84htt6kg7jauyn,,1069668.458894,0,0,1,0,1
pool1sm2kmdn4f9rat3kl67y9drqcnnqc34zg4f4ufmnrfaj45gcv89d,LTES,9096.262104,0,1,1,0,1
pool1sm5m0qqcjcd2qc4z6e4mxxwkfspptnvpukxy2umnwkm3c345neu,,459917.05205,0,0,1,0,1
pool1smy2r8jdvgna5ykhe8rrch7h4qalyfafyzyh0rmanmq0jxptww7,ZZZ3,112383596.185907,0,0,0,871,0
pool1snyaulmp94axe7ltmqzlkztqn9axt5ykprjtxh3qgn35cred9pf,,1336.06788,0,0,0,1,0
pool1spus7k8cy5qcs82xhw60dwwk2d4vrfs0m5vr2zst04gtq700gjn,ZZZ4,100686330.530707,0,0,0,758,0
pool1spyxtguc023n0u7envdhhr4wxtyq57r27g84h09pxnzl2yx27ye,,82345.918367,0,0,1,0,1
pool1sqjyrgm94jfm2s6y6utvrf7msewpcrfne7qylrffekc0jtvwdlk,,5292.877588,0,0,1,0,1
pool1sr953s548fudyhmfm082xp0mensv2gxzt4qpe466ykw0z3jjzvv,AIR,2252567.298642,0,0,0,11,0
pool1supp67ypelmgzuzqqvarc6czgmg3ggwpnrnfr90xpfcqqf8h05t,1PCT,91858734.455594,0,0,0,704,0
pool1svzk9ckds6r83nvg2k7w9hszza2haqd9zu7fuyg37e8gg3dylrf,,97.620466,0,1,1,0,1
pool1swe9nsv8lzugakjkfv04dn38scmq48wzynmn0lxasupuzmqcgjm,ADAGE,14966616.29445,0,0,0,102,0
pool1sx4e8rvx2xdxgkww2fpjtmvrnaftfrtfge29xcn72hh7kch5snf,UK1,191040.115364,0,0,0,1,0
pool1sxrkzy0ty37s2qx66cscqwucdqlvemtjl96ep36mqfrnku9lq8t,,1043.463985,0,0,1,0,1
pool1sxzhjdhcc8724zfkut4jxs5l8x7udngfqncat4jvl0s5ka9l2xa,ZAZA,12709068.635363,0,0,0,47,0
pool1t3gfawqtskanc2uqhe3dd6ecznwdeamzc8fv5fzx5mjvj07rzl8,,36007.568352,0,0,0,2,0
pool1t50sl2erwfaey5du4e7gnp52fylplh5q4j24zkkxk9t5vsxfcvm,MONEY,437960.452103,0,0,0,3,0
pool1t6mnkhwj99hm0ckt8fkf85r84le9p95v2a3l874vfn947g5ajmu,,11456.497358,0,0,1,0,1
pool1t74ckqauwmn9ef5ye0h7c5wsgfd36zx24ue9wvj4vj95cl54aff,ORACL,11058.220181,0,0,0,1,0
pool1t7zqmrd87cpy332qjrw25vhxmu7lq3v9carjnuacw6upvcv4xc8,,10506.249028,0,0,1,0,1
pool1t8dkgz58qcqlak6nn5l5j4qqwvewwmjx85fxtsykk6w9j2e0ng2,GYS,199571.763187,0,1,1,0,1
pool1t8gjk7jzvujfv9s8q992e6s7tp8na0q3j62g7s4ppzfmccus4jk,DEAD,7780727.565433,0,1,0,41,1
pool1t93hrmha847r5gqazttyg29c9fxfv778w3kc5vf4q7vu5g4ec0r,STKPL,105224.706882,0,0,0,2,0
pool1t97tlhalmzxa78244ljxawjqlhx0rgumx90qyk3zdefu25k2p0s,,50046.131867,0,0,1,0,1
pool1t9m69j5thv2ke9jt9hhsgxlag44z7erp2s2ukcpruwhwqarc9np,CEMA1,4410433.910119,0,0,0,47,0
pool1tamft50mh0vjm346d9lusczc8fxxyh5z6fk2eel38srwvz38d78,DGITX,14130.836212,0,0,0,2,0
pool1tangq2rh7e7m06q84ktcxnqs9xdqk7h9jjlgnwnnrjet6zq64jx,,113648.57262,0,0,1,0,1
pool1tc0g4htxvzvg2z5c25ffq5ycukn9hjh3el5dzy767za2gukckee,AMSC1,2369596.276012,0,0,0,21,0
pool1tdsrw0n33gmy0mzh7cgtn9p0jy5xwjxaa2s26gn2ewf8kg4nrzx,CAFE,1177411.50354,0,0,0,3,0
pool1tg90tjqwmpzkkxpvs8nrl3383g9numsp380rzsmnp6d2jv525le,TATEK,1312.762337,0,0,1,0,1
pool1tjr4zpndkvwkw3du3fvt59f5men6jhuevt7rpx6xw0wcct5kl04,SUGAR,77736.992396,0,1,1,0,1
pool1tkqjk8s3yqqyuspn4c44rjz7vgsu6kfxm4uvt89cejwryetpt6m,GAS1,97.236752,0,0,1,0,1
pool1tnfd2sdstmjehxw0fd3x9wc07975x60su4xpv9jnhsam2cf64np,,57984.545741,0,0,0,1,0
pool1tpr44v3pxth9j0ff246dvsryxpanxwx52f024ws3ecvn72sgv55,,453585.571339,0,0,0,4,0
pool1tpy5yawzpetcverves0h6xdycxgrstehfvrkygydt9jcqxwpw3j,MANA,2115376.132643,0,1,0,13,1
pool1tqkcxvrfa4hu8q6mwvt8pqhleyddjgn5dnr5vy093qfgqnffexc,ABYTE,3402.460861,0,0,1,0,1
pool1tre4d457z9wpw2sckg98yrc3ppu3ydd07a6h53yvqd77z4h3yh5,BUDHA,91287.986778,0,0,0,1,0
pool1trwmfmrg882w8d5mwvaft5tmw645f68ajwdm0tcc8lrn5xcmy9j,TICKR,2.0,0,0,1,0,1
pool1tv83dxhj3tfssxvzfxv830kg3r5ysyumylyxlagheytpcdsyu2m,,102.625306,0,0,1,0,1
pool1twd9vvegn3fqq0f4n08p3aml2ud8q87njs49900rycj4sr5hhcy,AOAUS,337750.037611,0,1,0,1,1
pool1twu4rn366744tqq9g66ruy3rete6842z7nnm4vy0q5jaqd48867,HRBR,5412705.634159,0,0,0,51,0
pool1txdcwt6z4dud7ppf6xhtlcks4qt8degt5gcf0ffjjy45v7jzkcx,,1815970.77219,0,1,0,5,1
pool1ty3e5szg374hkvtew3ja87nh79dqeam9eqg5tmwzjlyj2kx2qr6,,1427815.922367,0,0,0,8,0
pool1ty7lh3nvtwxlcpqg2x30fkr3j9ys6nprztr9m4zp3aajxyjk2vz,BEAVR,2873399.430728,0,1,0,146,1
pool1tz9k09jylmnk74z74v2t384smfypr7cwpzvs5sd2w537wu5jlrk,,3.669389,0,1,1,0,1
pool1tzfqal2n80z9zejfxlgrc9qhdvrf8gvqqvnfx0e6h0rws4gqyxj,FLOW,76591.345174,0,0,1,0,1
pool1u0kgda0244uxl4rfs7mptfavxwrje4es5ph65xzmm92y29nlcmz,,23836.966967,0,0,1,0,1
pool1u0u2s080a5plun4acn6s70xa3q98ct7skt88l7w6nnwwyl9ecym,VOLCY,125045.455341,0,1,1,0,1
pool1u2d3guvld9rk0586lyhk2n8kvkzmem7czwdltgem0mgczqd3ygu,,1997579.496552,0,1,0,13,1
pool1u32s3ry3vjhqwhcrqz7p5u35cvzrx4tvdwydgvq6qm8720qrg0s,,112515990.037407,0,1,0,795,1
pool1u32x2td5hd9q02k9rhuse38sstxjs5n2exgt0h0hgehdyuw9xsf,,102.625306,0,0,1,0,1
pool1u3v7s93f2d968a8kce6zgfmckfx56ly626jkml6jv7tgweplrn8,,1853307.600911,0,0,0,17,0
pool1u4708qd88n0ux2capce6gz6zcjvtwfsfpdu28h6kkh5yskg9eck,,497.420337,0,0,1,0,1
pool1u4sxd6x0qsy7evljt24vtnyhpxd098n609sfcmly6c096mr3jgq,SCAR,70021420.393569,0,0,0,543,0
pool1u6kpt8hgqcm596kukj97ghefmxn8ks2cgwg8qqe0gtgscnufk5p,ATLAS,884407.852536,0,0,0,15,0
pool1u7mqtde27swkarngjsn5mmw3sy20zavlafgqkmg8qv2n2nwga0l,CFLOW,67067075.08182,0,0,0,81,0
pool1u899yml96tf2cf4zkw4490mnhf832pk6fefnaluvt7487jmqzhg,IWH,1781909.805601,0,1,0,10,1
pool1u9gudcfadehlarkh4xdtgrf3zeze978mrnhtrvjdkjwj7wxvcje,,3727854.172799,0,0,0,30,0
pool1u9vgtxyupd36czsdvh3h9zr8eakdqesug8j6k2nw7nszy97z4m0,,48560.945474,0,0,1,0,1
pool1ua0lx5ap5tj9f5l7tyjflp766ca5yu93djh5hqvm4e0kjgw5k7v,1PCT6,98377099.527403,0,0,0,715,0
pool1uc47wsdvhgke7fazldhp294gm0n4ap5x6e8y9cd3trshyddry7k,,140382.538824,0,0,0,1,0
pool1uc7slfp47xzu7egusxlkvm63rxw2dhtm58l8e0m46anhvhaecr2,,151529.660977,0,1,0,1,1
pool1ucpygt4ds2ggf5lt8z5kzyvnwwr0ggrtqnl0pgawud5ls2cnnkl,NINJA,3536633.22799,0,0,0,37,0
pool1udwnjxxvwzv05cw70xgt4wedsl7lk8r4xgsw2ws9hmu46zaz2f9,,179805.342231,0,0,1,0,1
pool1ugnx5vy7c749eq2c6d0dm35qcyd7v66wd96at3ngumjdsqdhwhj,,220658.845115,0,0,0,1,0
pool1uhvc06cphtxc0c9f2jjvjd065ws45aaxqtw53ldkzk7avzwtrpc,SHARP,156093.508801,0,0,0,1,0
pool1uj0r26e5ymqgre7zxqsapl2stlh36fc8n6mvrcdzjn247u2cf5l,,36990.558759,0,0,1,0,1
pool1uk2f28awascuhrhuwrp7x6y87x8ch33vwx8jtmrysp7l5ngq78j,POWER,2128979.762474,0,1,0,20,1
pool1ukeqarukv9gxwy9pt8jkr4qvad2yf87758g3xzemmvmtk8lrynp,CRDN1,18218063.230465,0,0,0,115,0
pool1ul0t4hjnnhz4wgaghaa7hur77l7gp0akagmjx40r0kn8ct00vl5,THNKS,104237.456495,0,0,0,1,0
pool1ulx9ennungrtcucslrpz93cze5fddlg96h0wwj83p6fpsrvgz2v,GENKI,621468.613373,0,1,0,5,1
pool1umslg2gmre4znj8hsx9x2u4ah4gfw8guv4mjthnjge3k2j5f8cl,SPRTA,1053961.939479,0,0,0,11,0
pool1uq8l234306m76unyz8kuwnkvmtvazaks6vuvyx3a3khngavvcw0,PLTUS,7830679.849366,0,1,0,52,1
pool1uqehpxy4wst2k5u640wdt9tgmqdd26l0dahgxf3ln70js830xv2,IOG10,114776644.934275,0,0,0,843,0
pool1uqgn8wt3qwaextmmurmcjmk3egwsac6sunyqtrssrdeavlgpyr4,,617501.372022,0,0,0,8,0
pool1uqrecfnsa6pqd2tz60r0lcj4kunhc4rrw8lldrpdvfx9qfjd6n0,AMS,807069.516904,0,0,0,6,0
pool1uqwtasd8pcf9elw6zejxsmapkfmp0f5djlx3l7raapm0k02l4tn,XPNTL,18354.404406,0,0,1,0,1
pool1uthdnav2zc2hxpg2hyeyy545lnxtl8lqdcdqxjm0j8t5srmyvzj,ADAST,45920721.447655,0,0,0,362,0
pool1uy8ws63cmz37gaunkhuehynvr4a0yakw2yv0vfjs704326nte98,IOG16,121893405.203339,0,0,0,905,0
pool1v0kxk4z5h77ts2qnes6ucfk22gax77zj9hy4k9zc9mc7shs9er4,,1021.651193,0,0,1,0,1
pool1v26c2xjq37hz6fhc2p324q9gy887ccv238dyz73r4s0cq8xxwxd,,756.166501,0,0,1,0,1
pool1v2q5w37cnu608tu0v8yjan0k3puzwa4mssyxl4wmq9z8ghneqnt,,55406.75318,0,0,1,0,1
pool1v2rhtaxs55lspa2zm5ggeuhsave7nxtu800yng36nefs5jhzl80,CENT1,112950.59201,0,0,0,1,0
pool1v3k049f5aypn325f3rvn79765cuvqrvlhmqyzj835frn6ya03qp,ASP1,289149.210695,0,0,0,2,0
pool1v46kmtavsty57aql824069j2p6wxpcpk3j25veqauu54kynydty,JIFF,70651.317279,0,0,1,0,1
pool1v4adhelnswa7pwv2njn5h84atw08mlc79ll2ewl2kgxhv3cqwql,12345,73144.117506,0,0,1,0,1
pool1v4wgyctxyxlcf90qtgflznv5f4fcm6cy0z80mchctekt20d3cww,CPX,1697989.181794,0,0,0,10,0
pool1v4xevkf7fx08pzy7atsk59dds6p0sdyl6xmhwf4mh79x6l5p6kx,DIVY,194553525.052185,0,0,0,681,0
pool1v53upfe8vexje6qcpcxu84e0rwv2hsxeantu6pjmpw097r6vzxe,TRUX,2047685.499605,0,1,0,14,1
pool1v5jj7xumvk4engwvqrxt0kfhpdkucqvydmmlwwq2x76hz99affw,,3365.466517,0,0,1,0,1
pool1v6mdg9xm9a80js00zx53c6nagcw5m0m970nm4my4pkrlyxq707e,,14924162.717073,0,0,0,85,0
pool1v6vwezcc9dzpy2k2747lemsa86fxd9gjlyefm5xv5cqfqmpeqtl,,30089.628921,0,0,1,0,1
pool1vaf2w4qhlpmns9dsh259wlmx57whddfxsn6vuu2uekvn6uvltug,,47.821123,0,0,1,0,1
pool1vafsg5t78rnx3qr3fv7ys9h50pnvxqhd4l8tj629l5zk7tc39ch,,17631992.446542,0,0,0,156,0
pool1vangc0zxv7echtz9ztxcn84qfz6rgm0sfsqjg8t8nlpvxnsqy0p,,23470.826475,0,0,1,0,1
pool1vayu3mf4qgudxeelywy5jxjxaz56ycyr03trp4m4q7925mwv5ct,,2169438.304367,0,0,0,9,0
pool1vc3tk2s8xe5kvtldpmlhkgjnnt6nkllevyyszevapg0qwn0ch29,,1515360.63969,0,1,0,1,1
pool1vc8jhqtwjrjwsfk6a0enx47hd2ufg98c34ta6lvl0zv0uhpech9,MDS,2840221.745706,0,0,0,19,0
pool1vc8jp7uagxgh8trzx7r260ndcydz89ges8sws05cyv7jj8q8gqs,OCEA3,160024071.44201,0,0,0,891,0
pool1vd3rfulk3x3k6mafusvrtnzysx9qkcgcks9an2alcpm55msk63g,RAID5,9555.450985,0,1,1,0,1
pool1vemm9tq77upd9m6wtu7edw8wtju3ymnuq9wz43cfn35qk26ddqq,CNT,535846.041192,0,0,0,11,0
pool1vgn0eerhcs9pfrmftlxjmc2sm0t4vmhrqyma0hk6spc6geahrck,LOVE,298137.008507,0,1,0,1,1
pool1vgryztjlm0grah2g5gngd0vlmy4z3yrsm42h00hn967e5mqk4nq,,197.430721,0,0,1,0,1
pool1vh4y864hcq2r66ak37w4dsnkhnsfxaaacs0p5s4vj5676m6txwm,HOPE,54004979.614773,0,0,0,532,0
pool1vhsjmemxqg3ktv4hwqc09cxhhg6td86n9p3qwg5t5y6xc4dcddp,,3472.035668,0,0,1,0,1
pool1vkc0dvuf8rxrch87umfayacgglrh8f88ef0f64xrdue5u2xjwfm,IFS1,30334576.65384,0,0,0,232,0
pool1vmj2h5vwgc369g9v4lym57rg84t8sh6twn2sc75cr3pdjcg90gt,SEXY,99.515964,0,0,1,0,1
pool1vnsfv2qpt5gxte9prupjey8kw7ap7t6c8lc02ks4s3gtqplhgd3,1PCT4,107347687.147217,0,0,0,881,0
pool1vq0zje42hmm83pczyf5w467m76x779glymsk2c7zcm2wgnct4pc,APPLE,26999.368732,0,0,0,4,0
pool1vquhv3kh6xkklckaenl8alyuhfsld57ef5573aqauueyqacx4ak,KIWI,35081921.611627,0,1,0,274,1
pool1vr8yc6ds47hzfgqxu9tzxdwze6x82fetqdps7vvmcdav6rlzd3x,UNO,549406.173039,0,0,0,12,0
pool1vsuq3gtdvvsyma3gvz58chk8u4gu5yd03w8ptfks3ttxwpfvf0e,KING1,12251695.899462,0,0,0,40,0
pool1vuv5ewc503j8fdfw7cwuvq33j784s47rq0wxm9mghu39zl47c8z,,384922.027296,0,0,1,0,1
pool1vvh72z8dktfy2x965w0yp5psmnyv3845pmm37nerhl6jk6m2njw,,1500692.58146,0,0,0,4,0
pool1vx9tzlkgafernd9vpjpxkenutx2gncj4yn88fpq69823qlwcqrt,CRDNS,153711397.023458,0,0,0,1253,0
pool1vxvdypctdecvc2j7xu9y8h2fdxvkpjy2pp8luwg2h6dx5jlv0nk,COOL,178751242.706057,0,0,0,1284,0
pool1vxz0deezj5c2950e7arpzfqxzq8zd9kawsullrzjw5rsq0yhxgr,ZZZ,177376918.659981,0,0,0,1370,0
pool1vy0ctj8d8dwvmyn0hxmqp2mxmzchextyzpv6pu3hc35h7t8ykde,,2780.078007,0,0,1,0,1
pool1w2duw0lk7lxjpfqjguxvtp0znhaqf8l2yvzcfd72l8fuk0h77gy,PSP,532107.403245,0,1,0,1,1
pool1w304gh8xwdcjxumdl5yhvu28j6eax9sf08tu98cp5eth27vy6ez,,819794.242724,0,0,1,0,1
pool1w3ewp9s00evj200lnhwsy3dkn2yf3dg7zq7apj26a2dvv5r7hpg,,19674.016204,0,0,1,0,1
pool1w4k38v33hm00f488leycy7x4r77c6zgax2w30whtrkf4uh9agpy,ROOT,235806.537177,0,1,0,5,1
pool1w6ez83j2lapmlzudtuuwygm9lwt23203keqj53n7yjdtwaamghr,,437.62183,0,0,1,0,1
pool1w6l6rvhxtym5psec3mvgrjlg28d6hrv8g9jjexadzmxfgndfg2f,SIPO,127832237.951608,0,0,0,692,0
pool1w7axh547kcdznyjgnvl5sz86taadnsjkzf8tk8r25av6gjdwv9u,,48237.919253,0,0,1,0,1
pool1w7c2j0px43jmudhf48ezp7dy8j7904c9l3wc7809lhh2z026hch,STAT,52880003.590361,0,1,0,312,1
pool1w8ham64lthvzzxzn5hknq4yrj8xt2nark409s2xmntlwvt4ag3r,1PCT7,92163943.092532,0,0,0,785,0
pool1wc2kuqz7w36j4xc7x8aqekgjhmy4ggknddqqfuw4mr3pu9f8wxn,,51903.388975,0,0,0,2,0
pool1we0xjccr3vc4ypnmhzsgwp7sxpsytu8dtv0syeqmtrllvcex68q,JUNO,4234053.57986,0,0,0,41,0
pool1welc4vthqtkvcf2e4adza90np6p7v7c4dmkmf567w3xr7ffqd72,IOG12,132374730.933437,0,0,0,1031,0
pool1wese6np3cptssf8rd8gn49259dj7u225dujj07tqgtnqytgp6xx,,34879.882103,0,1,1,0,1
pool1whk6lawmfz4zq5fw8zghglp23452gnm9zgs59nqafhpexwcvute,WA1,50386949.761754,0,0,0,380,0
pool1whmm0hkxunyhxsr6dfjpx2tpvd05qhev820lx9vcmvqa5wjc6nh,1COMM,434981.737508,0,0,0,3,0
pool1wjsshqjpl3n6zlscnfvyy9gxklkav2dvfyprfye6l0kewyvv6yj,SAFE,1671807.797484,0,0,0,12,0
pool1wll3vr4v605eap9hpjfpda5cjegqfkjt8hrz3kkxpnffqejhav3,,18408081.10816,0,0,0,112,0
pool1wm5quxelvgk8q50jyfznf9asvelp9zf0tk2wu4jazlw9yj4uctw,EU01,771907.403484,0,0,0,11,0
pool1wm89xjqp96t3mlun3pa5suxa3t4s5lluq239en0nxl7pcm5tprc,SHOP,3465435.978702,0,0,0,12,0
pool1wm8vnvdqpy0hhwrwfzru0lf75pknq6pnw6garlzzqks8x0ptz57,TOA,155632.795641,0,0,1,0,1
pool1wn7g7fs8nhqnkkzcafzucl6x6spa6rj980kkkg0rcnyajg62lur,,497.625262,0,0,1,0,1
pool1wpmjtfqcwvtcs9znpuulk99yk2zz6pfh0c4k9f2xlcspgqjndk2,MS4,170453519.849301,0,0,0,505,0
pool1wpp9pslecqwv4wjr4gfhcsv9hmagz882q6fl6umwup8guxy5whm,,6.638814,0,1,1,0,1
pool1wrjg8fts9cus0eq8jyf5wqsfe64e8tvrquxgff3tyze4qal4hwq,TPOOL,100453.581941,0,0,0,1,0
pool1wt0pf4u2xktp0f7apveu242w6nkm4ltk3m8g039lvuhwq4zdtf3,ECO,180769.774544,0,1,1,0,1
pool1wunach3tra8tmaqgft9ryg6ndxt4y83z2vuzmaztwzdr5x7ylh5,,502.62447,0,0,1,0,1
pool1wvyh37mrm2rcx75gvp22cdrsy5w300aj8lglnzyxzf2hjuph0mt,BLUE2,106246.824099,0,0,1,0,1
pool1wvyk75cr7d3xqgdlzlcnjqmk8m4f5ppkgtxnqh4336v5sfqw4u5,,353448.170402,0,0,0,2,0
pool1ww8szkqd5mxajl5yf7csff30su5k23g9dk24npwkvp8rvdsn3l9,,1078120.836535,0,0,0,26,0
pool1wwzctexlp70mj00vv65mlhwhwresn58s9x7jl4tswvkg77eu7n7,UKADA,9435580.67558,0,0,0,54,0
pool1wxn9nsl8rvxa6r8e5eaak0ml6etfxnz2n9vqrmsw5nzgyexgkrn,,57563591.391482,0,0,0,437,0
pool1wxpzjtfr79pdfs6m6vg6xmcqjh79ff9d6sgzfdpvs2q26swahew,DMOON,218839.823353,0,1,0,1,1
pool1wydmv34dnmz4ek9s3p9jwaslwuutfyt8wlxt0mkunjkcufznl97,JUP,163526.896615,0,0,0,1,0
pool1wym4qkxsvqejxqn4l55y9z708mkxc36qge28qevrvp056fe7dxg,ACORN,549006.697131,0,0,0,2,0
pool1wz27a9pvd2jat98s375lxaaj7qxy405km4vzp83wn5vtwp59kvh,BRADA,10794835.133343,0,0,0,66,0
pool1x0qm7xsyh2za3ltprxsgael544je4hg8tc3q3v5gv232z8jt4wp,PPCX1,211629046.193261,0,0,0,918,0
pool1x2a4fa5qty9es79kmrlzj5a99s8kv5ml6fdkxxzm5qwpqrak55h,,300275.002945,0,0,1,0,1
pool1x2h98z6e5xvrg5zw3v3dlu8hqdtj6lhp6r3w5ge7rvcqcx3pafq,KTN4,72175307.865732,0,0,0,573,0
pool1x3ekgffp0azuc8mwtx5gh5jnu59epar75grwclex4l0u2w8qlzx,AGIO,500228.333148,0,0,0,140,0
pool1x3vyp80hxtepp22pn96g8m3eetjlm95pv23v7j77wdudzcnn5s7,,312072.776561,0,0,1,0,1
pool1x3wuw3ungmrq5padffsqne82fx5uesy6dc2qmj83xyanq4rgnz0,,649198.310765,0,0,1,0,1
pool1x3xwc9azttgda9e9pvd0fn4xlt2eqlsvuctv37gggz4q6e6fjkk,LIFE,153083.00928,0,0,0,3,0
pool1x3ygjnc4q7akd4axphpztl88fu8k2rt6tuxucsrmhe7tvvggr57,KIBC1,131300.297166,0,0,1,0,1
pool1x5jlxxqce4gkr4474q0gcsmu47wfqjt9mksv2w38ujpzgjn83ye,JP777,1007.469661,0,1,1,0,1
pool1x5wcgdf9d2ml2cp92dpd63j000k03cauf7tkurvq4y80jp3vrel,JADAA,7.640398,0,1,1,0,1
pool1x688lcv2xedw5upej6079gs7uk3dcru9cxm29sttlf86q4wkh57,,88001.92664,0,0,1,0,1
pool1x8ujs98g90dchw8kvu7u8jzntdh656u376fv7rv62e84jmznsr9,IOG11,125970435.158867,0,0,0,999,0
pool1x9l9avk84wwu062687eel4jcdlt8t3ud27tq6rc0ulp9yq4p2v9,,26325.788696,0,0,1,0,1
pool1xaxps54m30n35fegcweum3c86pr7xp2mmcvfsd007v9ps9xu8js,,149243.398471,0,0,1,0,1
pool1xcy8wtzrmzdhr2sqjjm8qe0hrxr4dc23zsv9mdfegahv5t0jud9,,2.450653,0,1,1,0,1
pool1xdwe294ntvnken52vsaar7edxpxeths4dvsm84pm4chyq70r0ny,,59424386.849579,0,1,0,426,1
pool1xer708rvhnkqe5yut9v0jqzpvng7afruz2cg8ppnes50s4zskft,OMNI1,2614.056854,0,0,1,0,1
pool1xfds46yce4s70xyh85xhe3y9prhtgxyajt34dlhpw4akq345ad5,OMNRA,1025961.116201,0,0,0,6,0
pool1xgwvxpas3r8nvg9z0f5cdcyr56whynkl9dpa0ukpq4ztjfspk9r,,78322.805925,0,0,0,1,0
pool1xh0kehvrn64azddplff6gfycc86cjcrjs6zlznfcdk3f6wj86ed,,104697.526589,0,0,0,2,0
pool1xj5f7a79lnc9v0gjn00fkf2lyzexngka59tpcew5rrkyqveagpt,GREEN,273878.943356,0,0,1,0,1
pool1xlphlhnjvfeh40vcqf9fdewztsj6kyxq6604kaccpv00umjfu0d,FISH,11715022.661668,0,0,0,66,0
pool1xm4nalvh3yd7pzczlr84w4jlzymwqrnshlpv80u8s6zex997kc6,,11.7,0,0,1,0,1
pool1xmftxwzqqkug8uzl2n2yvxhm6k0tx4rjtel92wjgvrlfk0uqy8c,,24461606.212176,0,0,0,146,0
pool1xmj8c7n0cpgzz68nf0hq5f7z8292cv80tkcw89wzjgm4c567lj2,,20545.244885,0,0,1,0,1
pool1xppj5zu9kmuqk05u6dtd3dmtj7fl25cvjyzsc95gmfyjywaslnp,MS3,102326809.062388,0,0,0,524,0
pool1xrrrr8gldqz8pjxj6j8c638a9py04xuv66kfgn2dlsx9g52te0t,JP3,58169536.725817,0,0,0,440,0
pool1xru6f3fflzwkptgm68pncrsncg9ngllv0jk8jnz40m7wusfhazk,,18175411.416395,0,0,0,53,0
pool1xs34q2z06a46nk7hl48d27dj5gzc6hh9trugw2ehs9ajsevqffx,SNAKE,75747.923783,0,0,1,0,1
pool1xsyl4mgg08httw4mw7z2tjnzm839e7rh8es5sngwqmvgq2qk235,1PP01,12699.376111,0,1,0,1,1
pool1xt0z35f0ms6xt5r8swhtd2xcymqxvk42m8fk5q8fnw8hjhr6yax,,62821.899998,0,0,0,5,0
pool1xt7mjrtnsew3v33lu8sf93upf20sxhmcrfnpm82ra46yxk7uy45,ETO3,162000007.657118,0,0,0,868,0
pool1xt8ap3qu32mxan6kahesqx5kek4lw52u5hqp2zpsdgskca56ahe,,694813.064403,0,0,0,5,0
pool1xwqye6mlftwjg706acz5fjqz7gmf4qdye99zsjl03a4ru68ghee,ANET,1858597.681271,0,0,0,11,0
pool1xxhs2zw5xa4g54d5p62j46nlqzwp8jklqvuv2agjlapwjx9qkg9,SWIM,154777174.842077,0,0,0,1377,0
pool1xxvcz8dem4xufzn74v2y7fs709mfw3tpq963thzg5en5jrkv67a,DUBAI,10261249.733995,0,0,0,31,0
pool1xytvsd9qnvqxpthh9p8k85e823trvn3npxeur8kr9zhkqz5uls9,ADV,8587442.327243,0,0,0,71,0
pool1y046n8u3uz552nmhz9wx7jv2gn9lytyvwlntetkyavvq52nzqzs,PRIME,36.313357,0,1,1,0,1
pool1y0dpast69pf4lzurqkh8tr39fqgkqcypxe3mlsc8my7xydtcr4m,NAUT,203868.349233,0,1,1,0,1
pool1y0lq6rjckxxly36gf3wdsxzjzg97mq9c90una3vfq8pu77g7zkf,MESH,7893783.465651,0,1,0,74,1
pool1y0twtse3rr97hjvsd5kkycwg8gru2h2fay6k5ecx3zy8cx5mdwm,,1021.053666,0,0,1,0,1
pool1y53awxsm6cmksp8qht8qfq5f5c69t6mrgrdcresk5y0ecv2yj93,RAMEN,1115752.369759,0,0,0,20,0
pool1y86v7u4544ts98g6d34nwz75d9llejardpmqz40rnufwkmmpjef,,19337568.908558,0,0,0,137,0
pool1y90zp3ysrwzttwqhm2gjc7gp4d7tg2n6zsw3sp3lyk7vjxc56d6,BROI,103226.724264,0,0,1,0,1
pool1yam2wu7nw384zjtset09u4ef75uy840mjru39nuhm0xaqj8lw78,NECTR,981166.998183,0,0,0,9,0
pool1yc6f3cqsc7jfh07hcns64v5cp8720mve870pgxf2wkr3u8l7tse,HYPER,515188.032533,0,1,1,0,1
pool1ycn0kca2jx6tw3dy2u4ya8qjjplnp53jt68upg3c2ls5zqst96x,,280458.345759,0,0,0,1,0
pool1ydmetputlff49n9ry5qjupemx3xwxdapm46je574afxdcy0907y,MS2,102044060.727332,0,0,0,774,0
pool1yechqtexl9r7esg5scwynqalmjrpd5l69wkwrrw54y0x26eljpq,ICRYP,321388.934803,0,0,0,3,0
pool1yet04d4ykpp7me8uc2jx2glxrx88kt9uhmv6jeh7xkmtu5zucna,AUTO,3599674.497152,0,0,0,27,0
pool1yfacynd0va3rw27tjldfz05f6hfjhfv36wwdhn3dy2hfqq00w8y,PARAD,1318632.26474,0,1,0,5,1
pool1yffj4e9g8hkfzwrmrgxa6vcxuzrtsrandt59pc3hd46m7vm3pa2,,77919.151851,0,0,1,0,1
pool1yfxhjwwlzr5da82h77jy83nkuryh970ey6zypd89fy6qyuxfppe,,50233.775499,0,1,1,0,1
pool1yj9xduuwzvdkcwm2mc9x893zq684x7pyah4ja8zmzplgvxz6wgk,SPIR2,1021.652689,0,1,1,0,1
pool1yla5xge99yeddrcts0ya9n66k3x2vrcachnnmzu2vqqjzm6fw3k,,2094597.329553,0,0,0,12,0
pool1ylzc40wnpl263rf9z3ynwjpvu72pnhr2l4msaydq7agwxurl2du,,1004.779034,0,0,1,0,1
pool1ymfwzsxt35g3gdgp67yr688456km59twr78j05e87y94w04tj9m,MOXIE,1657068.330667,0,1,0,3,1
pool1yp3f9645g70ncfrjfw4gw77gpnf80q7xpzwlce987g48k9lxsh9,IDIV,1086663.578609,0,0,0,6,0
pool1yr0cv3dtmhcfgqa6yetvmf769ngk89e6tepecmjrmjl2jzcw2lm,EASY1,8102.894387,0,1,1,0,1
pool1ysm66fawxhayjqfhgr54fzspp3yktdmepxvqm86xshhksj0qezh,,540781.855036,0,0,0,7,0
pool1ysnt75sjnlf0sfpj2r0ulld7kl0jw0fumtp6wymweu7e5k94tp8,,75102.25664,0,0,1,0,1
pool1yu4ssvm9ts70dmdvhywdzd08h66q932dt5gh67gl33t9v2qzg8g,JSTK,1047.428125,0,0,1,0,1
pool1yufvmm7p27tewl4uumqkt3zzlnf39jhp6w2lt673kpyjck0h9q3,AGRO,457394.26527,0,0,0,5,0
pool1ywt7jqfsmxg0yplku4mtdwtm476rp72z6fns9mhevf7u72pkupj,UNIQ,1118199.164913,0,0,0,5,0
pool1yxhf37v04q6cyrf8a4g64xsmvepwg5t2zc0qcquqjlph55ye2ef,AEON,6574731.231003,0,1,0,64,1
pool1yydna77k2j8yq4fw08d202z664g3fvavfvqjg5g4lxmwzsa9k9u,,315757.752835,0,0,0,4,0
pool1yyv7vx5zhhsd60jp4tl72vpznwvpvjp35m4z7jr42ugkxmndyv5,AZTEC,1479555.215593,0,0,0,144,0
pool1yz3fnqnsqhqpkc2tjqn4dkws8nnr8a5kcs50g780nh0wk8tgnp2,ADAES,1039406.508519,0,0,0,8,0
pool1yz84yglq8uuaavqfhphr2k2cpnazhfa6tu26tscxvycsyzzstm5,,104398.188895,0,0,1,0,1
pool1yzu4lp7f8ua7negffj8mmwfylx4ckhsu00a4gtf630rlcwnl7gd,,111013622.709545,0,1,0,750,1
pool1yzvc2la3nugzjtq2rr389hppdh90elc62wrlhm9x5teggg0eymw,,104758.921991,0,0,0,1,0
pool1z033qtxzsn7c9az4fzz8z0ewnynzcuq2dy54v6tfyqz5vfjkmv0,TILIA,1611.834017,0,0,0,4,0
pool1z36erp5vfg088ylf5ug86gvndng0nnz27hdc9s5c75leghwpf6a,,2456.022317,0,0,1,0,1
pool1z59y9zk6kvyzl9fv7evxpnry8sk6ymxuee0lc6kw2rkvzh6f077,TPM,2.623282,0,1,1,0,1
pool1z5uqdk7dzdxaae5633fqfcu2eqzy3a3rgtuvy087fdld7yws0xt,OCTAS,27445345.487701,0,0,0,205,0
pool1z7n2ruhmxmv77f6cqhd3wsy6774h2wuay77agxuf2y9mj8q55vw,1PCT2,154862556.080569,0,0,0,1062,0
pool1z89dx8u42f4cvujvsjupsg50cfgqhjjuaxegvj59h9q9scra5fy,CO2P,25740.896627,0,1,0,1,1
pool1zc7vxe3ymyej76h8wu8gm79chtt7w9c3adkza4uhrjvagr9w4zp,KRSNA,142597.240161,0,0,1,0,1
pool1zecj6wqrzkcjmldvrr992pt3c64sgrhkhexxst32sdlsjwkpmfh,,7239639.096322,0,0,0,40,0
pool1zevtw8lsd6xh45v2mfw3ay5rqtgyt5dm77daglqwjnpgjgc0ynp,,11069.821438,0,0,1,0,1
pool1zhjkw2483h5hn0d998angqyfqlaf7ycrgqhk3ae8vj0qwe9kelq,WAVE0,229537.564355,0,0,1,0,1
pool1zkjspf9w0gm4x37747re5ew4ffypm6g8xqzhxjeush7lx9tcptt,,546356.914413,0,0,0,4,0
pool1zmfpd5r5vfwjmwm4cgy53exe58h7plnecny3t4948yw7zumzp4c,ALPS,118402.436221,0,0,1,0,1
pool1zrsq44yvyy0pc360lccc2pc9cxyn4pht5hqhhazs2xdw58r057q,KING,1007.469661,0,0,0,1,0
pool1zsyqzr04g5pr3nv7vfk8ldc3uf0xljc8yftdsqpxxqpychpxj65,AKANE,552371.057345,0,1,0,6,1
pool1ztjyjfsh432eqetadf82uwuxklh28xc85zcphpwq6mmezavzad2,,326277.374081,0,0,0,2,0
pool1ztpwatlnzskuruwe7hxwvu6xjsv6l24835pyvpx7lslccy3xx9a,POOL1,75188.687706,0,0,1,0,1
pool1zvt3jucmlx2334zv4twpmlfhlxnamwrpp8uzqywd9n94cmvf2xh,,146485.884919,0,0,1,0,1
pool1zx293a3jpjh9sln53uhlc34ccnppl6sze22rrcmt04enzapl935,,300.822669,0,0,1,0,1
pool1zz7x8ergn02chznayj9fjds2gk5q6prmpdr49faspd65kzqsrjs,AUTO,2140316.471959,0,0,0,169,0
