epoch,rank,pool_id,ticker,active_stake_lovelace,declared_pledge_lovelace,active_pledge_lovelace,n_owners
228,1,pool1x0qm7xsyh2za3ltprxsgael544je4hg8tc3q3v5gv232z8jt4wp,PPCX1,211629046193261.0,1000000000.0,7009571239197.0,2
228,2,pool1ekcsyzwexl7p2kwxxh34hy28l6772vrmff7jwmuxsa6u6fzty9z,ADALO,207417533502032.0,200000000000.0,1016299314122.0,1
228,3,pool1gclysx2h7fndj0jdajlmwvqr8q9tzu3rurjknacu0ff954fsg9a,1PCT0,203185199154469.0,50000000000.0,122886631840.0,1
228,4,pool155cu3s06js3llfh07vnzepatfuvt3s5s7uwldt9rzz55wz7pugt,SPS,200843160589718.0,10000000000.0,91825805916.0,1
228,5,pool1a2nh3ktswllhwf07fjahpdg5mpqyq7j950pyftq9765r6t4cefl,OCEAN,198499286484774.0,25000000000.0,520098080931.0,1
228,6,pool17vxhghxt2w2hc8c945ex2wqpwlcz39v6uc3fcxvqln45s8xrdt3,IOG15,198027792334666.0,1470000000000.0,1470000000000.0,1
228,7,pool1v4xevkf7fx08pzy7atsk59dds6p0sdyl6xmhwf4mh79x6l5p6kx,DIVY,194553525052185.0,1000000000.0,1064344472664.0,1
228,8,pool1jg3fmnmc9n52sgzslhhvhye5e3xeqmrwkekdhh82sma47r47zg0,NUFI3,191162798895097.0,1000000000.0,70919438062.0,1
228,9,pool1c55n72ag3tz8g7rntzuu9a86u7eugsy008xl3xsje8kwgvz2vdz,,182358115581967.0,30000000000.0,33708725827.0,1
228,10,pool1ecvcst7k9eul4ggnljh0jw2s5nc2tyfmyzsx3xg3kmmz6ptgfwj,NUFI2,179333213150949.0,1000000000.0,108749417807.0,1
228,11,pool1vxvdypctdecvc2j7xu9y8h2fdxvkpjy2pp8luwg2h6dx5jlv0nk,COOL,178751242706057.0,50000000000.0,506737629620.0,1
228,12,pool1vxz0deezj5c2950e7arpzfqxzq8zd9kawsullrzjw5rsq0yhxgr,ZZZ,177376918659981.0,50000000000.0,160336001964.0,1
228,13,pool1mxqjlrfskhd5kql9kak06fpdh8xjwc76gec76p3taqy2qmfzs5z,IOG1,175179504731677.0,5000000000000.0,5000001000000.0,1
228,14,pool12vs4c3cm0tr49c7alrevfs0xa5g3s4al4fn46h33e69uusat04v,BLOOM,172280664808829.0,1000000000000.0,2525475020825.0,1
228,15,pool1gjmerqh4wxl553enqeqgc6m3r3gt6yspdg29jy6nuypa6k2tpdt,,171358629917322.0,0.0,37078813622.0,1
228,16,pool1wpmjtfqcwvtcs9znpuulk99yk2zz6pfh0c4k9f2xlcspgqjndk2,MS4,170453519849301.0,100000000000.0,109875942842.0,1
228,17,pool1hntu7agmt8u5j9c20ejen7dvq0jfkvkpnul3mrdd8tppqvwfvt2,BLOOM,168763097566033.0,1000000000000.0,2523530672578.0,1
228,18,pool1jx4ss2zjage3cw0wht3450328y82yeprmq4fr3e2qtac2rhezkv,ZZZ5,163957456673106.0,50000000000.0,149804219210.0,1
228,19,pool150n38x8gquu4yt5s0s6m3ajjqe89y68x96dh32tq8a4es2l6dvp,ETO1,162514745594674.0,0.0,0.0,1
228,20,pool1xt7mjrtnsew3v33lu8sf93upf20sxhmcrfnpm82ra46yxk7uy45,ETO3,162000007657118.0,0.0,0.0,1
228,21,pool19066qvd5dv6vq7fh5a5l7muzk6nc5fw8zq3w4tclyrhvjvlyeuc,ETO2,162000007657118.0,0.0,0.0,1
228,22,pool1qs6h0y7czzt605kptmrv6cr85kxd6tajr2hs0etvxphv7tr7nqu,,160241262049855.0,30000000000.0,57831113540.0,1
228,23,pool1vc8jp7uagxgh8trzx7r260ndcydz89ges8sws05cyv7jj8q8gqs,OCEA3,160024071442010.0,25000000000.0,514921649321.0,1
228,24,pool1s0cfkzheywsftgwp0yz7sq4rt5gyf7t5kfwj5a269kpxvndjn6q,OCEA5,159747417330544.0,20000000000.0,517176267556.0,1
228,25,pool1a6v2wt0m8wjra80zuw00sfdxn4w52cna96gcaglzvred6gnsusx,MS1,159656100805900.0,100000000000.0,248622871835.0,1
228,26,pool1l3fvlzadk5hg78wy3e304s9t8tjzxnu962e2fl7tq8x2yg3mz6l,IOG18,158802509169220.0,1050000000000.0,1050000000000.0,1
228,27,pool1ddgcpgjcyawxw95se9x8qnc8gxgwjr4fqrk4vk6v9x47s0ggpjp,1PCT8,156156960158048.0,50000000000.0,120740401242.0,1
228,28,pool1z7n2ruhmxmv77f6cqhd3wsy6774h2wuay77agxuf2y9mj8q55vw,1PCT2,154862556080569.0,50000000000.0,119947641381.0,1
228,29,pool1xxhs2zw5xa4g54d5p62j46nlqzwp8jklqvuv2agjlapwjx9qkg9,SWIM,154777174842077.0,0.0,439024145352.0,1
228,30,pool1vx9tzlkgafernd9vpjpxkenutx2gncj4yn88fpq69823qlwcqrt,CRDNS,153711397023458.0,200000000000.0,503139816482.0,1
228,31,pool15yyxtkhz64p7a8cnax9l7u82s9t9hdhyxsa3tdm977qhgpnsuhq,SECUR,152126118969437.0,100000000000.0,892025783744.0,2
228,32,pool1qqqqqdk4zhsjuxxd8jyvwncf5eucfskz0xjjj64fdmlgj735lr9,ATADA,149415615870607.0,1300000000000.0,3400010000000.0,7
228,33,pool1ctzja2cdwyeqnvehmrlclc5wrn9w9acwklk3acn73jrx56d66vs,OCEA2,148400747910454.0,25000000000.0,513333938839.0,1
228,34,pool1rvng7n968748udkc5rxy4h9zp9hms4s3jsfwuues76ft28uc056,DIGI,143644351344562.0,215000000000.0,611717361298.0,1
228,35,pool1myvgx4ef424e6nw2strqq7dxcepav52plyyhxrk0avaw7y098l2,COOL2,141551069314714.0,50000000000.0,505843612136.0,2
228,36,pool1nncdkshmqynzv3ledrlnan542qercf4h8xydjjylkg0xu62fk6y,IOG14,139909575254920.0,1470000000000.0,1470000000000.0,1
228,37,pool1cd987kw92e3nmjywcfwfws79a09rwp0p0xj5mdtr39qukxgp9uf,,139552222139708.0,30000000000.0,44189242639.0,1
228,38,pool14u30jkg45xwd27kmznz43hxy596lvrrpj0wz8w9a9k97kmt4p2d,,139431399181317.0,30000000000.0,38890433264.0,1
228,39,pool14mm59ntjqzphjr6chrww639cdr3yjce4qcwzc5jkk38y22u7uc6,ZZZ2,134943947520060.0,50000000000.0,128426328580.0,1
228,40,pool17038jcq6xdgjn0xsjx7m79rx52r7sucqwtr5j20tk23w5mjank3,IOG17,132396388243450.0,1100000000000.0,1100000000000.0,1
228,41,pool1welc4vthqtkvcf2e4adza90np6p7v7c4dmkmf567w3xr7ffqd72,IOG12,132374730933437.0,1700000000000.0,1700000000000.0,1
228,42,pool1ell3xjtspzzz4vtsatscan6rheltf7j3hh2s8qsam2h3jvcxzm9,OCEA4,132285699537198.0,25000000000.0,514768963367.0,1
228,43,pool1lkpj6fa4l0sy39qfvyl4pcsnnd22y8np8j98vzwula2kuxgers4,JOY,132031714280948.0,50000000000.0,3005262756584.0,1
228,44,pool1w6l6rvhxtym5psec3mvgrjlg28d6hrv8g9jjexadzmxfgndfg2f,SIPO,127832237951608.0,50000000000.0,50436809129.0,1
228,45,pool1x8ujs98g90dchw8kvu7u8jzntdh656u376fv7rv62e84jmznsr9,IOG11,125970435158867.0,2000000000000.0,2000000000000.0,1
228,46,pool1rkyc3ss904h066sffergss99r9p2kqa4k6ds0g4u5ud4x7yaajd,1PCT5,125653510267549.0,50000000000.0,119512534411.0,1
228,47,pool1lvsa8e0dw6z8g2fkw7prnfa7627wuy5jjexaadck6w5sxw5xkvm,DIGI2,124716230908420.0,215000000000.0,610331538205.0,1
228,48,pool1augg8mngjqjmxr8zypdqx7066f67q5cjcuwf738ja7csynadd99,IOG3,123010057383967.0,3300000000000.0,3300000000000.0,1
228,49,pool1j25x3lguq95gp0tt8ng2nw3fz9ea2p6a89vmgffdw6h0zyh66a0,IOG19,122277221216990.0,1033736000000.0,1033736000000.0,1
228,50,pool1uy8ws63cmz37gaunkhuehynvr4a0yakw2yv0vfjs704326nte98,IOG16,121893405203339.0,1200000000000.0,1200000000000.0,1
228,51,pool1czg8a3gg33aujkkcf9wrnr8zf4qq9qn0rrkh04umrg60k0vyvdl,IOG4,121595445011148.0,3000000000000.0,3000000000000.0,1
228,52,pool16qd8xyz4dsn3g5zxdxtvr253u8jpy7xcn4ut9v92ug20gegt55h,IOG7,118678890740766.0,2700000000000.0,2700000000000.0,1
285,1,pool1ye4zrxf0w7d7drq5wmat36dlzq270dxy9rhgcwufnaja644vwr9,NUFIH,83465853216101.0,1000000000.0,1010416010.0,2
285,2,pool1wpmjtfqcwvtcs9znpuulk99yk2zz6pfh0c4k9f2xlcspgqjndk2,MS4,67946313440054.0,100000000000.0,105218503133.0,1
285,3,pool16jtszaecta7rey84rteah39gv53pw7953u37fhrqm49xwfdtdjd,BNP,67395590410487.0,2000000.0,2415014641.0,1
285,4,pool1x0qm7xsyh2za3ltprxsgael544je4hg8tc3q3v5gv232z8jt4wp,PPCX1,66178041977791.0,1000000000.0,1203807223547.0,2
285,5,pool16agnvfan65ypnswgg6rml52lqtcqe5guxltexkn82sqgj2crqtx,SPIRE,65975264304136.0,500000000000.0,1002944343431.0,1
285,6,pool1xgqwmz4nydmn6ng6vsen5rtehy7u3uaytsml3q2pudp3w35uaxu,BNP,65943485465360.0,2000000.0,2673970065.0,1
285,7,pool1h66njz7qg7p3sa9dd8mptfhsy04pyxr9ca0v8zwkcz3eyg3g3au,BNP,65927990040926.0,2000000.0,3242691424.0,1
285,8,pool1v8f9npqqyywumf58s5g7kmvywx09c5pv02nr65q00ftuur8780p,BNP,65926367019984.0,2000000.0,2462162949.0,1
285,9,pool10cqp98vsdtam5p4xkfuleahy99vcdggsfdl4cszxcefmcheexma,BNP,65911602671072.0,2000000.0,3068156025.0,1
285,10,pool15fgwk5vxn34efj79qlfzuahdpu6ax8x2hkchyh8mehdh23q0nqz,BNP,65910210348018.0,2000000.0,3199152114.0,1
285,11,pool1lxg4rf0aqqachwft52hs9mtwlmpfyw6jqxyulz0pcfj25d4uaqd,BNP,65903674924302.0,2000000.0,3071129777.0,1
285,12,pool12va8zrqehhwuz39trxgq6dagzjyq3qjenqd96jy9qvwwx2372zv,BNP,65902964279104.0,2000000.0,2983872098.0,1
285,13,pool1jd33dsshcmepweqwmrgn9jc0lqfnammnua8yc2qq9w0txxkawt6,BNP,65902570427676.0,2000000.0,3506743689.0,1
285,14,pool1z8rxpwrukslywg9s2wy4kvfhknqg7dnah5pszf7fcm0fu2valeh,BNP,65902532946864.0,2000000.0,2505468876.0,1
285,15,pool15auyy282239uj3z4uah4y74wu5exdy5lpwegj6yn5pzy7g4rv3r,BNP,65900970057250.0,2000000.0,3111777442.0,1
285,16,pool19jyw8flky7da5y20jtdme4utwd8sa0l5pletmnny06w9xx05eqc,BNP,65900403304408.0,2000000.0,2981199585.0,1
285,17,pool1yp85j5tmfwwlj8hmsxcrp2dnxuu0fu858qvl6tpeedpckt9zvkj,BNP,65899548523160.0,2000000.0,2592686887.0,1
285,18,pool1etu9qtmx2dhf2yu0hu3uzj4au8gnpyx54m6jhy5876pwsulrcmc,BNP,65899394003466.0,2000000.0,2418762850.0,1
285,19,pool1j6jx6knedgcysdyjcdchlq9hcmhc062jttck9lav7a8aklta6mk,BNP,65897291596069.0,2000000.0,2633145169.0,1
285,20,pool1c8f3ffu2g0eatw4fctjpq5q48pppzst0yg90fgj23637uhhhx23,BNP,65897195775869.0,2000000.0,3375825600.0,1
285,21,pool1kgwaa6fhpaqu8v4hrk35lzjhjsa6typ55ammszhd2q7zkxv5v40,BNP,65885137039654.0,2000000.0,3152235445.0,1
285,22,pool1jsv2hveu0n6sw7zesdcmc8cfle2xp5w7ma6qlt4xvh62cxly5wc,BNP,65884718740287.0,2000000.0,2934899612.0,1
285,23,pool1uezuqdzj9ue9y2l3ce9873sj33tz3q9tcf4tuhm97fdggywuydy,BNP,65884692245225.0,2000000.0,2897454174.0,1
285,24,pool1nwvfpwq36ea6ne5czpvpun7pr89qcg654kmu6ml4vjc2xzwlx4u,BNP,65880295900181.0,2000000.0,3329036803.0,1
285,25,pool1uzkf7xmg6p3p5nn8y0eknfgws8e8j94vklx590qra2kfxpsxwsa,BNP,65877102582083.0,2000000.0,2679678488.0,1
285,26,pool1ewd9g9zcz6tvlytk0plfj3e8jq645l0xr4n62epa49dgv9h43an,BNP,65872878320805.0,2000000.0,2586961172.0,1
285,27,pool1l7elukrgntsdwrt0hyu6sshw0rk05y82k4sjwse8u79hkhf862z,BNP,65872213776861.0,2000000.0,3065537649.0,1
285,28,pool18j42fxelgk53gumv8y7f039mscg6kl2lvmktfcs5aymqvx728d8,BNP,65871306584480.0,2000000.0,3242362005.0,1
285,29,pool1grlhzfvd93ea4832tm36hwd7y4h8ghnlwnp3awx5heffjttgf0u,BNP,65861853651590.0,2000000.0,2720159531.0,1
285,30,pool1wfvreaqszfzxe5w2swwpqpy7e4jax9nyky0x855xqswkzq4v7zf,BNP,65861533086201.0,2000000.0,3242120716.0,1
285,31,pool18kpfz02v3knfp24k4a3zv50h5eva5s90slwtfvae3n5rq4zfget,BNP,65861261515655.0,2000000.0,2288113054.0,1
285,32,pool1ys6fndfj9r6e2waeqmy27raejcqzm4u8ztjrp2naz95kgwyv9qu,BNP,65856788406412.0,2000000.0,2673535706.0,1
285,33,pool1vfdw3j9246kkem4lychnsqj9edsmfglfvxvmyl4ekqddj92e33f,BNP,65852463528875.0,2000000.0,3021553940.0,1
285,34,pool1vcnevxtlwswfh8cdnqc9xrgpxq8wt33l2jtcfle2eqwpwd9997d,BNP,65849840444429.0,2000000.0,3024623958.0,1
285,35,pool19nu8lt0vwycv0eqezpyjquawfklxtjjx9s0ac0f22mgp2ggpsvy,,65848894112645.0,2000000.0,3021582527.0,1
285,36,pool162ejhdrf7m5te4hpuzagrpck6vt78undp2flx9as3lww6uvs4lq,BNP,65847351963721.0,2000000.0,2679776278.0,1
285,37,pool1eu4s4jmjam94dgzm56mejgk5k3l7m7unk95296c7t73xqgp6kfr,BNP,65845866667827.0,2000000.0,2853342950.0,1
285,38,pool102vsulhfx8ua2j9fwl2u7gv57fhhutc3tp6juzaefgrn7ae35wm,BNP,65844169341403.0,2000000.0,3021665594.0,1
285,39,pool1vwfg3d0yhun8anncaxjfg8whjn6sa328shuyc6rmf2cgvyjrs7w,BNP,65843830693234.0,2000000.0,2760616156.0,1
285,40,pool1c50yum9j2pj66p6qyjwxd6h6z8scvysxq2hlrnw22vgs5rq2547,BNP,65843333405716.0,2000000.0,2896870810.0,1
285,41,pool1ydf0337sh8ct7ke59sf46ke9eygyj80wc9zqhkwjw7v6vmlxp59,BNP,65841662930858.0,2000000.0,2415482785.0,1
285,42,pool1ekcsyzwexl7p2kwxxh34hy28l6772vrmff7jwmuxsa6u6fzty9z,ADALO,65826435521198.0,200000000000.0,364039879254.0,2
285,43,pool1pavpy40ahr5w3rfkw63uhm0r8c0jg4shrjlrjfnt8km8jewpjan,,65823627113109.0,2000000.0,3369667428.0,1
285,44,pool1s2gxepqa5r6qzze05x3vxunt24cmqth2d2lmfrtudfqcg5c78kw,BNP,65818809863005.0,2000000.0,3198408701.0,1
285,45,pool1k3qcz2ruwtgv0vduu6jhzu7d7uu6ca7sxz7lc3sxzwxay98k842,BNP,65814752067147.0,2000000.0,3372605560.0,1
285,46,pool1cxl0gk32hwe6sckdmy2zydkl7wrk8npjay0u3u5zsglwvkqmjen,BNP,65770172250046.0,2000000.0,3021583987.0,1
285,47,pool1fd0q9h8974y6psejmzczlywy8fgxxy07rn2ynrwu734aqwq540p,,65743219989378.0,0.0,0.0,1
285,48,pool1nhlv5z2lsptzgcp9ype0mppc7zyndm66ypm4sw5hy27ewdchqx0,PPCX2,65528791245025.0,1000000000.0,1003089414873.0,2
285,49,pool1swuyjknhewtqcmh583jjpvlcl0p9h9hrt5l2f3v2hl6gchqrn40,ETO4,65484093421115.0,0.0,0.0,1
285,50,pool1u99x2rr6trfznwakv0959llmxmtgc2nvanc067uugl3ejuvvnc8,,65447178218821.0,5000000.0,7063494856781.0,1
285,51,pool155cu3s06js3llfh07vnzepatfuvt3s5s7uwldt9rzz55wz7pugt,SPS,65168816939353.0,10000000000.0,35899214751.0,1
285,52,pool150n38x8gquu4yt5s0s6m3ajjqe89y68x96dh32tq8a4es2l6dvp,ETO1,65156541518791.0,0.0,0.0,1
285,53,pool1vz9eysr66jhsrt9h2zqmc42hr2ucfdtt0v597uxwdc24gqsjyw6,,65148991308954.0,64000000000000.0,65148991308954.0,1
285,54,pool1jzk8rwf2fs5l02dmm6pm5tnw9stmd8jpmvsy54085vu2u2656re,ETO11,65000027647561.0,0.0,0.0,1
285,55,pool19066qvd5dv6vq7fh5a5l7muzk6nc5fw8zq3w4tclyrhvjvlyeuc,ETO2,65000007358959.0,0.0,0.0,1
285,56,pool19l206haluae6wyzm7tjpt3gln9paa5m9s4fedec2u09fqz300ht,ETO10,64999997816010.0,0.0,0.0,1
285,57,pool1xytvsd9qnvqxpthh9p8k85e823trvn3npxeur8kr9zhkqz5uls9,ADV,64948626982877.0,250000000000.0,500702637500.0,1
285,58,pool1qwa8x4u4a2pff0xdv0haxpgk3tyrvl5adl2lpf3ztcftqruhea0,ELITE,64508155897322.0,200000000000.0,501034681951.0,1
285,59,pool195gdnmj6smzuakm4etxsxw3fgh8asqc4awtcskpyfnkpcvh2v8t,SUNNY,64447980364315.0,1000000000.0,521501900000.0,1
285,60,pool155efqn9xpcf73pphkk88cmlkdwx4ulkg606tne970qswczg3asc,IOGP,64328684743223.0,64000000000000.0,64328591517480.0,1
285,61,pool1gpzkwf3ntp7ky6yvyky8q6qu4dyup5y6v4pxzn56yut8sqp6k53,IOGP,64328597689869.0,64000000000000.0,64328591517480.0,1
285,62,pool1h5uycju7n5puxn2ckfkpza550rf6jk4twr6ef0hsmxft78ajt6q,IOGP,64328594017480.0,64000000000000.0,64328594017480.0,1
285,63,pool1nee5kmpzv0qfz7lu258fe9ylgxh68lsqqdmjgw7jnheej3usn35,IOGP,64328591517480.0,64000000000000.0,64328591517480.0,1
285,64,pool12ql6www8aa8usn98azlkz76d2htxtm9swalvyac27rlq6mdkxc7,IOGP,64328591517480.0,64000000000000.0,64328591517480.0,1
285,65,pool1xppj5zu9kmuqk05u6dtd3dmtj7fl25cvjyzsc95gmfyjywaslnp,MS3,64293632311777.0,100000000000.0,105599070675.0,1
285,66,pool1750p8pnt7dp86xs7jlkrcm3zue3d8gps4sngzts3rj2v7vrz7ul,,64051853427206.0,63000000000000.0,64051853427206.0,1
285,67,pool17e2p709fg8vk60py86hqrl4gwnttuspm9hfvv46jgh0xuf72jqx,,64035727317418.0,63000000000000.0,64035727317418.0,1
285,68,pool1w69y40jqha8vnpsg0fhn26vym2z6cwur3r06dpqw8nw0wrsmdns,,64006542100350.0,63000000000000.0,64006542100350.0,1
285,69,pool1kp7au7kju3v23yth6nsse4jhxzweud48nmc7m6akpdq57ztq4zv,,63942858901003.0,63000000000000.0,63942858901003.0,1
285,70,pool150tmra3wtm5vhwpn7ndku3djcw030mkvr54ph7gvgp7ugeq0m5m,,63932609897109.0,63000000000000.0,63932609897109.0,1
285,71,pool1328ql2v48e4q93eml8r5w8qgcg8yqe7ved90la3qrjmw7pnty9l,,63931807434024.0,63000000000000.0,63931807434024.0,1
285,72,pool1gxu8g9fke4yydpaycwkumsrjz88uuq72tpe8yy3ndtx9uy9fv3j,,63924989109888.0,63000000000000.0,63924989109888.0,1
285,73,pool17cv6zzmue6npvlzlz6trf6p5k4mnnskm3ysctuh048c7k9s64jz,,63913957776169.0,63000000000000.0,63913957776169.0,1
285,74,pool1f6jtzz94508d6x47cct4umuh5c2jpajdyd892hfrrfzquyyza8m,,63694368000618.0,63000000000000.0,63694368000618.0,1
285,75,pool1c7jrfce3zxkk9s9enzpvwj8fuayvx3pdzc2k2es6mrw6gsfcjep,EDEN,63611797195434.0,1000000000.0,5003116423486.0,1
285,76,pool19lz8nyz0jjpdrdtnjaar4untk4th23gpg5s7aegn7480zff4vgq,MS5,63589875854763.0,100000000000.0,106259506045.0,1
285,77,pool18vej0s9gska8c847aj95g9v24duuxg2g63d5cuqngnxew643jw9,ADV2,63493926564935.0,250000000000.0,500634805272.0,1
285,78,pool1qqqqpanw9zc0rzh0yp247nzf2s35uvnsm7aaesfl2nnejaev0uc,TITAN,63450207665152.0,250000000000.0,3344004934255.0,6
285,79,pool1a44j6jas4sjhh3qc96r8rmhsdjxjuntuzxr3440jzwjjcysl9ca,MELD,63213191542898.0,20000000000.0,252254861231.0,1
285,80,pool1lurfk0k0wwx54hlg8a7zp3jtstu57u59aeq7aketl55hknmmtu0,TNTM,62998771890582.0,1000000000000.0,1005095282035.0,2
285,81,pool13t6cwz9hhr8xm29pc94zyg5tx3kteqeu8gw2nc3lhzatqegzp6z,,62642912919826.0,20000000000.0,252994013974.0,1
285,82,pool1pshqcksxywy68lt04lw6uf35f4yssekh5dx2mxqmyrukke2z5y3,ACL,62627748448905.0,750000000000.0,757452972726.0,4
285,83,pool1gjmerqh4wxl553enqeqgc6m3r3gt6yspdg29jy6nuypa6k2tpdt,,62611596094205.0,0.0,12406056980.0,1
285,84,pool1uj4u73qgtprqre78q75fq2vkcrpfrcdreqcqkvn6u0m2k6nk2yp,EVE1,62534995817061.0,1000000000.0,5920528959.0,1
285,85,pool1up53z2kadt6l5xs359ckx477rpyvyg3favh25qrhqt2ujclpq3h,,62434003092851.0,10000000000.0,10766728456.0,1
285,86,pool1mxqjlrfskhd5kql9kak06fpdh8xjwc76gec76p3taqy2qmfzs5z,IOG1,62392585112287.0,5000000000000.0,5000552940147.0,1
285,87,pool1gclysx2h7fndj0jdajlmwvqr8q9tzu3rurjknacu0ff954fsg9a,1PCT0,61431493090417.0,50000000000.0,241074339367.0,2
285,88,pool103455uc7a3477q8pdmzvny884qtlv9vhm2csxvqx2cadwuk36sq,EDEN,61171783573482.0,1000000000.0,5011704770482.0,1
285,89,pool167zl76srpt5a2gthpsq0ye9z4fpray5vsh7xyzcn63hd5mnw7fa,NUFI4,60955918093499.0,1000000000.0,30005001117.0,2
285,90,pool1s0cfkzheywsftgwp0yz7sq4rt5gyf7t5kfwj5a269kpxvndjn6q,OCEA5,60746255437529.0,20000000000.0,273331799329.0,1
285,91,pool1fpu5xurq3jx5rn626ejcx0dzzzk5lmtvdl2qkj9l4kw2sjp50dz,MS6,60705372582396.0,100000000000.0,105685304416.0,1
285,92,pool12g6gfm5c4q7rzwwxdmh0xdxk07tyvujp6d9tke2m46k7q7cz7p0,NDE,60271173127314.0,2000000000.0,9750841343.0,1
285,93,pool1fxmancs3dmc9l0s7u7zrj8334m9nvzam5t5hnuuf4c7cjr6867m,CONGE,60209935328705.0,100000000000.0,136332280432.0,2
285,94,pool13r377w5pmy4tmhuvw0cf9q23asslzjytsruwa27tdnflq7hfjgk,,60162376129879.0,20000000000.0,196864027680.0,1
285,95,pool1vxz0deezj5c2950e7arpzfqxzq8zd9kawsullrzjw5rsq0yhxgr,ZZZ,60002189651830.0,50000000000.0,59474000957.0,1
285,96,pool1kcnh9avc9jgelajcja7y6wsvjdaulkqj02azcszjvm3pwmksr0l,MS7,59772239725634.0,100000000000.0,106027804900.0,1
285,97,pool1w8ham64lthvzzxzn5hknq4yrj8xt2nark409s2xmntlwvt4ag3r,1PCT7,59754145964954.0,50000000000.0,240574822750.0,2
285,98,pool197e83k4u53l6txk8yr83007efgavngua8wnwp00w3xrqw3pmr4x,CREUS,59022780278569.0,0.0,10993276389.0,1
285,99,pool1xjhzgchsl2ccvc5pj3aqytv9hh0jnaz63wtfnw4th07tjypm46x,SECUR,58985504994069.0,100000000000.0,1113254612397.0,2
285,100,pool1l37xvdpcl49kr3wscpjp9pr854g06nnjrlndtu3h7k6pvfapgap,,58850710995185.0,1000000000000.0,1108355492412.0,2
285,101,pool1qqqqqdk4zhsjuxxd8jyvwncf5eucfskz0xjjj64fdmlgj735lr9,ATADA,58464800562219.0,1300000000000.0,2540069912657.0,4
285,102,pool17qvfg2g843gw6lurru282kkex6vp3pyj6zwj99j4u6k7zvmva5a,1PCT4,58430100072673.0,50000000000.0,241971130024.0,2
285,103,pool1gtphgrdj8sluxm9e7ca2spcwcq2p0dxj9zf5v0yv3gsagzq704n,ADAFR,58175563557611.0,3030000000000.0,3286920727077.0,1
285,104,pool1rkyc3ss904h066sffergss99r9p2kqa4k6ds0g4u5ud4x7yaajd,1PCT5,58093774159385.0,50000000000.0,240735614150.0,2
285,105,pool1dww6s8stvm7dl2n8740s3v5rnxmsuqcl8jcnu64g7cds5w29pft,1PCT3,58043890690853.0,50000000000.0,241128856200.0,2
285,106,pool1xxhs2zw5xa4g54d5p62j46nlqzwp8jklqvuv2agjlapwjx9qkg9,SWIM,57986410010126.0,0.0,427674182080.0,1
285,107,pool1k4ejdzlnd83l8f8xm5t0m4uv5q0tzexpm23f6cg7lzzayrquzqw,MS8,57818333614249.0,30000000000.0,35172029540.0,1
285,108,pool1s04pdfl3sv5gzuc80322rc4ne0xs7gekux7gtckvvwt7qutjy6w,MS9,57727944837913.0,30000000000.0,35501155502.0,1
285,109,pool1k0xrqp03mn9u3q3sadndd6vu9udl5v38xpzyw0shm8sskuxw2av,JP2,57659611448635.0,50000000000.0,58198963079.0,1
285,110,pool1uzla0r73fvpnvxr07m98nfzlxcv3q26mkjz00cqjfh7uqsyjkju,1PCT1,57496886295135.0,50000000000.0,241740634097.0,2
285,111,pool1uhy50u9y76nd6z2xmzt3mta0yc7g3gdssef8lheyyg7zzymgzm8,NUFIA,57274136109613.0,1000000000.0,30002806122.0,1
285,112,pool1zk6uxgptztrxxamzd0ugrtu84xg8mjymd2xcdvxqazpruqt9r3x,OCEA1,57246750729541.0,5000000000.0,173165108617.0,1
285,113,pool1qa6lqyu67ghpa0evxfu9nzqkj3h82qpfku82ec79zdwru4pd25m,CNODE,57183047010808.0,500000000000.0,512767198094.0,1
285,114,pool1vnsfv2qpt5gxte9prupjey8kw7ap7t6c8lc02ks4s3gtqplhgd3,1PCT4,57182284595686.0,50000000000.0,240363983277.0,2
285,115,pool1hht4pctn70tqdsd0zwuxv8d8cz6l5scjzaquty7vamyzy78eqvc,ACL,57012925201008.0,750000000000.0,759497261999.0,4
285,116,pool17rjst78s67lvellg8s586rf076jxa3wnsdz730f4xk2zwuhrtej,NORTH,56906669021388.0,10000000000.0,117215326782.0,2
285,117,pool14mm59ntjqzphjr6chrww639cdr3yjce4qcwzc5jkk38y22u7uc6,ZZZ2,56798525356113.0,50000000000.0,59006732984.0,1
285,118,pool1xt7mjrtnsew3v33lu8sf93upf20sxhmcrfnpm82ra46yxk7uy45,ETO3,56683561086424.0,0.0,0.0,1
285,119,pool1z5uqdk7dzdxaae5633fqfcu2eqzy3a3rgtuvy087fdld7yws0xt,OCTAS,56596839820355.0,50000000000.0,559878809175.0,2
285,120,pool1835qw65tsy3x7mta5dfdmfq4mvqzn9cpvf9keaca0nqgvguk7j5,MS10,56593228941504.0,30000000000.0,35353634407.0,1
285,121,pool16kus5xvdysgmtjp0hhlwt72tsm0yn2zcn0a8wg9emc6c75lxvmc,EDEN,56444287841298.0,1000000000.0,10000702648060.0,1
285,122,pool1smy2r8jdvgna5ykhe8rrch7h4qalyfafyzyh0rmanmq0jxptww7,ZZZ3,56436484547895.0,50000000000.0,58303730121.0,1
285,123,pool1g3ssnndd8e7lcmstkjl9ane9mup0eshv3aklg63u5tznwl4ch87,VRSTK,56236632498636.0,1000000000.0,8333321136.0,1
285,124,pool16nz6k74zsm9x5fyh2wa0pt9cn75hfscfvqsxup0vl0vqqthwnkz,,56088080082531.0,20000000000.0,81734369042.0,1
285,125,pool1f9sru9g2f2am9p5tekwt0e7yrvqcatt4f7eq95uc95jcypw03hl,NUFII,55918699928916.0,1000000000.0,2010927536.0,2
285,126,pool1vx9tzlkgafernd9vpjpxkenutx2gncj4yn88fpq69823qlwcqrt,CRDNS,55913391106612.0,200000000000.0,501837902679.0,1
285,127,pool1m62sl6rauje9cknrkhwl39tc4hujudkd7gp478dpz7tagmjr8wm,,55881167494128.0,35000000000.0,147110998539.0,1
285,128,pool1q0a7a94cfk4ph7gugj636tsuhhd98l2sfjv2adhaff2mvs7kmtl,NUFI8,55545509374969.0,1000000000.0,30005000896.0,2
285,129,pool16tcjctesjnks0p8sfrlf8f3d3vrp2fdn2msy80sgg3cdjtayu3z,TAPSY,55284648313951.0,5000000.0,50725943113.0,1
285,130,pool1pvu2zdexh8wr4ggmuz90jvqrua6an43qj9m9urs785p8kwjzqwl,KTN3,54669744551064.0,50000000000.0,58559884584.0,1
285,131,pool12mmcc4rc2fzfv7gyv8h06nvnsrm3m7erzdv8x6gzvjxlu2lf09n,1PCT3,54628553558952.0,50000000000.0,240638071626.0,2
285,132,pool12t3zmafwjqms7cuun86uwc8se4na07r3e5xswe86u37djr5f0lx,NORTH,54610925802291.0,10000000000.0,310008628224.0,2
285,133,pool15zrkyr0f80hxlt4scv72tej8l8zwrcphmrega9wutqchjekceal,ZETE,54299401755326.0,10000000000.0,420449391282.0,1
285,134,pool13pclvkwxee4znt7qc55k8ny89zvdkvfrt04dtd99zjm5vs2tws5,CCJ2,54166821364266.0,100000000000.0,102129334989.0,2
285,135,pool1a6v2wt0m8wjra80zuw00sfdxn4w52cna96gcaglzvred6gnsusx,MS1,54063062222410.0,100000000000.0,115522845954.0,1
285,136,pool14enw2643rn9nn6yzv60jyz3hj4kxs0jvap87lkgsqykh508jxm6,STSH2,54039098553086.0,1000000000.0,8710575234.0,1
285,137,pool1whk6lawmfz4zq5fw8zghglp23452gnm9zgs59nqafhpexwcvute,WA1,53806769590449.0,50000000000.0,332146227525.0,1
285,138,pool1rvng7n968748udkc5rxy4h9zp9hms4s3jsfwuues76ft28uc056,DIGI,53512203484350.0,215000000000.0,251464177714.0,1
285,139,pool15wkxegrfflzcyhurrjxsm9ljqtz09xr5rtnqsarnp7hmsz5um3t,STSH1,53486309598281.0,1000000000.0,8667156990.0,1
285,140,pool1zmtm8yef7725p9n7x433m50kvv9xpzjujnny9m5t960g5qm30ua,1PCT1,53351497376234.0,50000000000.0,240549404865.0,2
285,141,pool1wdujj7tmux5nuwnpeksgncendr3mj8ecsjcddpzx9gewc3flp4r,ETO6,53318562928299.0,0.0,0.0,1
285,142,pool173mzegwuu0pjcrt60ekelzj5haqr8r5e4e0n45qh9jdz7xm5kh8,ROCKY,53194303385039.0,80000000000.0,183885686924.0,1
285,143,pool15t2zmpej2qep4n9z6lx854r9lyrq3y4ahdj9kn0dk2qj237xhln,NUFIG,53046223249941.0,1000000000.0,1011150591.0,2
285,144,pool18p3wzqhpgs932rx2lew3dtrge4uvumjx4lz0kzthlntt6shz4rg,NUFIF,53039355494871.0,1000000000.0,1011206655.0,2
285,145,pool1u7mqtde27swkarngjsn5mmw3sy20zavlafgqkmg8qv2n2nwga0l,CFLOW,53038555934803.0,100000000000.0,102503039850.0,1
285,146,pool1vquhv3kh6xkklckaenl8alyuhfsld57ef5573aqauueyqacx4ak,KIWI,53007917644898.0,400369000000.0,501629167456.0,2
285,147,pool1p9sjhjx0v3k76wvgdqu7jcks2ra48wqlhc6g0mkewd25k3zcymy,WA2,53003649804002.0,50000000000.0,298358807354.0,1
285,148,pool1f8erepj5w5nth5xfxgxnwpz59jzywt6zdwfr50jzjwfwksmg9ek,NUFIE,52999360535333.0,1000000000.0,1011122850.0,2
285,149,pool12z39rkzfylvn9wfe8j6x9ucq6g2l4mw4azj70y0gd8ejczznyj3,BRAVO,52931619640972.0,310000000000.0,316245295274.0,1
285,150,pool1spus7k8cy5qcs82xhw60dwwk2d4vrfs0m5vr2zst04gtq700gjn,ZZZ4,52922143156433.0,50000000000.0,58037319979.0,1
285,151,pool1mut4phum9hegtl8m2r68gpjh5x8w8t6zwf75zrphhp3qwwrrpgt,,52763086729992.0,30000000000.0,35024855028.0,1
285,152,pool12vs4c3cm0tr49c7alrevfs0xa5g3s4al4fn46h33e69uusat04v,BLOOM,52748189535659.0,1000000000000.0,1003917351969.0,2
285,153,pool16eua0zalaln7q0s9u7jzlyygqad0pu2l2qdxx8r8ueqrw2jdhqf,ETO9,52746878910795.0,0.0,0.0,1
285,154,pool1zmfpd5r5vfwjmwm4cgy53exe58h7plnecny3t4948yw7zumzp4c,ALPS,52706065382573.0,75000000000.0,102350382423.0,1
285,155,pool108zdflss3ayqlm5c7vr6mtqj2uwl99vk28ur8dv4zswdzt6yauc,AZUR,52485175280788.0,500000000000.0,2070188926655.0,3
285,156,pool1jeu74g86ys4fekhykqcww99kdsq3nlym8a6kfw8s8ff3vskad70,KAIZN,52438250359531.0,5000000000.0,58716511761.0,1
285,157,pool15a04yc72q4tfkwaweu86l0764urswee8c3zxperyrdq4kx8nvua,1PCT4,52273864234078.0,50000000000.0,238724556731.0,2
285,158,pool1z7n2ruhmxmv77f6cqhd3wsy6774h2wuay77agxuf2y9mj8q55vw,1PCT2,52170535697636.0,50000000000.0,240388594321.0,2
285,159,pool1dzdxps32uqhva9q9urx4lm7m0nhlczjjccwy9kv4t2d3krsn4m7,ETO5,52170157652980.0,0.0,0.0,1
285,160,pool15d62znf04qymt6ve536tt5y9ky979ly4um5zmgz9m850vu7wuv7,NUFID,51831926185492.0,1000000000.0,1011029844.0,2
285,161,pool106p2jjwuwagq2as7cdzx4y6cyc2pdj7a3h3vv5cvkvnskegff3w,VOLT,51538786066053.0,1000000000.0,167820248083.0,1
285,162,pool1jx4ss2zjage3cw0wht3450328y82yeprmq4fr3e2qtac2rhezkv,ZZZ5,51527709096563.0,50000000000.0,58331839566.0,1
285,163,pool1kchver88u3kygsak8wgll7htr8uxn5v35lfrsyy842nkscrzyvj,STKH1,51516032648370.0,50000000000.0,119256927424.0,1
285,164,pool1ppqdq5yfkkllrcj0u47pakg9e4ha568pz3a9kkrr6w2kyw8gxv7,COOL3,51250334858290.0,50000000000.0,306487590638.0,1
285,165,pool1ng3vqzrhn3z45yjdscv3q37n26g2pj3vp99rfkgv6225y8lqg8j,EVE2,51218666767638.0,1000000000.0,5167526224.0,1
285,166,pool1sskadl6p2w0ttfr60y2ssfzcmrnaty4wt68v5glzd3e5vwkh7z5,ETO8,51200038284075.0,0.0,0.0,1
285,167,pool14skj6e4rpjanzclx3fc880xnl8xafgg63tmw93t9xspvwx985qu,EVRST,51040821297210.0,1000000000.0,13928916581.0,1
285,168,pool1ppznyu6qrvlw9uuqa3tslryjd40nh56jyvmaqw6kdf4kzq3y8kh,DIGI3,51030748531636.0,215000000000.0,251254663775.0,1
285,169,pool1ydmetputlff49n9ry5qjupemx3xwxdapm46je574afxdcy0907y,MS2,51027972675477.0,100000000000.0,112076167335.0,1
285,170,pool1c55n72ag3tz8g7rntzuu9a86u7eugsy008xl3xsje8kwgvz2vdz,,51014616548663.0,30000000000.0,35744126435.0,1
285,171,pool1jjry6f6q0swaq457ft9eclaxaskvrxnpj0v3w8edsyfryml3vj6,STACK,50918495987914.0,50000000000.0,574850686450.0,6
285,172,pool1hqlvn3qndgkne52uhe5347nlysmmec73ys9vduk96rs4jzjjyxm,ETO7,50699990247526.0,0.0,0.0,1
285,173,pool10quq4wlghwrvmhdzc7geq22pyhzegccwj56ax2g8hx0cjfahufs,SPS2,50641753021276.0,10000000000.0,31661625701.0,1
285,174,pool17xextu09ghdfcmsq83whq0a45geg83jxe4qt94sevu087tzdzkl,ONYX,50430356677191.0,250000000000.0,501310419365.0,1
285,175,pool1zgxvcqf0dvh0ze56ev2ayjvuex3zdd3hgxzdrcezkx497mv3l7s,RSTK,50355806400773.0,1000000000.0,14547903723.0,1
285,176,pool1qqqyv9pn9typyqwcxqk5ewpxy5p27g5j2ms58hpp2c2kuzs5z77,ANGEL,50265268398507.0,55555000000.0,251314479637.0,2
285,177,pool1mp2fsmtyedzql9252ahwu7259hwcdtayjqy0jg3a5f2fupfusp8,,50141576883288.0,1000000000.0,141578059305.0,1
285,178,pool1hs92p06tqy5vl8c7lx0dnxwf8exe92450rq99vk3u5sckuc7m26,,50134308614429.0,1000000000.0,134308475902.0,1
285,179,pool1ad7ez845cr9qv6ad4k459kqdtdv6tn5evwy4yw3xakmy5mkxlm5,,50133586932104.0,1000000000.0,133588108121.0,1
285,180,pool15xsnapsr0fyfjywqnqug0dn4hpv70ayehz8frk9qrgzass43wsx,,50128484481636.0,1000000000.0,128485657653.0,1
285,181,pool1zc6vprnqdu8k30kcmz96p2u8nqyeffv89nng4lwsqe8yq7wez50,,50124105429557.0,1000000000.0,124106605574.0,1
285,182,pool1gkpzl9jq38vx5j8evv8qrpljddxmh2gp8trmrczvgs7gyzmugtu,,50110348351670.0,1000000000.0,110349527687.0,1
285,183,pool1xlphlhnjvfeh40vcqf9fdewztsj6kyxq6604kaccpv00umjfu0d,FISH,49770514666417.0,500000000000.0,5229914419360.0,1
