pool_id,pool_ticker,sigma_ada,declared_pledge_ada,active_pledge_ada,declared_fixed_cost_ada,margin,pledge_met,ratio_k500,category_k500,ratio_k1000,category_k1000,delegators,blocks_minted,move,target_group
pool1fd0q9h8974y6psejmzczlywy8fgxxy07rn2ynrwu734aqwq540p,,41354804.413838,0.0,0.0,345.0,0.1,True,2.0762287229712397,comfortable,1.9724024514474872,edge,32.0,45,leaver,comfortable
pool1gaztx97t53k47fr7282d70tje8323vvzx8pshgts30t9krw62tm,TW001,114453212.110808,100.0,8655.681386,340.0,0.1,True,3.521852053476424,comfortable,1.967357792051885,edge,34922.0,133,leaver,comfortable
pool17s3mr9c4ejjfq20dz0ls9ggskc770kt267s9xmw93payzdswwgg,FIKA,72133291.978715,50000.0,51462.324565,998.0,0.03,True,2.1926785792010497,comfortable,1.7822618143151152,edge,3127.0,70,leaver,comfortable
pool1wm5pnu72efdcvjm34r7ykkxx2h549swddjrn6r2aqy3tvjc4l57,FGMT6,50715688.558724,2e-06,9.820727,170.0,0.1,True,2.238843994286167,comfortable,1.7598863781475385,edge,5.0,60,leaver,comfortable
pool1v96277f457qtwhuq3ma9yjlacq4mjw9h4j3jfy5rjgjru5lyxea,FGMT8,61873691.728935,2e-06,9.820727,170.0,0.1,True,2.685992727393397,comfortable,1.759885897134162,edge,3.0,64,leaver,comfortable
pool1cauj94scz5wp58defdxqqgnujaalvxe388peyv2gx79y6suzl55,FGMTA,69746791.95937,2e-06,9.820727,170.0,0.1,True,3.0015014008069913,comfortable,1.7598856503401925,edge,5.0,76,leaver,comfortable
pool1l92vxagssugcsu4wyhvnjd0t6dlqjjfrxkt8v4qaucgmq8t3j3s,FGMTI,69953293.066695,2e-06,9.820727,170.0,0.1,True,3.009776780064894,comfortable,1.7598856446147506,edge,3.0,65,leaver,comfortable
pool1fuge4duc9hfgm9xvu33llsntmnfcumsyw2d0away49v8gmphfzs,FGMTK,73001314.771014,2e-06,9.820727,170.0,0.1,True,3.131923997116856,comfortable,1.7598855638729856,edge,3.0,76,leaver,comfortable
pool19yzqr3meksnvzdxh5xf6aknfhldyqdj7eaquxgcjva4mzt5kg3v,gjp7a,81720101.522597,2.0,9.820727,170.0,0.1,True,3.3133240045805428,comfortable,1.7598853902135216,edge,86.0,83,leaver,comfortable
pool1h5a30zxga37fphw3tjkp8anu3xm69a28kytceppz2prysfzfcjv,FGMTP,48460538.714451,2e-06,5.046709,170.0,0.1,True,2.14846882856107,comfortable,1.7598851453008606,edge,2.0,47,leaver,comfortable
pool1ff2hr0sukqqd75jr2rh3wrmnesxqgpq42dgd6rm3ungnqp904ue,BD3,56317552.012492,200.0,6399.632571,340.0,0.08,True,2.229889240776135,comfortable,1.6663965023022311,edge,37.0,76,leaver,comfortable
pool1gtphgrdj8sluxm9e7ca2spcwcq2p0dxj9zf5v0yv3gsagzq704n,ADAFR,62848371.156389,3030000.0,4034096.211119,170.0,0.015,True,2.204505722404165,comfortable,1.45511222531701,edge,5768.0,70,leaver,comfortable
pool1dl4695wfl79k7gtzt87gsf8gsqeq97yzuvaq0d4zxhz6c0nlf4g,BD2,61401789.948819,200.0,4930.387423,170.0,0.08,True,2.181341874472116,comfortable,1.454916586033639,edge,43.0,62,leaver,comfortable
pool14cq4fchmmqjygwjw4zexmqqd6a7caxptjnvseyu6wanjuppv4vk,CH1,76568395.037502,3000000.0,5117017.813534,170.0,0.0,True,2.28845606383321,comfortable,1.2763110297232516,edge,2257.0,87,leaver,comfortable
pool1f2wfjqkf2wx6jq93pdck6hgmy9zgw32lmvrq9zejl7scqxjqfze,LBF2,83679805.500944,2.0,9.820727,170.0,0.06,True,2.079749926550286,comfortable,1.1476860522885028,edge,10573.0,86,leaver,comfortable
pool1ra2su7cvnmr83pu9nvvz4a9carsgc9egc3e5fuk7h9pycyp5ela,LBF4,87463814.895506,2.0,9.820727,170.0,0.06,True,2.0797497793597497,comfortable,1.147685979240641,edge,5663.0,90,leaver,comfortable
pool1rmpv0h0pecysach8tj06vxx9wku2pdm74mk9cunx759v58q0hu2,SASA,41840887.66331,80.0,1919.604158,340.0,0.035,True,1.030295778164035,edge,0.9870843478829554,losing_075_100,231.0,42,leaver,edge
pool1a23gmvalpdams9d42t7fur8vmknzjv7wd3nsvuvrc7dv66lnau0,AOS,48950317.061792,350000.0,382494.028273,340.0,0.025,True,1.0845320354970442,edge,0.9518876908534856,losing_075_100,2419.0,45,leaver,edge
pool19w5khsnmu27au0kprw0kjm8jr7knneysj7lfkqvnu66hyz0jxsx,ATAD2,59880290.284606,1300000.0,1350464.974458,340.0,0.01,True,1.2235656833053752,edge,0.95117519725694,losing_075_100,4234.0,62,leaver,edge
pool1s6se64qce5rjjjhh6ufcdnc54p8qg78mlhjm38lymx99sqysvzx,PAUL1,57812409.491056,100000.0,100144.001581,340.0,0.03,True,1.178485408883128,edge,0.9367503193504676,losing_075_100,8352.0,54,leaver,edge
pool1q5q3rld4nll02w8sqhf9582jcf22t99yt27z0pqksvpnv4rdra9,,53093231.610031,0.0,64572.408101,340.0,0.03,True,1.107868480786346,edge,0.9288235870198372,losing_075_100,2.0,43,leaver,edge
pool1y6gnk7t3n6rvpr67f68mehxgqs5x24n0esz9l5j7m4aqzn4e0qw,,58947880.16356,0.0,66218.753498,340.0,0.03,True,1.178935987208687,edge,0.9274656088785124,losing_075_100,2.0,57,leaver,edge
pool1j6xfryctrxm4aplw3vnrtgfsvqdr35exenxqse5kzxmfue7qqmr,,61435908.310891,0.0,68871.770683,340.0,0.03,True,1.2098800631668691,edge,0.9274318343135248,losing_075_100,2.0,55,leaver,edge
pool1095d0cr8yp0selmnrst5hnuf8jcl6vlkxlr2j6kq4x6qs4yxuwt,,59212692.87702,0.0,62076.302338,340.0,0.03,True,1.180542752198252,edge,0.9263691122094238,losing_075_100,2.0,63,leaver,edge
pool197na7w0h8hjc8wdvwys7nsalhtpctefa3m23udeqxpfk6nzq8l9,,78540715.384578,0.0,76585.327202,340.0,0.03,True,1.4060221074439387,edge,0.9252978376622548,losing_075_100,4.0,74,leaver,edge
pool1w7c2j0px43jmudhf48ezp7dy8j7904c9l3wc7809lhh2z026hch,STAT,47978440.473194,750000.0,966592.336759,170.0,0.025,True,1.0799671476258643,edge,0.9166668745414428,losing_075_100,6000.0,43,leaver,edge
pool1aqg8vxzv75zhjzjjd9s20fu6r0xz70yl8lk3teacwy7qyc2p2j7,KILN7,65883607.646442,100.0,3251.012417,340.0,0.03,True,1.2383206360460972,edge,0.9117605228618132,losing_075_100,36.0,71,leaver,edge
pool1mtuhuh8hkf8am0qzx45y58kll8q83sjh6pwljrflcmw970d82f3,KILN6,67774814.768336,100.0,3115.03727,340.0,0.03,True,1.2610059121420518,edge,0.9117110490399482,losing_075_100,25.0,86,leaver,edge
pool1xsj9s3mfpztls97x7jjql0msmeh5v3wa5vyqhmmmsx8jzsqxrsv,,74503161.569544,100.0,3151.305083,340.0,0.03,True,1.3419117287494224,edge,0.9116574695013558,losing_075_100,4.0,71,leaver,edge
pool1v62c7d92xv6gyh4x9rhfpkwzlpw2ypxk92xvzavakg3xypatklv,KILN2,76269858.766381,100.0,3171.688182,340.0,0.03,True,1.3631597024903976,edge,0.9116470500474444,losing_075_100,43.0,55,leaver,edge
pool1mfyzxyggryp0jhgghvzas7qjdyz2rcfnm5rfq8s9uefvukrlps5,BD6,76113432.223466,200.0,3062.090036,340.0,0.03,True,1.3612374526058288,edge,0.9116276043495252,losing_075_100,9.0,56,leaver,edge
pool1qqqqqdk4zhsjuxxd8jyvwncf5eucfskz0xjjj64fdmlgj735lr9,ATADA,69227192.962241,1300000.0,1340017.23465,340.0,0.01,True,1.258507936820116,edge,0.9029817748863194,losing_075_100,3222.0,73,leaver,edge
pool1vx9tzlkgafernd9vpjpxkenutx2gncj4yn88fpq69823qlwcqrt,CRDNS,67975318.529527,200000.0,202880.265075,340.0,0.02,True,1.0732252943697045,edge,0.8049287936628228,losing_075_100,12531.0,66,leaver,edge
pool1cyq3v3v43hu7spwlfxdm6vq9djpsjjueerhlu5qr2rvd57vqk84,SKY4,70624796.175865,5.0,28970.982977,340.0,0.02,True,1.026835790454139,edge,0.7663430765636017,losing_075_100,895.0,67,leaver,edge
pool15yyxtkhz64p7a8cnax9l7u82s9t9hdhyxsa3tdm977qhgpnsuhq,SECUR,66820235.782541,100000.0,155809.787518,170.0,0.03,True,1.0862170344558808,edge,0.7235398419212595,losing_050_075,3201.0,56,leaver,edge
pool1zgjk3dzwcwd02juqntuzknr368hvxjxy8l8uzkxvgu4252d7ekf,,73385757.053698,100.0,2719.122559,170.0,0.03,True,1.1058168077662864,edge,0.6890852641233116,losing_050_075,3.0,66,leaver,edge
pool1f9934hk9awd25mmxl0dd2haqvda9nlquwnh5pv64hs42znl07zj,BD5,66657420.016498,200.0,2405.435607,170.0,0.03,True,1.0248054259194743,edge,0.6890712853567182,losing_050_075,11.0,76,leaver,edge
pool192pfftt48zc4x5aellvpufk6l6zxllpldw0rx82vrhqrqfhhqs2,MURA2,52224039.675505,500.0,1799.666354,170.0,0.015,True,0.540573700951022,losing_050_075,0.4594804776719006,losing_025_050,3117.0,66,entrant,losing_deep
pool1m0drnjxsvnlesq0rwmur2rh6lenuql57jfzd6cf6aegj2cv7ugy,MURA1,60487307.467683,500.0,1805.065577,170.0,0.015,True,0.5902486237490495,losing_050_075,0.4594108525027284,losing_025_050,1807.0,75,entrant,losing_deep
pool1qqqqpanw9zc0rzh0yp247nzf2s35uvnsm7aaesfl2nnejaev0uc,TITAN,55155459.355858,250000.0,250002.026843,170.0,0.01,True,0.5465875147946471,losing_050_075,0.451549438562856,losing_025_050,4982.0,55,entrant,losing_deep
pool13hxlxd6qa68fmfhrvvmasa0mjg30tj9p5v2lmgmgsmrp2rgzkfp,dtDn,61944792.521873,275000.0,278116.782153,170.0,0.01,True,0.5850309905865055,losing_050_075,0.4509411460901341,losing_025_050,818.0,65,entrant,losing_deep
pool1krznhwu3h5pu2stuslr53z5rme50t6384macsmylcnljwc7yjky,LEAF,55829616.187314,150000.0,229245.91584,170.0,0.01,True,0.5410244719336162,losing_050_075,0.4449052129261824,losing_025_050,912.0,60,entrant,losing_deep
pool1a8n7f97dmgtgrnl53exccknjdchqxrr9508hlxlgqp6xvjmzhej,HAPPY,55976565.196856,130000.0,151346.484422,170.0,0.01,True,0.5109868332864416,losing_050_075,0.4236002719699948,losing_025_050,1550.0,57,entrant,losing_deep
pool1zkdc6ve9nndk7vxnjlalhqt4hr5h8auz5qzjk7lrjrqtv23yuy5,CLOVR,60386032.505086,101000.0,101416.98451,170.0,0.01,True,0.5090485662350936,losing_050_075,0.4080240947929601,losing_025_050,1435.0,45,entrant,losing_deep
pool1ekcsyzwexl7p2kwxxh34hy28l6772vrmff7jwmuxsa6u6fzty9z,ADALO,76328773.418255,200000.0,702340.837652,170.0,0.0,True,0.5089503261472013,losing_050_075,0.3704356910858519,losing_025_050,5345.0,88,entrant,losing_deep
pool1rmpv0h0pecysach8tj06vxx9wku2pdm74mk9cunx759v58q0hu2,SASA,41840887.66331,80.0,1919.604158,340.0,0.035,True,1.030295778164035,edge,0.9870843478829554,losing_075_100,231.0,42,entrant,losing_near
pool1a23gmvalpdams9d42t7fur8vmknzjv7wd3nsvuvrc7dv66lnau0,AOS,48950317.061792,350000.0,382494.028273,340.0,0.025,True,1.0845320354970442,edge,0.9518876908534856,losing_075_100,2419.0,45,entrant,losing_near
pool19w5khsnmu27au0kprw0kjm8jr7knneysj7lfkqvnu66hyz0jxsx,ATAD2,59880290.284606,1300000.0,1350464.974458,340.0,0.01,True,1.2235656833053752,edge,0.95117519725694,losing_075_100,4234.0,62,entrant,losing_near
pool1s6se64qce5rjjjhh6ufcdnc54p8qg78mlhjm38lymx99sqysvzx,PAUL1,57812409.491056,100000.0,100144.001581,340.0,0.03,True,1.178485408883128,edge,0.9367503193504676,losing_075_100,8352.0,54,entrant,losing_near
pool1q5q3rld4nll02w8sqhf9582jcf22t99yt27z0pqksvpnv4rdra9,,53093231.610031,0.0,64572.408101,340.0,0.03,True,1.107868480786346,edge,0.9288235870198372,losing_075_100,2.0,43,entrant,losing_near
pool1y6gnk7t3n6rvpr67f68mehxgqs5x24n0esz9l5j7m4aqzn4e0qw,,58947880.16356,0.0,66218.753498,340.0,0.03,True,1.178935987208687,edge,0.9274656088785124,losing_075_100,2.0,57,entrant,losing_near
pool1j6xfryctrxm4aplw3vnrtgfsvqdr35exenxqse5kzxmfue7qqmr,,61435908.310891,0.0,68871.770683,340.0,0.03,True,1.2098800631668691,edge,0.9274318343135248,losing_075_100,2.0,55,entrant,losing_near
pool1095d0cr8yp0selmnrst5hnuf8jcl6vlkxlr2j6kq4x6qs4yxuwt,,59212692.87702,0.0,62076.302338,340.0,0.03,True,1.180542752198252,edge,0.9263691122094238,losing_075_100,2.0,63,entrant,losing_near
pool197na7w0h8hjc8wdvwys7nsalhtpctefa3m23udeqxpfk6nzq8l9,,78540715.384578,0.0,76585.327202,340.0,0.03,True,1.4060221074439387,edge,0.9252978376622548,losing_075_100,4.0,74,entrant,losing_near
pool1w7c2j0px43jmudhf48ezp7dy8j7904c9l3wc7809lhh2z026hch,STAT,47978440.473194,750000.0,966592.336759,170.0,0.025,True,1.0799671476258643,edge,0.9166668745414428,losing_075_100,6000.0,43,entrant,losing_near
pool1aqg8vxzv75zhjzjjd9s20fu6r0xz70yl8lk3teacwy7qyc2p2j7,KILN7,65883607.646442,100.0,3251.012417,340.0,0.03,True,1.2383206360460972,edge,0.9117605228618132,losing_075_100,36.0,71,entrant,losing_near
pool1mtuhuh8hkf8am0qzx45y58kll8q83sjh6pwljrflcmw970d82f3,KILN6,67774814.768336,100.0,3115.03727,340.0,0.03,True,1.2610059121420518,edge,0.9117110490399482,losing_075_100,25.0,86,entrant,losing_near
pool1xsj9s3mfpztls97x7jjql0msmeh5v3wa5vyqhmmmsx8jzsqxrsv,,74503161.569544,100.0,3151.305083,340.0,0.03,True,1.3419117287494224,edge,0.9116574695013558,losing_075_100,4.0,71,entrant,losing_near
pool1v62c7d92xv6gyh4x9rhfpkwzlpw2ypxk92xvzavakg3xypatklv,KILN2,76269858.766381,100.0,3171.688182,340.0,0.03,True,1.3631597024903976,edge,0.9116470500474444,losing_075_100,43.0,55,entrant,losing_near
pool1mfyzxyggryp0jhgghvzas7qjdyz2rcfnm5rfq8s9uefvukrlps5,BD6,76113432.223466,200.0,3062.090036,340.0,0.03,True,1.3612374526058288,edge,0.9116276043495252,losing_075_100,9.0,56,entrant,losing_near
pool1qqqqqdk4zhsjuxxd8jyvwncf5eucfskz0xjjj64fdmlgj735lr9,ATADA,69227192.962241,1300000.0,1340017.23465,340.0,0.01,True,1.258507936820116,edge,0.9029817748863194,losing_075_100,3222.0,73,entrant,losing_near
pool1vx9tzlkgafernd9vpjpxkenutx2gncj4yn88fpq69823qlwcqrt,CRDNS,67975318.529527,200000.0,202880.265075,340.0,0.02,True,1.0732252943697045,edge,0.8049287936628228,losing_075_100,12531.0,66,entrant,losing_near
pool1cyq3v3v43hu7spwlfxdm6vq9djpsjjueerhlu5qr2rvd57vqk84,SKY4,70624796.175865,5.0,28970.982977,340.0,0.02,True,1.026835790454139,edge,0.7663430765636017,losing_075_100,895.0,67,entrant,losing_near
pool15yyxtkhz64p7a8cnax9l7u82s9t9hdhyxsa3tdm977qhgpnsuhq,SECUR,66820235.782541,100000.0,155809.787518,170.0,0.03,True,1.0862170344558808,edge,0.7235398419212595,losing_050_075,3201.0,56,entrant,losing_near
pool1zgjk3dzwcwd02juqntuzknr368hvxjxy8l8uzkxvgu4252d7ekf,,73385757.053698,100.0,2719.122559,170.0,0.03,True,1.1058168077662864,edge,0.6890852641233116,losing_050_075,3.0,66,entrant,losing_near
pool1f9934hk9awd25mmxl0dd2haqvda9nlquwnh5pv64hs42znl07zj,BD5,66657420.016498,200.0,2405.435607,170.0,0.03,True,1.0248054259194743,edge,0.6890712853567182,losing_050_075,11.0,76,entrant,losing_near
pool1c2wf97p3j9gfvfjshj99ufxerpy3aznm8tzr2fd0ua465s26th4,P2P,76830377.310571,10000.0,12119.845373,340.0,0.15,True,5.012581610680075,strong,2.722312344057531,comfortable,179.0,23,leaver,strong
