quantity,value
k_new,1000.0
T_ada,38763957566.43464
z0_k1000_ada,38763957.56643464
cap_ada,40000000.0
n_active,1262.0
n_inactive,1648.0
n_incomplete_active_dropped,0.0
n_receivers,1052.0
n_donors,210.0
stake_to_allocate_ada,12948991637.831253
receiver_capacity_ada,33716404020.3558
receiver_capacity_D_gt_0_ada,19730183417.587612
unallocated_ada,0.0
n_receivers_D_eq_0,379.0
n_receivers_D_eq_0_that_received,0.0
ada_received_by_D_eq_0,0.0
n_receivers_D_gt_0,673.0
n_receivers_D_gt_0_that_received,493.0
total_stake_active_before_ada,21312587617.475452
total_stake_active_after_ada,21312587617.475464
n_pools_after_active_sigma_gt_0,1052.0
n_pools_after_including_inactive,2700.0
n_receivers_filled_to_cap,492.0
stake_inactive_ada,82592239.28317699
