stake_bin_M_ADA,n_pools,share_of_pools_pct,agg_stake_M_ADA,share_of_stake_pct
0–5,2070,76.83741648106904,894.6415312205717,4.181509747570357
5–10,119,4.417223459539718,840.4727032516297,3.928327356342034
10–15,80,2.969561989606533,983.367136702258,4.596208787614455
15–20,55,2.0415738678544915,950.9940883781721,4.4448987797490185
20–25,41,1.5219005196733482,923.385788608634,4.315858968191572
25–30,30,1.1135857461024499,830.192465748296,3.8802780406916857
30–35,54,2.0044543429844097,1742.6555071242258,8.14508463491009
35–40,35,1.2991833704528581,1280.4789978935892,5.984894758849584
40–45,28,1.0393466963622866,1174.026356145477,5.487340438386676
45–50,13,0.4825538233110616,614.1007108984329,2.870275992115306
50–55,29,1.0764662212323681,1499.4900059298209,7.00854125073475
55–60,25,0.9279881217520416,1436.5259256266734,6.71425029022545
60–65,19,0.7052709725315516,1180.265119548127,5.516500106332535
65–70,19,0.7052709725315516,1286.9508726639087,6.015143977662649
70–75,40,1.4847809948032664,2846.9372459296014,13.306442221986128
75–80,32,1.1878247958426131,2452.0625721555007,11.460817756953356
≥80,5,0.1855976243504083,458.632828933711,2.143626891684349
