stake_bin_M_ADA,r_class,n_pools,share_of_pools_in_bin_pct,agg_stake_M_ADA,share_of_stake_in_bin_pct
0–5,r_lt_05,580,90.76682316118936,625.9132447252599,76.39737094956847
0–5,r_05_1,46,7.198748043818466,145.487446966435,17.75782594164338
0–5,r_1_2,13,2.0344287949921753,47.885675032153,5.844803108788157
0–5,r_ge_2,0,0.0,0.0,0.0
5–10,r_lt_05,39,33.05084745762712,273.22583942422307,32.7909453328953
5–10,r_05_1,60,50.847457627118644,434.886283358259,52.19247335346432
5–10,r_1_2,4,3.389830508474576,27.844771545946,3.3417643934928867
5–10,r_ge_2,15,12.711864406779661,97.27873413675,11.674816920147505
10–15,r_lt_05,11,13.75,132.90859691936,13.515663881657845
10–15,r_05_1,57,71.25,700.497290242943,71.2345637858181
10–15,r_1_2,2,2.5,26.961198924617,2.74172258949307
10–15,r_ge_2,10,12.5,123.000050615338,12.508049743030993
15–20,r_lt_05,11,20.0,190.031648729218,19.982421662925216
15–20,r_05_1,29,52.72727272727273,495.7729659403409,52.13207652908059
15–20,r_1_2,6,10.909090909090908,102.906219077226,10.820910490907737
15–20,r_ge_2,9,16.363636363636363,162.28325463138702,17.064591317086457
20–25,r_lt_05,6,14.634146341463415,133.995197234403,14.511290826373685
20–25,r_05_1,27,65.85365853658537,611.323770169626,66.2045894263517
20–25,r_1_2,4,9.75609756097561,89.095509875473,9.64878504462614
20–25,r_ge_2,4,9.75609756097561,88.97131132913199,9.635334702648475
25–30,r_lt_05,1,3.3333333333333335,25.385937808277,3.0578376527899858
25–30,r_05_1,19,63.333333333333336,517.0752191229919,62.28377640803147
25–30,r_1_2,4,13.333333333333334,115.075716564927,13.86132990995085
25–30,r_ge_2,6,20.0,172.65559225209998,20.79705602922769
30–35,r_lt_05,1,1.8518518518518519,34.397056868909004,1.9738299812148123
30–35,r_05_1,16,29.62962962962963,524.044854466052,30.07162645305864
30–35,r_1_2,27,50.0,873.3611894938759,50.11668605317861
30–35,r_ge_2,10,18.51851851851852,310.852406295389,17.83785751254793
35–40,r_lt_05,6,17.142857142857142,222.223050718182,17.35468141873025
35–40,r_05_1,4,11.428571428571429,149.56895584960301,11.68070355668829
35–40,r_1_2,16,45.714285714285715,583.558330815847,45.573440234147604
35–40,r_ge_2,9,25.714285714285715,325.12866050995694,25.391174790433848
40–45,r_lt_05,2,7.142857142857143,86.03504346274599,7.328203750485918
40–45,r_05_1,16,57.142857142857146,668.6911872097991,56.95708479707586
40–45,r_1_2,7,25.0,294.84142200418796,25.113697018881346
40–45,r_ge_2,3,10.714285714285714,124.45870346874399,10.601014433556887
45–50,r_lt_05,1,7.6923076923076925,45.347647984388004,7.384399200262141
45–50,r_05_1,4,30.76923076923077,184.94505501938198,30.116404644574715
45–50,r_1_2,6,46.15384615384615,288.10080230426,46.91425969573734
45–50,r_ge_2,2,15.384615384615385,95.70720559040299,15.584936459425816
50–55,r_lt_05,1,3.4482758620689653,51.67763827089,3.446347629295811
50–55,r_05_1,12,41.37931034482759,625.49346760493,41.71374701607743
50–55,r_1_2,7,24.137931034482758,366.41330684957506,24.43586188641286
50–55,r_ge_2,9,31.03448275862069,455.90559320442605,30.404043468213903
55–60,r_lt_05,2,8.0,115.482300482157,8.038998699712208
55–60,r_05_1,9,36.0,507.710472914584,35.34293839445322
55–60,r_1_2,10,40.0,585.940376964263,40.788708822547086
55–60,r_ge_2,4,16.0,227.392775265669,15.829354083287477
60–65,r_lt_05,3,15.789473684210526,185.996110669387,15.758841601673101
60–65,r_05_1,7,36.8421052631579,433.42299303571,36.72251139656225
60–65,r_1_2,3,15.789473684210526,190.01403311850402,16.099267018180818
60–65,r_ge_2,6,31.57894736842105,370.83198272452603,31.41937998358383
65–70,r_lt_05,4,21.05263157894737,268.421005194343,20.857129117813802
65–70,r_05_1,4,21.05263157894737,273.572510294803,21.25741674416248
65–70,r_1_2,8,42.10526315789474,539.6986575993891,41.93622841890196
65–70,r_ge_2,3,15.789473684210526,205.258699575374,15.94922571912175
70–75,r_lt_05,2,5.0,144.322296112051,5.069388035103171
70–75,r_05_1,4,10.0,290.657672455018,10.209486453225644
70–75,r_1_2,27,67.5,1908.938776437606,67.05236580704067
70–75,r_ge_2,7,17.5,503.018500924927,17.668759704630503
75–80,r_lt_05,0,0.0,0.0,0.0
75–80,r_05_1,4,12.5,303.283037733468,12.368486888442867
75–80,r_1_2,4,12.5,310.22714945195,12.651681607751263
75–80,r_ge_2,24,75.0,1838.5523849700824,74.97983150380587
≥80,r_lt_05,0,0.0,0.0,0.0
≥80,r_05_1,0,0.0,0.0,0.0
≥80,r_1_2,1,20.0,91.31589490385599,19.910457591132104
≥80,r_ge_2,4,80.0,367.316934029855,80.0895424088679
