stake_bin_M_ADA,n_pools_current,n_pools_after,agg_stake_current_M_ADA,agg_stake_after_M_ADA
0–5,639,498,819.2863667238481,392.32964437686684
5–10,118,17,833.2356284651777,110.30169700021801
10–15,80,9,983.367136702258,112.819795316875
15–20,55,8,950.9940883781721,142.59380110789
20–25,41,3,923.385788608634,68.214658777651
25–30,30,7,830.192465748296,200.54712474368478
30–35,54,9,1742.6555071242258,280.65223564231997
35–40,35,9,1280.4789978935892,325.128660509957
40–45,28,492,1174.026356145477,19680.0
45–50,13,0,614.1007108984329,0.0
50–55,29,0,1499.4900059298209,0.0
55–60,25,0,1436.5259256266734,0.0
60–65,19,0,1180.265119548127,0.0
65–70,19,0,1286.9508726639087,0.0
70–75,40,0,2846.9372459296014,0.0
75–80,32,0,2452.0625721555007,0.0
≥80,5,0,458.632828933711,0.0
