stake_bin_M_ADA,group,n_pools,share_of_pools_pct,agg_stake_M_ADA,share_of_stake_pct
Inactive,inactive,1648,56.63230240549828,82.59223928317701,0.3860319933561415
0–5,active,639,50.633914421553094,819.2863667238481,3.844143101854356
5–10,active,118,9.350237717908083,833.2356284651777,3.9095939142648195
10–15,active,80,6.3391442155309035,983.367136702258,4.614020382470766
15–20,active,55,4.358161648177496,950.9940883781721,4.462124005995386
20–25,active,41,3.248811410459588,923.385788608634,4.332584129068849
25–30,active,30,2.3771790808240887,830.192465748296,3.895315203619724
30–35,active,54,4.27892234548336,1742.6555071242258,8.176649116484192
35–40,active,35,2.77337559429477,1280.4789978935892,6.008087900333832
40–45,active,28,2.218700475435816,1174.026356145477,5.508605417686697
45–50,active,13,1.0301109350237718,614.1007108984329,2.8813991145537643
50–55,active,29,2.2979397781299524,1499.4900059298209,7.035701308743477
55–60,active,25,1.9809825673534074,1436.5259256266734,6.740269888433353
60–65,active,19,1.5055467511885896,1180.265119548127,5.5378780875033575
65–70,active,19,1.5055467511885896,1286.9508726639087,6.0384543433321145
70–75,active,40,3.1695721077654517,2846.9372459296014,13.358008408116662
75–80,active,32,2.535657686212361,2452.0625721555007,11.505231631962461
≥80,active,5,0.39619651347068147,458.632828933711,2.1519340455761964
