pool_id,pool_ticker,margin,pledge_lovelace,epoch_stake_lovelace,f_lovelace,operator_reward_c340_lovelace,operator_reward_c170_lovelace,loss_pct
pool103455uc7a3477q8pdmzvny884qtlv9vhm2csxvqx2cadwuk36sq,EDEN,0.01,1000000000.0,58465669811509.0,18560001737.0,522508536.91279805,354211415.5251623,32.20944912823942
pool104avq7309gjm0fxms69yqusxy8zf888k4mamngg5vnc6vculpzq,NUFIB,0.03,1000000000.0,24594658611330.0,8838089713.0,595277851.4404758,430384556.14829904,27.70022349952409
pool104gtn3hvp9lz5l6wevhjj98e45s7rfaa4zzvk9pex7nn786qncr,PILOT,0.0,325000000000.0,14870603710077.0,4129524783.0,422820817.3983155,256536201.19020283,39.32744305999138
pool104z3yr7faqhck6wcsczhmqrrpdeparcr8juw8unxy8tm6xp447d,,0.05,0.0,70016947134638.0,18854533169.0,1265726658.45,1104226658.45,12.759468951832915
pool106p2jjwuwagq2as7cdzx4y6cyc2pdj7a3h3vv5cvkvnskegff3w,VOLT,0.0,1000000000.0,4183332400362.0,883808871.0,340129994.1814217,170170631.64068392,49.96894288896006
pool1072lq3k32sfxs96s9qhrx3s9la2t68vrqwfsp7h9qnwk56yr2mv,lSPF0,1.0,400000000.0,7440989980390.0,2062217756.0,2062217756.0,2062217756.0,0.0
pool108zdflss3ayqlm5c7vr6mtqj2uwl99vk28ur8dv4zswdzt6yauc,AZUR,0.02,500000000000.0,45107923532674.0,10330921881.0,648348188.8984843,483594871.11030596,25.41124053544241
pool1095d0cr8yp0selmnrst5hnuf8jcl6vlkxlr2j6kq4x6qs4yxuwt,,0.03,0.0,59250169612026.0,18559931094.0,886597932.8199999,721697932.8199999,18.59918615820623
pool10d6mmw3mn9ku3r7uqqye672dz3sv76lh5kvh5rdpr9l5ug5yknr,KILN4,0.05,100000000.0,79971298819684.0,27655874039.0,1705826151.1920657,1544326353.1395173,9.46754145723989
pool10eltx2wej46e62ulmwzm35xfu0azu47yvpjper7gwhncqe74vg6,CHIL,0.029,35000000000.0,11309160587532.0,4698984158.0,479509662.7903229,314950527.40801775,34.318210487087214
pool10fxpa6wkv0wc6wcmahcnz4wvvfx9m7547sevxrge3nfuv7yh8m0,GRANA,0.0,30000000000.0,4262012487617.0,1764818952.0,350029198.3386233,181225816.13709703,48.22551461499033
pool10hex9l4wjgqarvhr94xgyh9frv5lhtajhrj4dah0kl65jtws30k,CSN1,0.0189,20000000000.0,13562150580139.0,5008622038.0,434991615.45583117,268450574.9723761,38.28603461906625
pool10jn0wjlh9y3w2ygq84u2llvlnxfz3lc4g0ssqlmpp3w3y2d2lw5,EARN,0.05,100000000000.0,7104483057688.0,2357716691.0,467866416.25996315,308639628.80320704,34.03253192002652
pool10p3g22454ly7eaurlur5wc9d9ual2fnfwy7a6e7k09z3yf929k9,OUROS,0.0149,2500000000.0,6076311463663.0,1178419637.0,352832266.96279323,185434168.5493073,47.44410137271781
pool10p6wd9k0fwk2zqkqnqr8efyr7gms627ujk9dxgk6majskhawr6r,BBHMM,0.01,550000000000.0,7036434076718.0,2656653380.0,542435997.8007716,387291098.6644714,28.601512393224784
pool10pd44d65586rldtdzuu88e7mn4sxjctvdksmt05nnqfzqu7g7hd,RDB,0.01,1000000000.0,3460141279960.0,589206424.0,342563366.05683297,174312005.6892592,49.11539792017925
pool10q2fhzwe4f5k2llny65z5z2fuhrpk3x56fdc0782djdq58p9uee,KURIS,0.0,100000000.0,2278562468341.0,589204369.0,340010936.91186714,170018397.7562531,49.99619738693204
pool10quq4wlghwrvmhdzc7geq22pyhzegccwj56ax2g8hx0cjfahufs,SPS2,0.05,10000000000.0,24708911645490.0,8245620539.0,738320553.5871115,576885914.6205382,21.865115115954335
pool10rdglgh4pzvkf936p2m669qzarr9dusrhmmz9nultm3uvq4eh5k,KILN0,0.05,100000000.0,74073232951482.0,21800541667.0,1413054606.8072212,1251554824.834697,11.429125328527173
pool10scv5quxduhrcc26wpurhk743dngspe8dc3zpkkam0svyx6ejx3,CDNTH,0.2,100000000.0,8648242326177.0,2651419743.0,802305330.2371542,666306902.8110354,16.950956487590446
pool10wcmpvjmmv7ph7cz2263f52yckvnnwu5kdppwqgu74s2qhe7l7m,4TUN8,0.01,200000000000.0,1216672604799.0,294793119.0,294793119.0,191556630.0663769,35.01997919212731
pool10ya6hxrssmyhl560gqyalhqxudkgfjdlc0e4krww6wweyaeajs8,NKR,0.01,40000000000.0,29702642180265.0,8698584546.0,434729633.4776708,266656279.98134357,38.66158194733694
pool10zyf32q3w3n9x940j6yqgkwuegzn77p94wcmpku6gvmrqw8a97d,XSP,0.037,20000000000.0,25947752278328.0,7660245827.0,616282627.3020823,452698811.642247,26.54363573024291
pool126f65lklaqw39jgx9wl8klqtx99evewxk0x5yc2jzzp5wfs8fde,XPPX,0.0,119000000000.0,536845683641.0,294707869.0,294707869.0,197643393.3683706,32.93582759123049
pool126mkma8nv5axltmz7mmg8qz9e70nmhnf58hwx5772fhwgkhk6ag,NAP,0.03,20000000000.0,18131001028506.0,5008617911.0,485053914.4374747,320335812.83320117,33.958720196145606
pool127xwsah7jllutuhen8vl7sve5278h7hhxtnys3cl438dyhuwgjg,ARTZ,0.02,1500000000000.0,2380628940652.0,1476334893.0,1064395178.9011959,1002767438.8500974,5.789930401105203
pool12d3th585ga2w593eu5zqnkahsnlczjpqxemjc0qhku7awnhvn8a,H3ART,0.0,10000000000.0,171544280445.0,294612812.0,294612812.0,177264177.60340035,39.83147698159157
pool12lsfsh2s8yt8dvrt9m8kgrgr6ktntngvn2vad60xlqz7kxz9fxr,POP4,0.05,50000000000.0,4122221288075.0,1767950433.0,427851671.2037165,268310566.52633297,37.288881968961604
pool12m7z9p7jqymxrvvp6z7vmfdu6j6u6y43p0m6y4xalz43sc8s4t9,,0.05,0.0,28840311622564.0,7954256173.0,720712808.6500001,559212808.6500001,22.40837099905481
pool12mmcc4rc2fzfv7gyv8h06nvnsrm3m7erzdv8x6gzvjxlu2lf09n,1PCT3,0.01,50000000000.0,13287132572180.0,5009200914.0,404086691.0992152,236420010.58739573,41.49274999771085
pool12n6lycv28kjtkzecfz2a3uujyxy6ewuwjcmjq84my67psqmgagv,MANT,0.0,100000000000.0,1419735920231.0,294708160.0,294708160.0,178783898.34496188,39.33527380274713
pool12pwp8hln0cjsxv0h2a0463qsakkhwetfhyqw7vzmpwd2jdj86n6,KAP,0.01,200000000000.0,823870099593.0,294775253.0,294775253.0,201234882.91160357,31.732775779653537
pool12qtv7kyrx8g0d5890alk6dkc6n6nyfx80synspvqafjrqd3ergz,ASAHI,0.0,40000000000.0,7432589983611.0,1767884649.0,347684452.67207533,178599342.36934024,48.63177199994349
pool12rs385dd534g8gtdtmnvlhq63whdvc6vnuzxa5cpx843zdy73qy,TERA2,0.01,300000000.0,8659698887615.0,1767613882.0,354325101.4142491,186030931.8710185,47.497106152373405
pool12t3zmafwjqms7cuun86uwc8se4na07r3e5xswe86u37djr5f0lx,NORTH,0.0,10000000000.0,56274024656517.0,17955354954.0,343130281.6995088,173160491.01917937,49.535059930728565
pool12vs4c3cm0tr49c7alrevfs0xa5g3s4al4fn46h33e69uusat04v,BLOOM,0.04,1000000000000.0,34510916686131.0,8521371341.0,894838390.721655,736367329.1466835,17.709461643366726
pool12z39rkzfylvn9wfe8j6x9ucq6g2l4mw4azj70y0gd8ejczznyj3,BRAVO,0.015,310000000000.0,52078500731109.0,14135239054.0,627813714.7212216,461360469.60608315,26.513158475528268
pool136q98jnwt093qle4ph86vdpuwplg7gyvt20h2nq4m6ksv8xjcuj,PNR39,0.01,500000000.0,42761790124559.0,11489503307.0,451624096.98713,283326064.86545676,37.265069168014136
pool136wr0g23dw9daekuyqtgk366vywms6meespgpm3hdguxqczaaug,DAVID,0.05,100000000.0,3493138296973.0,1767612655.0,411419458.35342443,249924081.70315382,39.253217943702644
pool138m7hevnvp664cmtralju857t5k7e4frpnaevtgpuykggr50kne,ITC,0.0399,10000000000.0,32928515843938.0,11194964450.0,776278074.2980189,613110641.3665056,21.01919896154018
pool138s0uwydwtrhkaqj4uwkh37yqw098v9v6nf5q08k9nugumlf8mw,AURA,0.0,5000000.0,10480040250779.0,2946020852.0,340001243.3257839,170001324.43234262,49.9997933038586
pool1398lzhvtaa0hgz305d2jz4urfkwkkt66yv476wqe6att2f7dphh,,0.99,0.0,18912005691681.0,3829675320.0,3794778566.8,3793078566.8,0.044798397853120286
pool13c9mnvfx4nvwvkszxcprwlv60fh3tteef50hhhv9yxptsua2v70,DARK,1.0,68000000000000.0,70799993254874.0,27783348770.0,27783348770.0,27783348770.0,0.0
pool13crd2ljx87988umk22er6ynwadfwdqupdpcq6prc6v59z62kxse,BLOOM,0.04,1000000000000.0,37232766498327.0,9747822006.0,958881724.1685278,800064960.1015153,16.562706334269418
pool13fpvzhz7p0f4c960k44erfykflr7qdp86t6jnxlfamhqcmfha42,CET,0.1,2000000.0,6152364616300.0,2062214580.0,512221961.86907107,359222011.60604525,29.86985362844206
pool13k6tphjfsgqdq7h27p4x86ruchcdg2x073luw8pndh3ajxvwvja,BLC,0.01,1000000000.0,70916264203142.0,20031646441.0,537191362.2799829,368893735.50144196,31.329175894459866
pool13mxx49xrq4hp6mca8qrzxxmjhfrts0ayh5n6ff9uyuusq9cx4d8,UPBIT,1.0,200000000000.0,30976030963620.0,9139702856.0,9139702856.0,9139702856.0,0.0
pool13s5faca3kkg6jhqcll8xd9tarur3zkhalyuu92d5g87zyj4wrrc,TZD,0.05,0.0,70023902720119.0,15613910284.0,1103695514.2,942195514.2,14.6326589101942
pool13t8yafhx3mfnxs8nnkvgqnm9v5gspk7cdjc5dmpzpt0a6h294yn,UPBIT,1.0,200000000000.0,31653205292893.0,7370728671.0,7370728671.0,7370728671.0,0.0
pool13z9mfsve9w39sl5akgz58yewad9daycxn8ja426ytdxey47yatu,UPBIT,1.0,200000000000.0,31655449726951.0,11203507598.0,11203507598.0,11203507598.0,0.0
pool140x77a7cz2j689lmxf836qpjtc3y83rka28v6gpswxdw2mag62e,UNDR,0.0299,250000000000.0,6123261201371.0,2653886506.0,500831684.8377241,342647902.42294955,31.584220248770425
pool142xwjhpcvtp7tahpmn8tlnek7smefp9wn66z67j8vjpmjxqdg56,EDEN,0.01,1000000000.0,15013421131919.0,2062221905.0,357335784.0843095,189046994.05427715,47.09542047720763
pool143d6z506u6yfufgzrtx8ywcwx3j4s29lxv5tdugcpcwk2l83gck,,0.05,0.0,70019865303432.0,22095156061.0,1427757803.05,1266257803.05,11.311442294694592
pool1456lrrp0a3gsgkmyx0rm8wkdmdku75tfdlu9xvpffvxmqmjkwee,ADPL,0.05,25000000000.0,141781432515.0,294625557.0,294625557.0,197107473.8810766,33.098989820127315
pool1457cnl7qu568h98xrw8krfnjkhf05mfhaq2l50epwy36yuln20q,GMO1,0.04,35000000000000.0,64892438031818.0,19540726682.0,11049779386.460075,10974601969.263935,0.6803522004091725
pool146s6wt66d069uqfvjh39qn0racde6pytzju7y4mykf88zc0dscz,,1.0,0.0,49670173475712.0,13257093639.0,13257093639.0,13257093639.0,0.0
pool147en6w8f9cplnn5x7qt4ese7fpacmmcwuffrtu0yqxpaz4agppr,STI2,0.015,37000000000.0,15308973774234.0,5008949654.0,421149285.7428168,254103992.8179852,39.664152019206114
pool147tju4482jtl253lgqq88fkefdugcuhaumf8m0rcj8uzxu846qm,,0.05,0.0,74406557501501.0,28281799754.0,1737089987.7,1575589987.7,9.297157956326409
pool149d5lzg7m6susau4f4yfdztgkty34qrcdpvd3ygsetmljgxxf8g,TERA3,0.0,300000000.0,20024820441262.0,6481252675.0,340092004.6103736,170094551.44968984,49.98572470277311
pool14fjmlppz76667ws3jl5luejf2wgztuhpsftulvh3ucc65anqgve,XSP2,0.037,20000000000.0,37102176017223.0,9722620046.0,692027525.626837,528405773.8201096,23.64382134345295
pool14mhf0xtx45a8979mcnad8upas8apwal4nfqd95arv4wlsuk6m9q,GMO2,0.04,20000000000000.0,60103835657889.0,21473345119.0,7936321022.853483,7827427041.167832,1.372096483648771
pool14mm59ntjqzphjr6chrww639cdr3yjce4qcwzc5jkk38y22u7uc6,ZZZ2,0.05,50000000000.0,33328546501727.0,13259655735.0,1004395940.3923498,843138225.185645,16.05519384553788
pool14nxj3szga2tgllwenjgajfl3y4t570yghhyk36d2heuqvy63wl3,,0.05,0.0,14570508614492.0,4419031210.0,543951560.5,382451560.5,29.690143705360324
pool14xq8v9s80ut6vmwp93tzhlydhsdqhxk3e9jerl2kl7hm2dq6pru,ARH,0.05,0.0,70193192449983.0,20622145654.0,1354107282.7,1192607282.7,11.92667686403545
pool14zdcvdec8qmqzsat5wg3a2h9f0u5yzrgjew534z8u3gs5durnjz,PAUL,0.03,100000000000.0,33030614608485.0,10609767246.0,678251930.0938464,513851163.9166335,24.238893968862808
pool150n38x8gquu4yt5s0s6m3ajjqe89y68x96dh32tq8a4es2l6dvp,ETO1,1.0,0.0,4007584229626.0,589204161.0,589204161.0,589204161.0,0.0
pool1522rtve5zlgnlh3zm5a4mcy3u7gpndg3kkac3xyzxmp6x6weca3,1112,0.25,80000000.0,3499196497981.0,1178408658.0,549616540.5201832,422119455.47508955,23.197461438191862
pool153sc4fct34a680nyfj4084w8dpax6c0zt0js8zqvg3sj7wtk486,SASA2,0.03,80000000.0,22253959434916.0,7070452096.0,541937032.1005752,377037624.89396274,30.4277798783106
pool154hq0j6u6ydz62mtlu7xaj78mhreyp0zsv2kq7f0qmne2fu4t7y,CTEC,0.01,30000000000.0,13790648152554.0,5598087950.0,403904873.1504419,235970990.8226606,41.57758261689286
pool155cu3s06js3llfh07vnzepatfuvt3s5s7uwldt9rzz55wz7pugt,SPS,0.05,10000000000.0,11417148837871.0,3535361494.0,502426876.3521523,341068330.2320074,32.115826942157504
pool155p7g23vdme50kp5lfqylfx5h7ndldyz2mletvr8fqucqzyrk44,WPBJ1,0.04,50000000000000.0,74951829703625.0,24520628000.0,16792772952.381535,16738442876.33491,0.3235324874616381
pool15d62znf04qymt6ve536tt5y9ky979ly4um5zmgz9m850vu7wuv7,NUFID,0.03,1000000000.0,41819962655707.0,14140954571.0,754348745.6399975,589452688.7329495,21.859393000932005
pool15ftrqf7j80w57leflatx66x00qfhu483a290gmp7q85pjxrf480,ISPP,0.0,168000000.0,508968655652.0,589204540.0,340082257.2515126,170138370.72664088,49.971406299855076
pool15hx9hze8ulcsw6e7ceelz2pem2g3u9c29wqe4eszkhspj3wcdlx,NETA2,0.05,880000000.0,249274899084.0,294603076.0,294603076.0,176648038.5205185,40.038630648744984
pool15kek228mhvnsncdjn77u8qtrn8hjh5wfzmh6g942xf0353yc77j,TIA,0.05,0.0,35017402005504.0,11489481146.0,897474057.3000001,735974057.3000001,17.994949122636882
pool15r7xg0vrrv2yu8wj3866eap8ftkuxvdk5rjz2lh4xajjq5v3p5d,NUFI0,0.03,1000000000.0,7924254649259.0,2356825210.0,400751633.8348963,235872443.36302218,41.142487404006914
pool15xgej4c7ns20y5pt7dc5vq6yj87ss5sl2ffucmh5j766j90ppur,1PCT5,0.01,50000000000.0,221571814939.0,294646225.0,294646225.0,199092910.76692277,32.429845056754836
pool15z87p296y3m7eq8pwuu8qs6h2v4d2ctnx3yd2vqpl6txkkdvl5h,MUEN,0.02,10000000000.0,9079313264193.0,3240748095.0,401145962.06530017,234729456.1194783,41.48527510760084
pool15zrkyr0f80hxlt4scv72tej8l8zwrcphmrega9wutqchjekceal,ZETE,0.0,10000000000.0,39660795374542.0,12962575948.0,343182633.0835771,173225496.57090625,49.52381622157444
pool164xvrnwxg0xwhkcm0fsnlzmtj3ptp5s7hne32k4dyv60x4utfje,,0.03,200000000.0,23705409510386.0,1473011531.0,373999618.25397813,209101009.49760905,44.09058210438831
pool165ljt7xrrpceutz5ppe96suuw0jcnrvhg0f5vu60df0r5mt0x0c,CSWP1,0.99,1000000000.0,3492506323562.0,294603220.0,294603220.0,293357544.5730691,0.4228315722180173
pool165zu45p489lpuypt4fsuc5g8l9g9ha4dddlls84jlsp3k4vsw9p,SWEET,0.05,2000000000.0,4245248173597.0,294604359.0,294604359.0,176285985.78085908,40.161786343134494
pool167qekemyleju9g7eugaguqxh5telvmmmrs3a7sp897f6za308hg,HOT,0.0,1000000000.0,4385051660072.0,589206138.0,340056830.8328655,170095598.90521178,49.98024345265628
pool167zl76srpt5a2gthpsq0ye9z4fpray5vsh7xyzcn63hd5mnw7fa,NUFI4,0.03,1000000000.0,3241970233631.0,294603219.0,294603219.0,173775377.9494452,41.013754520637065
pool16agnvfan65ypnswgg6rml52lqtcqe5guxltexkn82sqgj2crqtx,SPIRE,0.01,500000000000.0,74661028990201.0,22133971077.0,702432973.5742253,535260067.6035756,23.7991256475355
pool16cerhwlk8nq7rpuerr4g08tpgeq7awnhgxzkyalc8n8xjwzxqm3,PLNGT,1.0,1000000000.0,4802484805767.0,1473016101.0,1473016101.0,1473016101.0,0.0
pool16e43yxx4djcvnsunwgrm8tnph0ljrt3p9tnezu3qvtcwzh4zwwa,FBA,0.05,0.0,70017921810984.0,19443737335.0,1295186866.75,1133686866.75,12.469243176102488
pool16eua0zalaln7q0s9u7jzlyygqad0pu2l2qdxx8r8ueqrw2jdhqf,ETO9,1.0,0.0,54629264107418.0,12667889478.0,12667889478.0,12667889478.0,0.0
pool16fyda57p3c8gp5r6gmcq5tvqsp6mnzwvkxswgznkuh8wztrp6vv,HRMS,0.02,100000000000.0,41005233156591.0,10899772977.0,576432671.2830495,410238960.88848543,28.831417557343286
pool16hs0jxw7h6pwg3ru7rcq3yvg4csj7lhmcpj68kqem2sh5nt8mwk,NUFI7,0.03,1000000000.0,25305884814751.0,7365074115.0,551021501.6017593,386128017.872627,29.925054330875465
pool16j3mvwws7zc9pjluyhddgea0tq647v0dh3y4nkcuckg9znjcun2,ITC3,0.0399,100000000000.0,18925657135335.0,7662167384.0,669299888.4486282,506945299.7183287,24.257375734309708
pool16jefdagcsgzyek9jytzfezx5ajvfkytjgghaps64hzz6uzkpc0e,NGS,0.01,12400000000.0,5776426477938.0,883848537.0,346594266.4858353,178655548.6743944,48.45398035985811
pool16kus5xvdysgmtjp0hhlwt72tsm0yn2zcn0a8wg9emc6c75lxvmc,EDEN,0.01,1000000000.0,33188349828851.0,12345810152.0,460416231.7708794,292121302.8274661,36.5527792745507
pool16pfjyderm8gvzfpcrlk9xunhjetcp4w20g73gzzrvsgncte60e4,,1.0,76800000000000.0,76827873817154.0,28222883662.0,28222883662.0,28222883662.0,0.0
pool16pv24th2tzy8k70vk4ms35tff0fjxfm2dd2psk7cvs27wnjvlgh,SDG13,0.0,10000000000.0,43358939127888.0,11784538933.0,342639487.7649668,172678695.3663102,49.60338737000477
pool16tcjctesjnks0p8sfrlf8f3d3vrp2fdn2msy80sgg3cdjtayu3z,TAPSY,0.01,5000000.0,6967818211174.0,1767612171.0,354277135.89837754,185977256.6678888,47.505148421083724
pool16utp8esfwwpwf4fzlvtulugtdj9mapt42gdwza962pk8q2f45yt,DRMZ,0.01,20000000000.0,576896412917.0,294624090.0,294624090.0,175523537.3552217,40.42458057139126
pool16v0jqnz2zuqsdrf6z94ec5rx9ds0xeghsvmddauzt6j5w2u7lsm,IBEX,0.024,5000000.0,12609984899542.0,4419031280.0,437898329.28435236,271978395.07348746,37.89005874537686
pool170028ak8q37qf4e5lf7z8eyuscgcrqgzn9lh58a4g9ngzd83a0h,AQUA,0.0325,1000000000000.0,1134109469352.0,589502570.0,560957542.5768043,541508225.2333266,3.4671638880432374
pool170hmssk80z2ameg7jhj5m8psnkjejcc77vfpd0875yggxhhntd0,21ADA,0.02,25000000000.0,8158285182110.0,2651668286.0,393175495.3149785,227086019.26787156,42.24308941584731
pool173mzegwuu0pjcrt60ekelzj5haqr8r5e4e0n45qh9jdz7xm5kh8,ROCKY,0.0199,80000000000.0,60065721568395.0,21210366604.0,782563849.0131935,616168761.9387683,21.262812904563383
pool17arsgklktp9sayk5kzaakwvl3jwyczp07guux2yd0upgqh04qjl,RMH,0.05,0.0,70025603129351.0,17086920685.0,1177346034.25,1015846034.25,13.717292563258999
pool17kew7rtakc7g6qzydntann5umw08xq3ll2j7spk7en4kvff69fa,BLOOM,0.04,1000000000000.0,13637592089267.0,5913466687.0,955275377.9855849,804042299.9269179,15.831359369648599
pool17qvfg2g843gw6lurru282kkex6vp3pyj6zwj99j4u6k7zvmva5a,1PCT4,0.01,50000000000.0,5218912081561.0,1178634000.0,356340561.56021136,189652966.57269108,46.77760911014191
pool17rjst78s67lvellg8s586rf076jxa3wnsdz730f4xk2zwuhrtej,NORTH,0.0,10000000000.0,65360966448168.0,15017853430.0,342245660.4036967,172271669.81102926,49.66432310410429
pool17ynruzy9lvq0x55ks22vtf4lrrdrw2ucydh4tfzhg9kkyeaw8nf,ASN,0.0,1000000000.0,1291058696501.0,589206076.0,340193024.59034234,170324699.47116745,49.93292420493599
pool1850xvydng5mkjzkwqw6566y7e6hsrgakc3y87jrnqrkrwdjua2p,BITA,1.0,10000000.0,14055410005692.0,2946020922.0,2946020922.0,2946020922.0,0.0
pool1853ffwhtuka742fq4av7s3ssdpvzhdkpw53th3es36zkwrllj9g,ATLAS,0.0,125000000000.0,6261261916379.0,1468400383.0,362527415.3611149,195921299.89809802,45.95683206387575
pool1859zslu3scj23wxcamw0slkhn80waxwkdl4k8k0asyw7sfa8dv5,UPBIT,1.0,200000000000.0,31596954914928.0,8844874336.0,8844874336.0,8844874336.0,0.0
pool185ev4czpm5hc9xud25xlcz5lhpnl2jztqas6mgxujqke7j5mdzc,ALDIA,0.0,1000000000.0,2178908798827.0,294603219.0,294603219.0,170057186.06444982,42.275856101745504
pool188ah5thmetn7vx5g5ugsq3xr0mwy672twqawn36qnzqmjrdftfp,IGUD,0.005,100000000000.0,217787937530.0,294663861.0,294663861.0,227578053.85172558,22.766893408850848
pool189lsf6c2upyhmrzddyvyfjxxkqnte9pw8aqx7f4cuf85sjxlm02,CRDN2,0.02,100000000000.0,43365790905497.0,13255566654.0,627498522.006181,461282695.79045033,26.488640273497474
pool18gk8kvd9qf829nldqus92q9y640e6u0jdyfz04mmktwxvglgt06,SBP1,1.0,0.0,70059328471079.0,20622145661.0,20622145661.0,20622145661.0,0.0
pool18gsrasdghtjsnzlf20pht85l4epwag74w9pfx5qvdvcpxw68sl6,GCD,0.05,0.0,35009505975753.0,9427266586.0,794363329.3,632863329.3,20.330747158521937
pool18jqumjfevywycjj54m62g74ghds4mmuyqynpwfkaem0xktazlqw,CEX,0.02,1000000000.0,13577700487705.0,4124445083.0,415962052.1971398,249374322.316086,40.04878065225569
pool18ljuhhw27t85zddz0pvsmsjsz5k0mlz03pzsxgh8qarcsw5wycc,CAFE3,0.0,100000000000.0,1005528534682.0,294704858.0,294704858.0,182401921.34770578,38.10691734586005
pool18rhzlrv83a7ygj7cp5uv8dx07qkn5drhe8nh6f3qvhv66xcyj2m,SIPO2,0.039,50000000000.0,32495175930415.0,12081019489.0,815260982.7846277,652142358.558604,20.008148025049753
pool18t0u9vf408ftjf9xdpj47gdwkeq3jz3jqyshumm7fvtfkcq7ul7,KAPY,0.0,200000000000.0,1815569040922.0,589610942.0,367496717.1585213,216223628.2446091,41.16311298875084
pool18ufrgfgmslekdxnk9v9345qvhrr7vfgzkvneqtwm7unnwaht6ww,OGAM,0.0,500000000000.0,69651264686225.0,23613086544.0,507068657.32333744,338289022.816813,33.28536127582037
pool18v9r8afalh50l4lstct2awdc3zspnvurcs7t45nv29uc2mnxc6c,LONDN,0.0,0.0,6060859387932.0,1178407834.0,340000000.0,170000000.0,50.0
pool18vej0s9gska8c847aj95g9v24duuxg2g63d5cuqngnxew643jw9,ADV2,0.0,250000000000.0,69695840683399.0,18551344406.0,405324358.7688648,235934151.2555221,41.79127255708237
pool18xjkr4xpscwxsatewj9lqc6z74vw90qycjd0wrypeqej673j5u8,TAM,0.03,2000000000.0,5442360419804.0,1178417430.0,365451387.6735055,200611986.3796845,45.105698556298435
pool19066qvd5dv6vq7fh5a5l7muzk6nc5fw8zq3w4tclyrhvjvlyeuc,ETO2,1.0,0.0,72220363472387.0,21505951904.0,21505951904.0,21505951904.0,0.0
pool195gdnmj6smzuakm4etxsxw3fgh8asqc4awtcskpyfnkpcvh2v8t,SUNNY,0.02,1000000000.0,30238080275151.0,8533499378.0,504135534.4901415,337541044.0991671,33.045575840921444
pool197na7w0h8hjc8wdvwys7nsalhtpctefa3m23udeqxpfk6nzq8l9,,0.03,0.0,78580631443634.0,21525004705.0,975550141.15,810650141.15,16.903282880530593
pool19egsg4esywdpq8lk5e0r4c8se3mx6k68de2pt2d0fnrs7jntp6m,UPBIT,1.0,200000000000.0,29572552127621.0,9729358413.0,9729358413.0,9729358413.0,0.0
pool19ejln2jcpg5dphc8m5nh8sya49sycsqj0v2cjxw6nku966cc8nu,POP,0.05,50000000000.0,13600011035604.0,4714542244.0,574005831.9044191,413099581.42262614,28.03216300920551
pool19f6guwy97mmnxg9dz65rxyj8hq07qxud886hamyu4fgfz7dj9gl,BERRY,0.015,45000000000.0,32183455492377.0,8247476807.0,469502807.073771,302286941.34818983,35.615519908767496
pool19hrn8me383w9atvmjwukjxqsdvr8udpmyxau956hdc53x669j8p,WAV11,1.0,1000000000.0,58971605546304.0,15908573910.0,15908573910.0,15908573910.0,0.0
pool19k9grwq9cdswn4k7vxzmwcls24jj3466g4s4xr5vucehcqpslfy,ADV4,0.0,250000000000.0,41479930267317.0,10910789163.0,403710263.5833562,234734855.4697482,41.85561363086791
pool19kfm6lz5uw7nylq27swr367mqdycmug7tve94l6h3xsz64seqtc,KILN8,0.05,100000000.0,39351082251739.0,12962496467.0,971155296.1374241,809655706.5454504,16.62963588154294
pool19l206haluae6wyzm7tjpt3gln9paa5m9s4fedec2u09fqz300ht,ETO10,1.0,0.0,50008175819413.0,14730104043.0,14730104043.0,14730104043.0,0.0
pool19lz8nyz0jjpdrdtnjaar4untk4th23gpg5s7aegn7480zff4vgq,MS5,0.025,100000000000.0,28279057385084.0,8252041805.0,565080033.4407277,399916156.23026395,29.228404373942208
pool19m547w9wkcqm5hcstz67fly4ucz0zsp3dqv4n956xyusy4dlpue,WRM01,0.01,100000000.0,4908136538828.0,1178408607.0,348400997.2645922,180104426.2645531,48.30542171847651
pool19qgfp80d2sv3p2azmygfq87g7va4s3ewd6aaulas6eqsyz4r2yl,P2P2,0.15,0.0,19085462148894.0,1767612481.0,554141872.15,409641872.15,26.07635467779368
pool19r8kcmqpajlm6h5q0lv8jye0q7evdur39wfsgs4z98fcqpz9lct,BLOOM,0.04,1000000000000.0,16557280895228.0,5026689192.0,799204313.1510953,645861004.0553992,19.186997188628215
pool19ru9alj7n5anmzs0f9gpzlj8kaq44yhcp45mldjvldxck8f6yg6,XRAY4,0.01,100000000.0,2078421703979.0,883806196.0,345463964.69826573,177172062.1887643,48.714748774590866
pool19rz6ve8nz6uvq97yspwh3fvt7w03dsjsnmft6du83hvtc324dus,DGK,0.05,50000000000.0,2218520820751.0,1473289079.0,420928923.65836966,263068736.24181277,37.502813074607786
pool19tz0rwsnzmsw602rauwhzrsgk4qx55qzhkmxfqe04s6vuu37ptw,,1.0,76800000000000.0,76829401182537.0,27078557771.0,27078557771.0,27078557771.0,0.0
pool19uynx6nxcdksmaqdcshjg487fap3rs3axyhrdqa7gdqgzgxss4y,JAPAN,0.05,50000000000.0,3235225509302.0,589316396.0,356126315.4210781,197122277.44189626,44.64821359555471
pool19w5khsnmu27au0kprw0kjm8jr7knneysj7lfkqvnu66hyz0jxsx,ATAD2,0.01,1300000000000.0,59980523776819.0,18355104477.0,906700511.1962936,742048195.248105,18.159504038543837
pool19zz6frugmvm82ecgl5hh5vq3093d4kzr4h2r5vfmt6la7trk929,CVM,0.05,0.0,35010736098546.0,7659654099.0,705982704.95,544482704.95,22.8759145043699
pool1a0kp4vl4fh0p0rs8s08rm7qq3vkj3epwraayk3sdgm8sz0zwt7t,BLC2,0.01,1000000000.0,51361417153099.0,13256831814.0,469417292.25723946,301120569.0359837,35.85226322021167
pool1a23gmvalpdams9d42t7fur8vmknzjv7wd3nsvuvrc7dv66lnau0,AOS,0.025,350000000000.0,48497236542378.0,13274995215.0,754391759.5174155,589837961.695849,21.812777743865027
pool1a2gt2mvuf5zvtqlvw2xgks2efze3p4r985ft62q64lua7gx7lal,SALT,0.0,10000000000.0,2974683855982.0,1473066982.0,343809033.28507143,174380522.58689463,49.279831038556246
pool1a3ekt9me035qgju0en2w39vjns9ggtewnc9fugsmpgczvgtl6u9,SA8,0.01,168000000.0,7231744842891.0,1473011333.0,351356171.00335526,183060080.76519203,47.898999399260894
pool1a3kdettzvvlqvkl9m9hwe63ggeq5fgvz0twqew5c62dzx99vsed,LEAD,0.01,25000000000.0,7960389439063.0,2323889677.0,366007096.18808395,198235650.7308244,45.83830401229299
pool1a5jd3x2udlvpm9mt4gpau4jlags6qtth6jdsguryh2zy27f5ttj,CRDN,0.02,20000000000.0,3437185035659.0,1767748469.0,376696477.5333528,211065875.44630548,43.96924632043641
pool1a600v0jd2z3yajazd80phln3exekumm7g56d9yvlrh6vx8dx2fc,POP3,0.05,50000000000.0,1430495846828.0,883971296.0,385261278.24114347,229406174.0427675,40.45439108490494
pool1a6ysvnx24xsjh2f6ehgmx7yu9q45fd7lsk88v2swxkek7pkxtgp,VIVI,0.96,15000000000.0,9024347355078.0,2356953176.0,2276409149.7274,2269620452.4838195,0.2982195553199779
pool1a8fp4uygrweyx2hgkawfec4dn9vnw73ruqj0p6p2ewsjyfu2lgu,,0.05,0.0,31642833426721.0,8543460340.0,750173017.0,588673017.0,21.528366968709566
pool1ahazpr2yz5gljk2m4q8g7wnmq7m2sr9unhdfmr5arhqrjnntwdz,ADV3,0.0,250000000000.0,74282147110501.0,21820579974.0,412293884.90226936,242866027.7609939,41.09395345056763
pool1alseugmsr68dn8mlen92jqgdc6nm4f3dvqyc8m55fgl967ytyua,,1.0,76800000000000.0,76824819233615.0,24408726442.0,24408726442.0,24408726442.0,0.0
pool1aq2kqdp9xf9w47vttvmqnahwd4scz2qyddsr9l4mfru4qddg3kr,NMKR,0.99,400000000000.0,2648449481691.0,589963995.0,587841880.0837649,586398634.0844362,0.24551602194846617
pool1aqg6fvhcaulvss2ruvpx6ur9vj7pejvdcxv6xp0qlwuwx94evf0,SARGA,0.02,25000000000.0,16066580321068.0,3830084350.0,415123732.19357955,248782965.95190078,40.07016543301628
pool1aqg8vxzv75zhjzjjd9s20fu6r0xz70yl8lk3teacwy7qyc2p2j7,KILN7,0.03,100000000.0,65955029462936.0,20916755816.0,957332936.6954885,792433186.714329,17.224911382487125
pool1ases3nklh6gyjf74r7dqm89exjfd520z9cefqru959wcccmrdlk,MIN,1.0,30000000000000.0,35113937580679.0,12687104413.0,12687104413.0,12687104413.0,0.0
pool1asfgkqtmjuusclgx72xpzvpw336gkulchtstsx9lsj9uqzjckv0,BASHO,0.03,4000000.0,24288366153241.0,8248858357.0,577267014.1284709,412367041.2855054,28.565632334271392
pool1axzm26vduyuxgw0x9ddh4vkvn7q5hyd558l0t9c08p556lf2zaj,WAV1,0.05,1000000000.0,28829781990669.0,7954286936.0,720965253.0535243,559470854.8995615,22.399747764539413
pool1azwytj96wpa7hqmj5adks6tpw7rhnwdqpf9hkgyy0mwdxxzxz9w,XAT1,0.04,100000000000.0,741911895963.0,589401656.0,382247497.8025343,241044718.8860656,36.940144730368594
pool1c2wf97p3j9gfvfjshj99ufxerpy3aznm8tzr2fd0ua465s26th4,P2P,0.15,10000000000.0,76744352487519.0,6776109901.0,1306129331.5339394,1161648160.2809827,11.061781384487828
pool1c3ecg6h4m73a2mftmdm9mz3gxklxmnzuwzl9e38lzd4y26qcm8a,COSMC,0.025,300000000000.0,27602401293508.0,2064591097.0,401390103.9267976,237441577.62726498,40.8451839483896
pool1c3f370yr063cpzpdapsdyqye8dutrztqjfhrug8dr3uj7d50375,,1.0,76800000000000.0,76825585553792.0,32798779090.0,32798779090.0,32798779090.0,0.0
pool1c3fjkls7d2aujud8y5xy5e0azu0ueatwn34u7jy3ql85ze3xya8,MANDA,0.04,10000000000.0,2263956730490.0,294613427.0,294613427.0,175512943.33577728,40.42602025203105
pool1c3kxs76qj58284f923cx7ed8vw25en3nfghyurv0z9m2g3x9c4j,NAHA,0.045,1000000000.0,8236727969869.0,3535238623.0,484156207.09700227,321825917.5937667,33.52849496169161
pool1c7jrfce3zxkk9s9enzpvwj8fuayvx3pdzc2k2es6mrw6gsfcjep,EDEN,0.01,1000000000.0,27447420713771.0,10605714266.0,443027416.32721716,274733548.0509137,37.98723556918715
pool1c86ul4pnqvu7jzag8fjdy6dgrn6pt4ad4vmyq038hyg0wl2kaed,BAIDU,0.02,30000000.0,7388711802735.0,1178408257.0,356771501.2022818,190172177.63954625,46.69636532102862
pool1caulv7s08g0jnptzdc69qycptacu7fzahny2epzh7sh9vhqz6xz,NUFI1,0.03,1000000000.0,15305306201514.0,4713650039.0,471486688.7337098,306597462.7749363,34.972191134732334
pool1cd6mgg8y98sq4cc7668xwwg0g6ln4z7r0gx0r5pfvjg9w8u0rc8,,1.0,0.0,35201209359949.0,8248858264.0,8248858264.0,8248858264.0,0.0
pool1cduc7ut6grhqyavrmm3gzcdf4qfdsjk7vdwcxy9c0r5fyaxh2sq,POOLS,0.0189,10000000000.0,1790324478528.0,294613415.0,294613415.0,173038076.579077,41.26605654427617
pool1cf7mqj0xd8z4jqhr7nf565mxuvepk8euv5t6ehmuwe49kfz9llr,TOKAI,0.005,100000000000.0,43007158286808.0,11762807097.0,423541480.3901457,254784787.00871366,39.84419500682239
pool1chtam5czevzk2ttctvltpsc8twlwf6zzyh7kj3jkz72gks975sn,NUFIC,0.03,1000000000.0,220028283569.0,294603210.0,294603210.0,174287412.5594349,40.83994788806446
pool1ck8rqpxp7j8kyzutk856fnvgm8xsqmuh922wkeeg32ekjjrvtc0,ISPF,0.0,168000000.0,2867847570208.0,883806797.0,340031856.48457927,170041815.17286405,49.99238691020246
pool1cmaafeyy52ppz62jqmsm20c5p8nua7xx95lkkf96ktmqqj3w5td,EDEN,0.01,1000000000.0,40558510741917.0,11784128327.0,454720625.06131536,286424774.6219605,37.01082404534906
pool1cmdq8atcy8x7lfhh09vdumveuh0ywsx0269ur774nvzkyhma37d,MOMO,0.0,40000000000.0,35747860623319.0,9428297376.0,350169332.89716536,180359554.0707246,48.49361805087283
pool1cn0dqtplwf67fds40hgkf0u5rm4q4azev5qutmgkw5hdyvue2ue,NEDS2,0.02,250000000000.0,22203754969848.0,6192229113.0,521619071.3332243,356894880.17981625,31.579403477787682
pool1cp4q7w2jvlthul9mlskj6xutx9rdr7n4vruqqe09pfg5ywmzdzq,UPBIT,1.0,200000000000.0,31687257992093.0,11793165941.0,11793165941.0,11793165941.0,0.0
pool1cq25dmlt5974x8tqg3e4dlzvrxefcce2atpnwlfp7ad5ugec9fp,BEAST,0.03,1000000000000.0,15427247646494.0,4138712965.0,692808373.2263818,538597253.3026328,22.258841821670508
pool1cyq3v3v43hu7spwlfxdm6vq9djpsjjueerhlu5qr2rvd57vqk84,SKY4,0.02,5000000.0,69501296235173.0,19738339359.0,727968154.8071955,561368166.7925835,22.88561483279946
pool1d0vm9y545l3y2g9pamx45k4e498nllhd8wy4289vw8mt70am2r8,PLANT,0.048,25000000000.0,308025147396.0,294628266.0,294628266.0,185611736.5470389,37.00138175234045
pool1d9g45764jtjzagrmy5ndtrx4pua7l9sr4nh08l3mqs43xe6wnh9,SS63,0.015,9000000000.0,5396484854648.0,2946123213.0,383373020.64438546,216202285.76614374,43.60524238175547
pool1ddg6t2h9kj6lqlec4ncjs945lzj43m3ggrgdhf5sgzhtygpkznz,FAIR,0.005,100000000000.0,56923198410051.0,18565763703.0,462986892.8871578,294134047.6583664,36.47032946782477
pool1ddgcpgjcyawxw95se9x8qnc8gxgwjr4fqrk4vk6v9x47s0ggpjp,1PCT8,0.01,50000000000.0,4560860486397.0,1767950947.0,369777368.2813619,203322414.85209084,45.0149110538902
pool1dhf4dt395f0c0ujnscazvzvw73ynzgwvtf5k4y9c907hwjdyaq4,JSP,0.0,10000000000.0,7300949821419.0,1178453757.0,341148417.3669297,171381263.78302377,49.763429915405155
pool1djg8jsygtculv3q2qdrxtnpxfq003pdxcvlw2pvfupq7jm5xpgp,ADAAP,0.02,10000000000.0,6090350456795.0,1473067237.0,364484566.40866625,198158113.8854196,45.63333206727843
pool1dkww2vlysa8lsnuf5rca979zdsyr3zvt59hu7e420yxfunkka2z,TRUE,0.018,40000000000.0,661667759299.0,294644935.0,294644935.0,179643173.0040004,39.03062579236246
pool1dqhaw0h2f4ehpdhh57quszcj22qhkglhg6yvaf39w3clxdl2kpy,CHEF,0.01,5000000000.0,1243184628952.0,294607756.0,294607756.0,171742229.44109264,41.704783413409984
pool1dqlgn7smehsnj5ztz8almy2036lfhrdjv79nmg9tmje0zzt620h,POA,0.0,10000000000.0,1201084228385.0,294613383.0,294613383.0,171037507.44581467,41.945099131557555
pool1dqzprrl8305mlysnh85znqpe22lg0q2d9zest7jjhugajuf46kv,COIN,0.05,0.0,159749978650.0,294602075.0,294602075.0,176230103.75,40.18029107568234
pool1ds25hy480zcnzjwzr4eef28j85lvpm4mq9qm55vr4mqr5h3l68y,UPBIT,1.0,200000000000.0,29565147509420.0,8255213185.0,8255213185.0,8255213185.0,0.0
pool1du3r4a7xq60hg2x0wcz7lw5ya3qs74rk258c8kanp93rsqdqu45,,0.0,100000000000.0,50609235856811.0,10895082059.0,360856039.18000966,191191946.24740934,47.01711333919646
pool1dww6s8stvm7dl2n8740s3v5rnxmsuqcl8jcnu64g7cds5w29pft,1PCT3,0.01,50000000000.0,1644419818139.0,294657694.0,294657694.0,174998998.17996246,40.60939125520935
pool1dxwgzj66pual956mnv9delkelg873yvgr2dd8s279m0hxqvr475,APOP,0.01,250000000000.0,45032453524664.0,19709543001.0,640151141.780665,472785467.95449775,26.14471222540001
pool1dzdxps32uqhva9q9urx4lm7m0nhlczjjccwy9kv4t2d3krsn4m7,ETO5,1.0,0.0,50000214398811.0,17381522772.0,17381522772.0,17381522772.0,0.0
pool1e4tjrl3ve7dcqwa70pexds6f8llk0txx09gm3r4m472ej4p6473,1PCT8,0.01,50000000000.0,1983708562024.0,1178630515.0,369312872.33189726,205254926.91647497,44.422482319539974
pool1e98xlcgj80c3rdmm27v5hnvrdtut52e65uk0ema7ctfag596vr2,COSD,0.01,300000000000.0,13489396667928.0,5013944379.0,489647047.05319506,325089986.8779274,33.60728123770146
pool1e9wmzv9r2pkvhwddc3ay42axm9aggheae6u4e52tgx6326krg03,MUEN3,0.9999,10000000.0,6383010307071.0,2946020920.0,2945760318.3162746,2945743318.342908,0.0005770996798698864
pool1ea568m9q882n0tx5d4vxff2dmz2n7rq5h62hx5ystq625m4tcfu,NUFI6,0.03,1000000000.0,11990436881354.0,3535237306.0,436115606.85792935,271229359.4844293,37.80792174842163
pool1ecvcst7k9eul4ggnljh0jw2s5nc2tyfmyzsx3xg3kmmz6ptgfwj,NUFI2,0.03,1000000000.0,12443589684611.0,3829840525.0,444967255.0405141,280080506.8435854,37.055928572073434
pool1edqwpnln3zr9gj9sfsmyl72pen6hdwev07xgqj7uz5mkjrgfj6h,TBG,0.05,0.0,70202603633665.0,17970726929.0,1221536346.45,1060036346.45,13.221055637791496
pool1efacpnedlfrhe9sa6s4jzq839s5q4qdrl70em0za57xg6t38d3s,ADACH,0.04,150000000000.0,6888100512649.0,1768617790.0,427010849.7874761,267364804.89528066,37.386882551497585
pool1efxh54fk0dj5uu2e4eu08klxl5ys3saphv3kec33kw3xv8738sc,KRONO,0.025,5000000000.0,2320710938324.0,883823084.0,354737958.725699,189345069.12075686,46.623961585354934
pool1ek9pyk0xwjelrw7uqktvjwqj8wlcqqftjxqeq3t2vffw7qm8efs,UPBIT,1.0,200000000000.0,35896455644803.0,14446637470.0,14446637470.0,14446637470.0,0.0
pool1enul577he3e0s500lv8z98m6k936uecz2rpckxxmmk8c7k0n2rd,PXLZ,0.0169,100000000000.0,5593097125020.0,884142241.0,358760404.8688006,194621498.87582898,45.751678213485555
pool1eqa7kxx4xg35cu4rqj4exkvzhenscgh8wxez0gl7hsagygp79kr,PILOT,0.0,1050000000000.0,77012797542518.0,23945536512.0,661840189.2739451,494157985.8700426,25.335754177734955
pool1es67mveksd22l9alfh5cht6w2krc7lcrq3zvxcpaj5hwxgmhg3m,ANEJO,0.01,25000000000.0,1338586616242.0,294630049.0,294630049.0,173550666.6590043,41.09539497140555
pool1etfar35l4tf6vam3gvqf5dnaq7levz32vgw4p00jzk7q7twg2te,POP2,0.05,50000000000.0,18070877362193.0,7366473523.0,709793033.5394077,548739885.1138029,22.690156259002386
pool1ev8fwfccn8gr0zcz3uyps0t0mcrefc6s95wjc6aed3ngc86y5rk,ZEIT,0.009,31000000000.0,6467205687053.0,1472289661.0,355569293.2563211,187906839.8618752,47.15324314396917
pool1evg78egp8gfqae273kvmmdee2dnt6vty60dpwdespg4hujznh3a,SQUID,0.0175,50000000000.0,13166931954975.0,5009200696.0,439131508.0840844,272740767.4566214,37.89086812591063
pool1ewrm7y47s9hv6hxku9n5gfnsuspymp0qqpwgvgm9rvm37cek2h6,A4G,0.03,25000000000.0,33421371005047.0,9428176502.0,619239527.2397696,454462876.45842904,26.609517566784625
pool1ezh8sewqgzy7267yvy0jssz8q7amce37x3dhmfl22j8lwz6wjrd,DAN2,0.02,100000000000.0,1378273554412.0,589415635.0,362722623.9706155,208210209.88320124,42.59795333304918
pool1f8erepj5w5nth5xfxgxnwpz59jzywt6zdwfr50jzjwfwksmg9ek,NUFIE,0.03,1000000000.0,36654309567607.0,11784128812.0,683626715.650301,518731214.4391731,24.12069297997969
pool1fcp4d2pxh0e7q5ju63sjqcdpxpr3pvxg6ykl23t6c97d7dnvjvw,KILN1,0.05,100000000.0,10812155411503.0,4124430694.0,529254786.24904335,367756279.93826497,30.514321364074448
pool1ff2hr0sukqqd75jr2rh3wrmnesxqgpq42dgd6rm3ungnqp904ue,BD3,0.08,200000000.0,56761459222046.0,22389775452.0,2104053513.5099266,1947654064.5880778,7.433244825648343
pool1fgp4f4afdrq26axqlnm80fz49hdkyq4am3ca3r33w0w8sw2x8ap,UPBIT,1.0,200000000000.0,31035189563513.0,8844873822.0,8844873822.0,8844873822.0,0.0
pool1fh4sh2telea0tfdy39h0drx6uq566yt9gf24edpz7335sclx39z,CANUK,0.02,25000000000.0,3989532493666.0,589260326.0,346515931.7357228,180959913.70769885,47.77731782742056
pool1fkjfa9yuu844hyg7yagvjr9u7texse7dcdhe75c6lta0xqpgqgk,,1.0,76800000000000.0,76829401927715.0,29367496200.0,29367496200.0,29367496200.0,0.0
pool1fl20ddkpvnstlx63fal6e3ku46r76nk2s4mqtk5jnyxn2vt7hg6,KOH,0.05,0.0,70540482443232.0,16497716524.0,1147885826.2,986385826.2,14.069343510811963
pool1flkcdxj7cq6sfgl4fujx50p20ylqgj02kgwvfj4g5w24s6th8vz,U0001,0.2,50000000.0,16657704234062.0,4419032061.0,1155816207.144138,1019816615.3636564,11.766541335885735
pool1fm57fshvdlrgs5pnpk78tnxha0me28equyy96vj0xm85gy5chv0,BANDA,0.009,500000000000.0,13814063025497.0,3836506856.0,496885619.9547291,334513391.4680431,32.67798905137959
pool1fmcv9p7vv754rwc0p6ud2mgm76vnn0gq0gngrk7rq400vsvhsvs,JAZZ4,0.05,50000000000.0,10799076459225.0,2946588326.0,481794558.3380707,321042307.465553,33.36531060604453
pool1fmgus36uc0jf0wlspfvzwfn04mz34kwrensmqgfzkv7t58dejw4,GRAB,0.01,200000000000.0,4111701087203.0,884458485.0,371663120.133491,211549512.8906788,43.08030540810825
pool1fpu5xurq3jx5rn626ejcx0dzzzk5lmtvdl2qkj9l4kw2sjp50dz,MS6,0.025,100000000000.0,48149282315984.0,16209377683.0,768869174.9239434,603463416.8150525,21.512861160710838
pool1fpvs8h5q5kwpz4k2yd0vw90dgdxacr3ef508tzzewm0kysdt4eq,SBP2,1.0,0.0,70000006554332.0,20622145660.0,20622145660.0,20622145660.0,0.0
pool1fqas6yd8n3fdpz8e869qjvyensdmzletqjexcut8mxasu2sk72r,LAG,0.05,0.0,70048600588200.0,20622145656.0,1354107282.8000002,1192607282.8000002,11.92667686315467
pool1fqwnqk3phwa2s5thgym8dw34pv0z67m526uqprnjh93cvzxymef,NUFI9,0.03,1000000000.0,23602635327830.0,7926195609.0,567897638.9531683,403004625.46114546,29.035692734341644
pool1fs2m5rmlx66crcwwrrsf2pcxjhvk7kzdurcqusd3v5gm65cufnj,BIRD,0.0,125000000000.0,23591196265875.0,5894879766.0,369433012.337505,200333772.08535796,45.77263931618057
pool1ft4xjlz9uw0r0ewcgtkgeakqrfc5azxmxwsm5pt94dv67mw4rgd,1LOVE,0.01,712000000000.0,55298409180879.0,17724174568.0,735435045.5778372,569302008.4575114,22.589763449441513
pool1fu69ry8k9qxfque9hng3lxcq7g30pykg38mtahah8x4mzpgls3k,BFADA,0.02,250000000.0,385102561839.0,294602362.0,294602362.0,172571318.53475386,41.422289569167184
pool1fvgmxt3688a5zl6amhvaqk9tmvk3lhxkgdsta6yj3czuy5hjwfy,ETO12,1.0,0.0,50000075643364.0,13551695720.0,13551695720.0,13551695720.0,0.0
pool1fxmancs3dmc9l0s7u7zrj8334m9nvzam5t5hnuuf4c7cjr6867m,CONGE,0.01,100000000000.0,4902495577084.0,882691924.0,356385929.73398936,191518875.2074477,46.26082029938734
pool1fxra32qureulvqrhrdpnrl5yechhqreg2khrghv3tkl4z66t0rm,,0.05,0.0,35018155935408.0,9721868665.0,809093433.25,647593433.25,19.96061188524051
pool1g0nq3m3fnvd245k4favcvutn09vce0yshg535f68d2xa54vy0cc,1PCT3,0.01,50000000000.0,10666285527986.0,1473294006.0,356592320.4834671,189081254.9234763,46.975511231671966
pool1g2y0j7rsv7dpu8p6jt2dva3rxfqjl2zu0ag9dd0cfm8guzg0lh0,SOCIO,0.03,0.0,6284504944229.0,1767612474.0,382828374.22,217928374.22,43.07413219722238
pool1g5gmej3cj67td4pmvmacnls8nuq0gjld2pwfeg3jwpxujdx6lmu,SKY,0.01,5000000.0,10874643663351.0,4119474357.0,377796463.9388366,209496541.32068244,44.54777603355258
pool1g8y2gz4sk7xhyaj469jlj3njyu5dlvqa7t7v9c2gk0yc69879z8,1PCT0,0.01,50000000000.0,7797449134510.0,2357269633.0,372978787.79798555,205757986.88666663,44.833863582046334
pool1gas95lqlch5pj5e4lwg78gxlq7km9xfurfd557x4tgwk5kktd04,NEDS3,0.02,250000000000.0,10789584719794.0,1474406431.0,388447190.0494103,225707394.22609106,41.89496023967088
pool1gaztx97t53k47fr7282d70tje8323vvzx8pshgts30t9krw62tm,TW001,0.1,100000000.0,114176461996014.0,26501753040.0,2956195926.0943656,2803196060.097467,5.175565822493955
pool1gclysx2h7fndj0jdajlmwvqr8q9tzu3rurjknacu0ff954fsg9a,1PCT0,0.01,50000000000.0,64761837247187.0,21510110310.0,567882244.7242754,399712182.3597362,29.613544696434555
pool1gdgjzmp96kk0d0sj482655wqlq8jtc4t9xw8xzfwfx4tjyq73hw,LUNA9,0.02,250000000000.0,2869997046427.0,294863374.0,294863374.0,183156346.9616618,37.88433453872715
pool1gk20vlqg7qq868avysckjcjtwyphtjurfwlgra45670ny6r4fww,GCN,0.05,0.0,35010773902622.0,11194879066.0,882743953.3000001,721243953.3000001,18.29522585753859
pool1gntlh2yq89tpsd7kgaeuremj3s60rscqahyl52qzv0x87mt22rq,KOR,0.0,10000000000.0,2993490024348.0,1473067044.0,343785103.79117364,174353002.7940675,49.28430555269921
pool1gppqnqfguctp6gu0q8l5wjhye0ny28yzfx93hkr384cfsezru0f,CAPEX,0.0,150000000000.0,3050046916677.0,589529310.0,352271744.5083694,190632271.6401232,45.88488159725394
pool1grgycym8cf0xmgjjr7gx7udmkpu93hqaygysy5myx6ghx8dvl5r,THOR,0.03,100000000000.0,14529789385548.0,2944580247.0,435525428.478653,271760338.2534913,37.60172874342022
pool1gsrcrjm6ctkquef6m8jsyvplv0j357hupn92uklqdcm7729ytv6,YUMMI,0.01,1000000.0,496011032480.0,589203424.0,342492531.6309321,174192870.93790102,49.13965857637731
pool1gwnu7f7qgaruxph8gn3u28qphvquvnj63elyd3r0nndacj9g9pa,JAZZ2,0.05,50000000000.0,18624300931468.0,5893178913.0,631821946.953411,470755520.2740803,25.49237604929342
pool1h0524mtazrjnzqh5e4u060jsfk8lpsqqjfpa5gygjwuhqu34wvt,JAZZ,0.05,50000000000.0,19682050336738.0,4714543242.0,569284538.0054535,408194810.3023863,28.296873873908734
pool1h3aejp7fln74mwaraqjn65ve3j5zwqr7wk0pasct87wpkv0aspm,BEAST,0.03,1000000000000.0,3706225006981.0,1477243743.0,671758828.5584846,551351540.0612662,17.924184004488374
pool1h4gwh638485yd0xcw0pkrm935nvm4aecqsxjx2yzzz0u6dfj73q,SEBA,0.25,0.0,1917057392983.0,589204126.0,402301031.5,274801031.5,31.69268533182968
pool1h59405hmvnxz2kyjpll3f65lnqhm7we3u96cws9vzzxzzws9gjc,LBA,0.05,1000000000.0,6369323408481.0,589206133.0,352497476.3478104,191022832.25920674,45.808737628883364
pool1haus36sw7cwyg8jdeg882mentse5txac7fmeew8ketuwky6q602,BD1,0.08,200000000.0,316604851258.0,294602306.0,294602306.0,180040599.11361316,38.88690093498006
pool1heks0vmxkfka2amg9c8yn8qdsxvgmzelfx6jhpfkj8ht5mn0r2m,ADA,0.029,25000000000.0,3969434030887.0,883890970.0,359098993.2427982,195068625.0814656,45.67831468422594
pool1hezakp5r240dy4fcsm7mfd3qqahcvyrhj8hl770yxmxxzdwvcre,HIT,0.9,500000000.0,3888464442170.0,883807945.0,829434143.0796299,812436329.0324981,2.0493265425534695
pool1hht4pctn70tqdsd0zwuxv8d8cz6l5scjzaquty7vamyzy78eqvc,ACL,0.01,750000000000.0,16793849264494.0,5316246756.0,609775351.9284322,448991496.56043565,26.3677196625795
pool1hjjj584gq0ynqf06g036a4a0stpm90asrdfskpasqjxf5948ygv,,0.01999,1000000000000.0,3320030176579.0,1772477542.0,791475453.7946653,675054532.6247146,14.709353349087452
pool1hjpax8lf2hmct63xxrspe9zzmmywcrzw89yg3nacu0axzy0latu,GG63,0.02,9000000000.0,5480986646416.0,1767673931.0,370850890.54302555,204524454.42791122,44.849949226646764
pool1hkklrx9ac7w57d79mnv76rxlgq4acg5ecwhyep7k3zn0u5cz2k9,AZUR3,0.02,500000000000.0,16984294133972.0,7674129991.0,698273594.8441517,536578126.01529914,23.15646331506228
pool1hmmt5a9vyjtkz0tk6ywyyuhumt57hts5m89m9avgyyupveaejfr,AOTA,0.0,5000000.0,11001559450620.0,2651418763.0,340001050.4959653,170001127.7577393,49.99982279179556
pool1hnaps49hfe3uljp4cleu4amhes6wvatufyvgt2tjdtj3xjrgknk,UPBIT,1.0,200000000000.0,35303421507039.0,9139708750.0,9139708750.0,9139708750.0,0.0
pool1hntu7agmt8u5j9c20ejen7dvq0jfkvkpnul3mrdd8tppqvwfvt2,BLOOM,0.04,1000000000000.0,28547821271305.0,12124370023.0,1207657064.094014,1050173787.5682513,13.040397080267722
pool1hnukelq3ap6pj3wnetj448efj4nalngy756jln9zd2mjsp73etg,UPBIT,1.0,200000000000.0,31639394783413.0,9139703827.0,9139703827.0,9139703827.0,0.0
pool1hsq2jrulgj97tna2femdhsfn2wurkkwt8uk9uvs42h9zs0a783p,JAZZ3,0.05,50000000000.0,23566023160212.0,5598520585.0,613525175.5755973,452367829.91082823,26.267438090633267
pool1hwlghkwnjsjk8370qt3dvp23d7urwm36f95fmxcz3np2kghknj9,PEGA,0.0,500000000.0,6370898528433.0,2356769899.0,340158279.86350745,170171621.78060445,49.972812112970516
pool1hyqdlnuff3rnvg9lx70ccca2xqxcezzz4998tp6chhxnx2st257,FCS,0.05,0.0,35010816820801.0,10311072828.0,838553641.4000001,677053641.4000001,19.259352297411652
pool1j099ctc7kcc9fa78dz5qwsy2g0n96lrgletwxvxmyzh4zd7ck0j,PRIDE,0.0199,10000000000.0,25079668566039.0,8541601952.0,506417020.9111669,339866455.9996376,32.8880266725365
pool1j276s043qh2knv3ukmap6sra6sk7p5khuetzwx9h43wqydzsx8c,UBE,0.05,0.0,70339688376803.0,22389758142.0,1442487907.1000001,1280987907.1000001,11.195934413390132
pool1j3umdcuxcewcxz98wm3sx5xqwgxx0v7z376xyjfq4jgejpvv8fz,MASTR,0.02,10000000000.0,2097701729781.0,589226596.0,346148863.6293775,180343066.1493773,47.90014207804215
pool1j6dh3ynys827j38976q0q3s3c9hpzgx40kjcq4472h6m7d3t0hm,KIND,0.03,100000000000.0,3012812183173.0,294712411.0,294712411.0,177756592.374105,39.68472797906532
pool1j6jnnxsngexalq60tqnvn2muge7vevd5ukc0unacr4432t4lr28,UPBIT,1.0,200000000000.0,29572781663600.0,10908674968.0,10908674968.0,10908674968.0,0.0
pool1j6xfryctrxm4aplw3vnrtgfsvqdr35exenxqse5kzxmfue7qqmr,,0.03,0.0,61473087543909.0,16203114446.0,815893433.38,650993433.38,20.210972812572976
pool1jayej3rwf5ynfmmu7583x3w2j73dcedtflgnazdezfn3kl6062x,TAX,0.9999,750000000.0,1788178154114.0,589205861.0,589180950.8661245,589163957.9962866,0.0028841512633597187
pool1jdhjfcu34lq88rypdtslzwyf27uh0h3apcr9mjd68zhc69r29fy,NUFI5,0.03,1000000000.0,18014505219017.0,5302856359.0,489152918.2408465,324262071.97546184,33.70946796318541
pool1jeu74g86ys4fekhykqcww99kdsq3nlym8a6kfw8s8ff3vskad70,KAIZN,0.025,5000000000.0,24279349498271.0,5597545581.0,472494291.1481706,306778425.09397745,35.072564718507024
pool1jezf7dcx26edfpxmpuh05yen64a9cj44xm2ggsapcxrtqewfek2,CURRY,0.0274,1000000000000.0,1374650639729.0,294926856.0,294926856.0,261811897.46619672,11.228193655515483
pool1jg3fmnmc9n52sgzslhhvhye5e3xeqmrwkekdhh82sma47r47zg0,NUFI3,0.03,1000000000.0,11498705609000.0,2945865336.0,418395783.8985993,253510124.6431672,39.409015482668714
pool1jgwu8lq3dqddnnx7prymcgcyrqy0fdlghg33he2hmw9t2gma3zd,KIWI,0.02,175369000000.0,1902532454538.0,294784430.0,294784430.0,183767850.73285797,37.66025880917185
pool1jhzf2mm6zdlhl6w89uhgx8nq8p6ykcc86qq58vjy0ejyxrrksfj,LOVE,0.03,10000000.0,22276868484126.0,8248858248.0,577269191.1881669,412369265.2111383,28.56551648592618
pool1jj2hvts3ryffy5txm7w0am3zt7s7sehdf8rrwfesjmr7shv0mgl,FIDA,0.01,100000000000.0,5769350669008.0,1473347034.0,370781301.26640344,205398440.64058083,44.60388376138643
pool1jjry6f6q0swaq457ft9eclaxaskvrxnpj0v3w8edsyfryml3vj6,STACK,0.02,50000000000.0,10648751060977.0,4419881925.0,440371127.82097757,274553379.18100095,37.65409177946513
pool1jk25l2pejpdzq8vdjlxrr05th49v9tgd78fqrtxvuw3rumpfc6t,GROW,0.049,555000000.0,11571129787620.0,3829833898.0,511161046.13036186,349498800.50280833,31.62647992279221
pool1jldj0znj8rltkuj4sumqq5z6p8sdt3yk4qde90q42daru5kgfl6,UPBIT,1.0,200000000000.0,33115135136113.0,9139708763.0,9139708763.0,9139708763.0,0.0
pool1jldq2rf7y2ukm2t8ds8d9upzgdgv07jhkckl0mvedwhxx5nkugt,DEEZY,0.035,10000000000.0,668504020100.0,589226516.0,352320566.67859834,190724553.41715917,45.86618793925075
pool1jq7r3evstu2c040vlry8tgvpwf0mfvft86cxecwjpwcuvvqfu2r,CCV3,0.03,500000000.0,29819532779897.0,7939407387.0,568105822.2247347,403208587.19092673,29.025795649842312
pool1jt7d6ak3m8gnjyxtuxfswe258xzwda80ndl0a57vv5m2zv8h6at,CARDs,0.029,1000000000.0,12252834607760.0,294603220.0,294603220.0,173623367.80746868,41.06535298308393
pool1ju8f57hyvaa32tp85r468kuedvmjmcy56f8u9968drea57p50l5,AICHI,0.005,100000000000.0,71350410441342.0,23577264791.0,488591293.07014346,319678362.4842558,34.571416433660865
pool1jx4ss2zjage3cw0wht3450328y82yeprmq4fr3e2qtac2rhezkv,ZZZ5,0.05,50000000000.0,19863880588346.0,4714543193.0,569187895.1917455,408094411.932726,28.30233822958428
pool1jz5ljsnj4fzmk84j0wcw9ldy866dn07nzqg2ktyuyjvfvr3jgtq,DIGI4,0.04,215000000000.0,30973280350189.0,10614458684.0,819445369.5288243,657378216.9251378,19.77766409210099
pool1jzk8rwf2fs5l02dmm6pm5tnw9stmd8jpmvsy54085vu2u2656re,ETO11,1.0,0.0,50000242227199.0,15319308205.0,15319308205.0,15319308205.0,0.0
pool1k0xrqp03mn9u3q3sadndd6vu9udl5v38xpzyw0shm8sskuxw2av,JP2,0.05,50000000000.0,36222079108682.0,9723747687.0,821492807.6194685,660215737.9481161,19.632194971822454
pool1k2224hj6uhdgkflj6ncqvmfhqvhlhj0t8crhqux5mphwwumupec,UPBIT,1.0,200000000000.0,35864351698487.0,8844880041.0,8844880041.0,8844880041.0,0.0
pool1k2qhlrrweu8fecd4hx4hn22lv00nrd3rjdxj6durax7m78q7ynu,,0.99,0.0,14692412478449.0,3535223517.0,3503271281.83,3501571281.83,0.04852607358205993
pool1k3nkfa5ugavrpd9nwd3s6yyx454qxnquxwmux4rzfunl7q0z38t,KILN9,0.05,100000000.0,40549675566282.0,13846303154.0,1015346800.3403347,853847198.6172574,15.905856173372896
pool1k633phcvz2hjhj45evwwau4w576jpq83acg5h84w23jauqu56cw,NORTH,0.0,10000000000.0,76296499045325.0,19440363594.0,342503439.0611623,172525720.55534974,49.62803263282238
pool1k6altfangsst2mmxg8a9wvg3dppyszu8ckfzd3uv6azgw3z2txy,ELITE,0.0,300000000000.0,1370499612187.0,589740727.0,394667814.1560664,261880520.78253222,33.64533124077484
pool1k7zrx5rw6cvef9m5qtp9sy4e53u93kwqx73ykz7md9gmwgf56yk,TREFI,0.01,10000000.0,10662851655882.0,1767596405.0,354277289.5119745,185977447.34967628,47.50511735994574
pool1k8dm3fwajc6c8s32accfwqw8dqawl6k243z43cf74uxu7457z6l,,1.0,0.0,39364368335038.0,11784083234.0,11784083234.0,11784083234.0,0.0
pool1k99yncea8tq9pfeks3yymyj6fwjf4apx0s490j09m4y66vtyufr,PUMP,0.0,6942000000.0,1809472213659.0,1473049775.0,344346920.3222218,174999121.55034325,49.179414357303315
pool1kcvaxe4q4npwt28qlr3h84htjf4qrqglqk3cr2484ptycr0ldut,RRC,0.05,0.0,55591953866760.0,15319308204.0,1088965410.2,927465410.2,14.830590438160824
pool1kdfznpenxa9wwcz8tweump45k5h78h8hl4slv78fdypsug9ypc6,DOW,0.015,10000000000.0,357360789813.0,294613160.0,294613160.0,175303932.4380614,40.49691044416978
pool1kkfkdces5mdcyc9dn2hgg3463jggjvw3h89nejjarkz25uavaqu,1PCT9,0.01,50000000000.0,16408785271812.0,3535906967.0,381600087.7128323,213812922.7497107,43.96937274537196
pool1kl2vuauwfc5k0avf874ym5tcm04ywa22frleszhujeccj4va3lt,,0.05,0.0,70092705538052.0,22978962305.0,1471948115.25,1310448115.25,10.97185412493771
pool1kmmahq4upmm5j8fkh3xa9vd7gdffkp8pd4axucfh4w4dw549yqe,,1.0,71000000000000.0,77026458265470.0,11999039826.0,11999039826.0,11999039826.0,0.0
pool1kmsr376syqkluhxvv8k2axugqw7unjmlkwhfxjxtj7cw7qcn0jn,CRDN3,0.02,100000000000.0,15509410949401.0,5295450699.0,470421239.188705,304895425.6974224,35.18672196364916
pool1ksh2u6kktx74ugv8jadrdqttwyjz9074ke82xt6j0qgfvdn43a5,MILKY,0.01,1000000000.0,841404600631.0,294603218.0,294603218.0,171392640.82193932,41.82254967020105
pool1ktqaf79utweyenk6e7289ta5p5993g32emn8355rxmp0kgh2r0m,UPBIT,1.0,200000000000.0,29565516907554.0,7960384436.0,7960384436.0,7960384436.0,0.0
pool1l0m820vyqh5pp2yzpw973qzz23neqqd977u0uczh9fs9zqvg0je,WPBJ2,0.04,50000000000000.0,75718148308149.0,28401460747.0,19251458107.66316,19196026194.73776,0.2879361792514551
pool1l0pmgdsymmdntuyan4snj88q8nm9axemwefu5ymkuq2s6gr90cn,SWIM2,0.015,0.0,1409867117824.0,294602080.0,294602080.0,171869031.2,41.660618553677566
pool1l3wdq3cec23jadkt2cx384vtgd75ncau33smrptwj87n2wedc0d,PIVT,1.0,1000000000.0,4959252635322.0,1178412881.0,1178412881.0,1178412881.0,0.0
pool1l5kwfudnqrhw3k4lwzcppu36nun9puvvr7xnanuz8a2zx4jaek5,ADOPT,0.042,250000000.0,2152783119839.0,589204599.0,350494317.50278443,187653230.23004654,46.460407242249865
pool1l6vtae673eltsx86sk4xxr3fnn9tk8e99jkrdvcmjqlc6cca4nk,MUEN2,0.9999,10000000.0,19081598432756.0,4713633473.0,4713196109.8819065,4713179109.890816,0.00036068923707909293
pool1larpvn53yyufaf8fh89nrrpgruqcq8mgxrtdxp5y87cqse3yfg2,JP5,0.05,50000000000.0,8684648187501.0,2357270162.0,451896808.54306287,291326610.1683747,35.53249222812045
pool1ld9hkah2dkzh73pvh9tf6xr0x28us34msv3zcv2sase5vhvq962,KOPI,0.008,1000000000.0,15414088392124.0,3534089761.0,365758279.1930298,197129219.8335471,46.10396235774292
pool1les50pm26wpf8gym7cda470xgfswukzhyykvhyfsfl4dcu2ezj4,SGTRS,0.03,1000000000.0,8183613177314.0,4124445080.0,453981920.97821385,289102071.00197804,36.31859383760531
pool1lev7ygxcqd4aw5em7wf7y64au4hv04yl5cew27lkjmgngj46vqk,TLK,0.05,0.0,70036654425897.0,22095156058.0,1427757802.9,1266257802.9,11.31144229588297
pool1lfnlxfxxwvjadesxzm4c7grgs3elj70vfdnpjwjmg0ufsqnq52t,HISAI,0.0035,100000000.0,25398188857881.0,5008237267.0,356357146.30128324,186952813.2976622,47.53779593363272
pool1lfvzgsrghmugvpym868mh29288ez0nncz680mamzjygu2jpuwcd,NORTH,0.0,10000000000.0,66777951197536.0,20000020089.0,342944088.5406687,172969546.04527184,49.56333938243117
pool1lhvpgr8lhsf6h03v9zqxm74pa63rdxx4yuvkqfw4tv9fua8t37a,OSAKA,0.03,1000000000.0,9114174027358.0,3535238590.0,436197219.39105356,271315312.08925146,37.799852904148025
pool1ljqjqskd4f4zekzddw204u5xtzhyz2cllq5v5dmn27zdwf9c70f,WPBJ3,0.04,30000000000000.0,75637906629269.0,27592293538.0,11806714904.04796,11708244352.788486,0.834021589068039
pool1lkpj6fa4l0sy39qfvyl4pcsnnd22y8np8j98vzwula2kuxgers4,JOY,0.01,50000000000.0,6279235608842.0,1764977120.0,365483044.1386162,198523175.4100325,45.68197387161443
pool1llxh8l0h8g9ghz3nrzh7ndvev4x43vnk72nsemzm795vxqs6dp8,JP4,0.05,50000000000.0,9838321328894.0,2946588090.0,482914166.6902098,322234936.7921463,33.27283417658349
pool1lmzhzkdvkh67a8hjcexlhajkk8f7kz2tf35frjut6creqs2kedg,HRDIB,1.0,500000000.0,2302877639974.0,294602650.0,294602650.0,294602650.0,0.0
pool1lqucyxuvjktfmpf7fd28j54cfgamyrxed344vnwlm9wqkwjeqwk,SPS3,0.05,1000000000.0,11794614704944.0,4124444981.0,529527068.05612177,368040760.7458823,30.496327204395982
pool1lr5ku0p3jhykdf3a2kcr0tyra30qvzrtl02dr6uyv98rxdsy3k9,STAKE,0.0,10000000000.0,788736194132.0,294613334.0,294613334.0,171579911.4447529,41.76098239845692
pool1lrnyqdlrj97d0ju5j6d9xa8prw0xeyumfd53rz5wk3gf7czqzjz,TYGAR,0.01,100000000000.0,1551155806234.0,294709208.0,294709208.0,179206454.73227602,39.192108740533136
pool1lskcfz80qg2kr2p6776kl9emjn8ulkqsqse7um7skz4y2lwa0cu,CERO,0.0,10000000000.0,17358178979861.0,4122349246.0,342179001.17886114,172276937.71943793,49.65297779059602
pool1lu2luhmkyayq9njh848kfknn6evwzmn3gzsxar7z3sttg7grxcm,PPTG1,0.04,500000000.0,95774417551118.0,14235692035.0,895897323.5063927,732698175.5084418,18.216278106425932
pool1lvsa8e0dw6z8g2fkw7prnfa7627wuy5jjexaadck6w5sxw5xkvm,DIGI2,0.04,215000000000.0,32958941749797.0,6485897061.0,624323560.9285915,462188158.2165252,25.96977158300949
pool1m3gg43uhtetn4hmw79u8836dyq8qe4cex8qnn6mks5egza7n6tp,ULTRA,1.0,1000000000.0,2146583314130.0,1178412879.0,1178412879.0,1178412879.0,0.0
pool1m3h5p82m6v99nda37rmed8vrkqt43e2a8d89k76gw5ets0gdyag,BANK,0.045,10000000000.0,3174193184991.0,1767634126.0,408538770.7450947,246700239.29958493,39.61399579049695
pool1m42um4nhc654jyjasdk6mu4q38yf3qcswqcr4q2ysc6sjhyve9n,,1.0,76800000000000.0,76828637678619.0,28222754103.0,28222754103.0,28222754103.0,0.0
pool1m4enp55hp80tf6xl7k6f6593wnyu3pr83xfvef9x3ktdw9m0em5,AZUR2,0.02,500000000000.0,20897786681342.0,4720851421.0,530336863.25334847,367722931.3126216,30.662385213649422
pool1m62sl6rauje9cknrkhwl39tc4hujudkd7gp478dpz7tagmjr8wm,,0.0349,35000000000.0,16022935893662.0,5891349567.0,545445090.0639696,381736472.8870745,30.013766767557748
pool1m6awcstjzafepr5dwan54gemvh4y8dlvmqjtpwxsa7uqurcuq0l,,1.0,76800000000000.0,76827874430358.0,33943555660.0,33943555660.0,33943555660.0,0.0
pool1mcwcfl96ew79rmj4zxehr33p55e4e62dt4whyr2vqesswp9mmvz,MYB,0.0,1000000000.0,4813006563171.0,1767619184.0,340296616.92026854,170331937.87771347,49.94603842399579
pool1mfgqn8n658vjdcvg3xgtr3qyet64fht0dzsukqeznxw36z8g2k6,CSN2,0.0189,10000000000.0,3875527668061.0,883840276.0,351655327.14749163,185298686.60892582,47.30673124960008
pool1mfyzxyggryp0jhgghvzas7qjdyz2rcfnm5rfq8s9uefvukrlps5,BD6,0.03,200000000.0,76156221778754.0,16497729288.0,824773038.7633445,659873471.8205423,19.99332655078672
pool1mh4ng2ldxk4sqfppzu6r4knxrk6e87e9c4wgrred84uy7xauzlh,CCV2,0.03,500000000.0,32248857032261.0,8165587348.0,574885311.7386398,409987868.41839814,28.68353738618548
pool1mkjtce8r8yeku0mmc9vpwl0scuwuwc8lz89ckpj3k0kwgvlunv5,RSNG,0.05,10000000000.0,14299528531520.0,3535322821.0,501888977.9486144,340501918.7351893,32.15592816424604
pool1mqy259k253xryf4hvdq0n72n2uvadcgp34r0fxwpqzm0z5n0qp6,SPS4,0.05,1000000000.0,17024762075901.0,4713651433.0,558926626.0950974,397436112.27759326,28.892972042814737
pool1mtuhuh8hkf8am0qzx45y58kll8q83sjh6pwljrflcmw970d82f3,KILN6,0.03,100000000.0,67753433424012.0,25335788746.0,1089909447.8950038,925009691.2775037,15.129674940975983
pool1mtxmk0skqkr5y0wxnxps4n35j6wn9q8dfr82y423vvlp53vccux,KILN3,0.03,100000000.0,12510888130769.0,3535226316.0,435881562.85735035,270982880.90926063,37.83107522766583
pool1mvl09pgsejrudghjhq79qurugrvqy3pceznp7f9vz63n7ku7jqx,AMZ1,0.0,5000000.0,14419205140954.0,4710860514.0,340001515.63850826,170001574.5876661,49.999759775067346
pool1mwp8ewtzmun0426v9z0h9um2amswgfzn78rckfl2fc3t5sy0m5g,AACC,0.01,10000000000.0,9341443078363.0,2356907714.0,362306582.68396133,194186747.56704006,46.40264437689546
pool1mxqjlrfskhd5kql9kak06fpdh8xjwc76gec76p3taqy2qmfzs5z,IOG1,0.07,5000000000000.0,10209293320842.0,1191476153.0,787422936.5359061,706752389.7955372,10.244881498532562
pool1mzcwrurfd3afzp0xz84423q8xxdxj0ju5h4sse73hx4msvqra9t,,1.0,0.0,13133482221696.0,2651418727.0,2651418727.0,2651418727.0,0.0
pool1n2yp66zk6m33sg8k20hsvmk9tw7xeeswzdcfxhnx9hm9jkxv5k4,ONE1,0.01,100000000000.0,3398851830147.0,871284214.0,360787814.22306526,197439486.38797748,45.27545593158364
pool1n3sjq3qvu5vvcd6aud6ndcwq7r3ghmkafcg60gznlwfrk2ucxku,ANVIL,0.05,100000000.0,429627097792.0,294602194.0,294602194.0,176257661.9854374,40.17096084985796
pool1n500map6vvxwkxnrw5m9vgmjqrmtaxuuxkgqvzz7699c7qc550v,TEXAN,0.005,190000000000.0,856150192541.0,294771079.0,294771079.0,198175063.92179176,32.769841398927824
pool1n6z7rf722heq35v2dxvstfwezgdt8cv0mftpv4r9jay3wjk2kkt,YKSP,0.01,5000000000.0,2033341300741.0,589215530.0,343098849.74576294,175212700.58314738,48.932297291879465
pool1n75mtv5qwzquyq2cprnu7yqpnyg4ppagpzvcw6gk2un5vadg48a,CDMS,0.01,1000000000000.0,1143026437558.0,294758870.0,294758870.0,279303953.1388433,5.243240639766566
pool1nc4tjhmg9m2rmhq5thyvn9nvayy28dt0z7h5erhlfw6pzj9usfn,,1.0,76800000000000.0,76827873816001.0,28603816222.0,28603816222.0,28603816222.0,0.0
pool1ncg357pkgx29g6jrwunk94pwxe409ktxyrw8s0k66vwkc4qdgnu,BIMI1,0.01,25000000000.0,1751219397282.0,294630175.0,294630175.0,173007701.1703339,41.27970729056048
pool1nffpy6r7l4ueeedzvvzsta2vty9g6mtet6huuhfzyvndkwd35dl,ALAB,0.01,1000000000.0,2832084619837.0,294603219.0,294603219.0,171289589.21719685,41.85752966358564
pool1nhhsh9yhlrvj9e3nce0zpx0xm2xlt6tx7gqakhr6hjc8wy84sat,,0.99,0.0,18227195103741.0,2946020267.0,2919960064.33,2918260064.33,0.05821997433345288
pool1nhls8e9swnyshldgjknku4npreax075nw0ltrkmrarh4w3skxt9,DAN,0.025,100000000000.0,3770073659497.0,1768278762.0,412644491.19740003,251290957.02194613,39.10231146119092
pool1nhlv5z2lsptzgcp9ype0mppc7zyndm66ypm4sw5hy27ewdchqx0,PPCX2,0.035,1000000000.0,27598878320191.0,7954285989.0,606766244.5646287,442722188.64677936,27.035791359085152
pool1njjr0zn7uvydjy8067nprgwlyxqnznp9wgllfnag24nycgkda25,FMD,0.05,0.0,70023745003543.0,18559931093.0,1250996554.65,1089496554.65,12.909707816516246
pool1nt65pu06tlggjeaer8862fdju98ddrrxa9wnw3k4lhfvgrrgt85,FIXA,0.0,25000000000.0,2271909714102.0,589260517.0,342742852.3617467,174613525.29105362,49.05407243715227
pool1ntfxj2jgvhzen8e86ed679ctukar3vj538ywyyq8ryld66jj4sx,XRAY2,0.01,100000000.0,8669163187234.0,2354472192.0,360167726.76403177,191869668.12787926,46.72768994275131
pool1nudasuv0lljpe0tswcverqvlh0v4226vgnpsuxn0e9nkvnvcvne,STI,0.015,50000000000.0,35652102293699.0,9093753412.0,483398781.78575647,316183620.6721432,34.59155616733089
pool1nwt6mxqus3tpzrshky5h5kykz9rjpxmacrvw0z6yak9uk5p5045,DNEWS,0.05,40000000000.0,20011189925747.0,7365846967.0,704633992.9866586,543456812.370412,22.873886616381036
pool1nyf8x2xrlmfqwy9shqrlx2csentnzyjmxr0r3w0ljuaqz5ek7qz,1PCT6,0.01,50000000000.0,3868793692578.0,294658218.0,294658218.0,172841544.92066973,41.34168526035485
pool1nyjw0460ww5qjtpukexuywxdz4lzhy6tm7yygn74lnlcc62hnc8,ETO13,1.0,0.0,5507754220270.0,1767612485.0,1767612485.0,1767612485.0,0.0
pool1nz9h4raywm6mu2v8l7htuaqvmn06l3mepuaxynpzlwljsf8txhy,NORTH,0.0,10000000000.0,58506019543964.0,17080070946.0,342861256.1709861,172890313.01014984,49.57426367127091
pool1p5ja48uqc7pjnuqvwu7cgmspvx938qpnf4zqm0x2k0ngkh4lkjx,SIPO3,0.039,50000000000.0,27571012245790.0,6777156700.0,602267610.5222123,439193881.83525586,27.07662272350309
pool1p6t3cglz78w32telly44te3d5l30zc0f0mprhehm6jus59m9aaa,UPBIT,1.0,200000000000.0,29565396519146.0,9139700312.0,9139700312.0,9139700312.0,0.0
pool1p8fhygz7ga9hghhwmkr64p3ftn77lxu9nyddvsqszattcdyajc0,SUNNY,0.02,1000000000.0,7128520826673.0,1767618777.0,368748638.75301117,202172009.66039166,45.1734899024788
pool1p9sjhjx0v3k76wvgdqu7jcks2ra48wqlhc6g0mkewd25k3zcymy,WA2,0.048935,50000000000.0,22989231132045.0,5893179448.0,623231594.1123952,461902189.30024713,25.885947749794834
pool1peayemzlkmcwn64c455mx8sxdaztq0xuv9hdxlp0kcsxz57up3z,AID1,0.01,50000000000.0,1622615296591.0,294657361.0,294657361.0,175049409.30522847,40.59221574809785
pool1pemnlylem2e94xguhd3fytj90848kpv4agvr6rthx2tp58z79ek,ACL,0.01,250000000000.0,15251213951460.0,4423246399.0,447096270.06923705,281555066.8531463,37.02585199166504
pool1pfdd8d8n7jx0xnk4uev3x36se87c747w6l2d5x7fanh5w9evhw2,BRAVO,0.0,501000000000.0,10738762532829.0,2361200592.0,434295920.36292446,272227001.78311884,37.31762399342154
pool1pfprlfz0ywcnewjegazz05ghgcfkvu40v6edsz6yn8w362sdjr8,ADI,0.008,80000000000.0,26921278348290.0,8546098439.0,429839168.20989156,261700303.40211606,39.116692298658286
pool1pgmuramw9waw9ckxsvpxmcn9p6fd4xl5jmavu8jje0x5vuc00l0,ATRMN,0.03,1000000000.0,4139187394471.0,1178412874.0,365348864.5164082,200488703.2538909,45.124038220491926
pool1pj5jnehwjtt4esfl0325hr338n98v3kcww3sggce59ugyf2f883,MIMSA,1.0,100000000.0,10314720984708.0,2062215363.0,2062215363.0,2062215363.0,0.0
pool1pnzwgsgzd6t4788sfr7dxjyusepyq9xaxnpyfcngewqf29t9ayd,PHRCK,0.0095,3000000000.0,5494838994494.0,1472894116.0,351375140.7817421,183082073.41170743,47.89555316736835
pool1pp7tn2w6ken4rpfcjwcdup3g4m5gcdhc9lgvrm3mnxz5stmrhq2,CROW,0.0399,100000000000.0,59590409570242.0,18857109859.0,1108666808.2002935,945723706.3009728,14.697211163363624
pool1ppznyu6qrvlw9uuqa3tslryjd40nh56jyvmaqw6kdf4kzq3y8kh,DIGI3,0.04,215000000000.0,21984727553871.0,7370421248.0,687220803.893571,525616820.9428622,23.51558364285727
pool1pshqcksxywy68lt04lw6uf35f4yssekh5dx2mxqmyrukke2z5y3,ACL,0.01,750000000000.0,52117838108113.0,15948002785.0,718440403.6549683,552562319.1561093,23.088635279276698
pool1psk0c2p7pwactw00nkzjexdw0msn7g8nddc06eyvds6yswr3tjg,ITC2,0.0399,10000000000.0,21074655737004.0,3827216820.0,480728625.6428243,317589072.69678175,33.93589319294111
pool1pu5jlj4q9w9jlxeu370a3c9myx47md5j5m2str0naunn2q3lkdy,NUTS,0.049,250000000000.0,5955996259072.0,2653881989.0,545745192.010273,390861210.3759556,28.380274146584124
pool1pvu2zdexh8wr4ggmuz90jvqrua6an43qj9m9urs785p8kwjzqwl,KTN3,0.05,50000000000.0,29551900712151.0,10607724184.0,869889949.635872,708663197.7114748,18.534155037874076
pool1py2uxkvuj926h42s40wxl26dh0ggaq882v4m0hkd99m86vzmwnz,EARTH,0.05,100098000000.0,2418721894271.0,294711585.0,294711585.0,181138669.28761587,38.53697020847827
pool1pzqdfptvl5f8vh28az37jag2wkfmqz9x8d6eufl8y0z9q34hlr7,VICE,0.04,900000000000.0,1250701976493.0,294901601.0,294901601.0,261279595.4425779,11.401092921642736
pool1q0a7a94cfk4ph7gugj636tsuhhd98l2sfjv2adhaff2mvs7kmtl,NUFI8,0.03,1000000000.0,7806919209518.0,2356825246.0,400755345.40789133,235876467.69641185,41.14202832245811
pool1q0jmr57udknpq8k5qtgt5vgdjq9pzrzevf68966wxn8zgz7qy3w,EPOCH,0.015,50000000000.0,3167693971006.0,1178632705.0,365618206.15147126,200811296.07007885,45.0762317927666
pool1q5q3rld4nll02w8sqhf9582jcf22t99yt27z0pqksvpnv4rdra9,,0.03,0.0,53123918747451.0,12667889476.0,709836684.28,544936684.28,23.230695687031307
pool1q66d2n39uvln4hazyzv8fyq977mpqus78sjd2369qfn7cptdeyh,KTN2,0.05,50000000000.0,6336314010172.0,1178634581.0,388218529.63051903,227992929.8554821,41.272012422366636
pool1q80jjs53w0fx836n8g38gtdwr8ck5zre3da90peuxn84sj3cu0r,000,0.0,2000000000.0,6687478280960.0,2061429326.0,340514821.65733564,170565662.94394857,49.90947468489611
pool1q8a7ym63gurl72wr32je0tv0lp4p2uh8vzzc6rn6un7ryslvqmu,LSSP,0.02,68000000000.0,4910349697464.0,884035579.0,358264000.59570575,193971127.52107543,45.858046803879624
pool1q9kwa675j2z53jecrs6pn3fqsc9ypxrsypu5dgu6hammqkagy22,TIGER,0.01,369000000.0,9173185086734.0,2651422460.0,363206273.95154786,194913043.97738,46.33544133012922
pool1qakys0fxx5p2fxcnsc2tyjpqa88q7qgtdh5t3a32hplv6fg25r9,DAPP,0.025,1000000000.0,34290331600550.0,11465781316.0,618460879.7032175,452715713.4272517,26.799620107823536
pool1qc05c76autq4235sq20zu4vjwtl5m0xn4mxq9kg6e66uwz95kd4,EGH,0.05,0.0,70036808429206.0,20622145652.0,1354107282.6,1192607282.6,11.926676864916228
pool1qcvvyev6gdhdnggvypta045l0vtruawayq6gap29a99c755k8nm,,1.0,76800000000000.0,76827492396133.0,25934930041.0,25934930041.0,25934930041.0,0.0
pool1qeqylk3pnenvt3j4mah2dafcnd3h8uc3fqhvfzrxlxf3xuvdvvp,LILIE,0.9999,750000000.0,1533759510420.0,294602935.0,294602935.0,294590480.79951525,0.004227452956214661
pool1qetkrhjs9fll3nthuxk6zp0ssanf3rszg5wh8x79mg67gsg7vjv,CARAT,0.03,50000000000.0,10791089405691.0,4714541390.0,490897394.47509503,326761450.7895253,33.43589628563347
pool1qfxukshs4fkcrflzdnxa2fdza5lfvew3y6echg8ckaa4q8m5hyf,NEDS1,0.02,250000000000.0,51146934952272.0,13843109199.0,674743709.0184431,508958029.56451035,24.57017045703219
pool1qkd5y9azf2xx0gmrj68lrkcn59ldjmnpzd3y2rq3tvjp2vqljan,AMOON,0.01,150000000000.0,8378187626864.0,1768621550.0,379607956.8626256,214321138.36730492,43.541452571589666
pool1qlps2dwr0qd0a7pjqr47apewf2lq42xv03zgentgwv9mspeh57g,,0.05,0.0,70016772650874.0,22684360224.0,1457218011.2,1295718011.2,11.082761725337642
pool1qmsck80ldwm23t4t5elxc857r82ph3urkt7tpyq65ntn2dv2ust,CAMP,0.0,20000000000.0,9189449703135.0,2062373762.0,343748589.56225073,174118579.0730307,49.34711461805172
pool1qnrqc7zpwye2r9wtkayh2dryvfqs7unp99f2039duljrsaffq5c,NUFI,0.03,1000000000.0,27265033330967.0,8242546236.0,577357533.6223816,412463581.6619346,28.560110911845342
pool1qqlf3epa7m8780p2jx5689u2ql06tw026l5377tptk2zswrc645,CPS,0.03,1000000.0,3758266112826.0,294602081.0,294602081.0,173738094.58951584,41.0261821641661
pool1qqq0c53vaf5ju0n3fvujmyxwca0yhp65930evw9lngmr5705csz,ANP,0.001,350000000000.0,55905695936318.0,16811523421.0,459489079.46239185,290722307.4395144,36.72922373265906
pool1qqqq4md2rfdt75qvh3x9cgmkrgkl74ctcj3fnxpu3ylcudl22ex,MASTR,0.02,10000000000.0,5117255837921.0,588626842.0,345448679.35246617,179174244.47032765,48.132890591394144
pool1qqqq58jy30weq2an3px3maljdmawcwh6ml4hr8m9euq9z2n7wyz,COAST,0.035,500000000.0,713027446597.0,294602649.0,294602649.0,174445410.33619317,40.786204425407874
pool1qqqqqdk4zhsjuxxd8jyvwncf5eucfskz0xjjj64fdmlgj735lr9,ATADA,0.01,1300000000000.0,69538883749141.0,21612093465.0,946416990.9200028,781263288.1885824,17.450416076202952
pool1qqqqrwzy7njvjq9wph7usj5gghm3py9c97688ek8pgc7uem9cfz,FROG2,0.04,150000000000.0,6408784326990.0,2356921497.0,465995391.56234306,306615148.7504426,34.20210708040399
pool1qqqqvmpm9v2l0tkwx4dpzth3g85lapxjug2j6sucnphyqlt4fuu,SALUD,0.0175,500000000.0,59023768048.0,294602629.0,294602629.0,173217603.51027533,41.20296750295622
pool1qqqqzyqf8mlm70883zht60n4q6uqxg4a8x266sewv8ad2grkztl,FROG,0.04,100000000000.0,4589709150867.0,1473567194.0,409052785.07704747,249408565.94758853,39.027779532020304
pool1qqvukkkfr3ux4qylfkrky23f6trl2l6xjluv36z90ax7gfa8yxt,STAKE,0.008,50000000000.0,23070236932187.0,5893179051.0,396364524.39648825,228090016.95838892,42.45448244751901
pool1qtscx3ge0rgmpffgqen5uup8r8tnav7a2veduweskqx7gf8gjec,,0.05,0.0,50181832588042.0,18265329013.0,1236266450.65,1074766450.65,13.063526872794053
pool1qu48wpwwarmkewhlwge9xs87sgt8gdnqq26nnre2v6c8up4fxwr,OBS,0.02,95000000000.0,3349631645731.0,1178829535.0,380091103.44889575,218216100.60497737,42.58847454599339
pool1qvudfuw9ar47up5fugs53s2g84q3c4v86z4es6uwsfzzs89rwha,LGNS1,0.1,10000000.0,41840137957230.0,15024407163.0,1808443874.9813743,1655443911.5491314,8.460310300413314
pool1qwa8x4u4a2pff0xdv0haxpgk3tyrvl5adl2lpf3ztcftqruhea0,ELITE,0.0,200000000000.0,24281445731307.0,4127201496.0,371194201.0200572,202594447.13292196,45.42090189550808
pool1qzlw72zfwhhc0ptvzdpld06szu39x9mlm6782efy6sluz932fx6,BCSH2,0.02,10000000000.0,3585084858620.0,1473066854.0,365758629.2242853,199623332.3110182,45.422112737466534
pool1qzlw7den2mlj0fmm65g0fnf46vyhzkhmdaf0f8v3s6skuue6rlk,BCSH4,0.02,10000000000.0,11214663296107.0,2651520845.0,388250353.09272224,221798908.6004545,42.87219397647674
pool1qzlw7z5mutmd39ldyjnp8n650weqe55z5p8dl3fagac3ge0nx8l,BCSH,0.02,10000000000.0,20927694218715.0,7070722815.0,477766312.53880215,311245919.97106814,34.85394181160689
pool1qzlwlpcsgflr9z3f24fg836tyq45p0kf5cnrp20s8v0psp6tdkx,BCSH0,0.02,10000000000.0,22156604205706.0,6343376804.0,462722865.93709284,296198057.9649204,35.98802225494762
pool1r55hyfrd3tw6nzpkvf4rfceh2f04yph92fc462phnd0akp2s5r6,COFFE,0.025,101000000.0,28675173768110.0,7624679328.0,522141999.92012966,356392583.7265308,31.74412635240088
pool1r5srulgd6gpav0sympqrkt9f4ykl06lh9sgk0p20r54v7759kws,DOG,0.0,50000000000.0,1106688765330.0,294656523.0,294656523.0,175631959.35954174,40.394342004931026
pool1r8938r4ts8f4t8nsp9xl9dktzapt7f67jgpsp4wrju39xrdnaye,VENUS,0.0085,70000000000.0,1829365541984.0,884036530.0,365264720.7992157,203159415.9143887,44.38022498590427
pool1r9fpxs4kcn80kylsjxs8tg3p50nk2s66qerfqtw4x70n5740nj9,,1.0,71000000000000.0,77079758200680.0,22125804237.0,22125804237.0,22125804237.0,0.0
pool1r9kse9x8ja0ajkyw8w96zw5c2aqeey6j85nmyqxhwt0rs090fu4,UPBIT,1.0,200000000000.0,31753189808382.0,9729362003.0,9729362003.0,9729362003.0,0.0
pool1ralkckmup253k79hap4chku450qyshezh4sasjqh0ltxu2gytlq,OYAJI,0.0,15000000000.0,553736903673.0,294618715.0,294618715.0,173375756.09030363,41.15249735906844
pool1rcd7qslz3xnpnk9u6tcwegy5r2574uf8suqu24ptg637jha3sr5,NINI,0.02,100000000.0,8261490267555.0,1767613100.0,368569196.72718227,201971213.3125029,45.201276963467045
pool1rct5guwnp6nk9f4ldn5tr3s42j0nm5rxeayv56lxua5ck47ex39,FIMI,0.01,10000000000.0,41429628383507.0,13213589735.0,471812162.8959212,303552785.99744695,35.662365265388715
pool1rjxdqghfjw5rv6lxg8qhedkechvfgnsqhl8rrzwck9g45n43yql,XRAY1,0.01,100000000.0,16571734001958.0,4419031582.0,380814684.068161,212515699.6528909,44.19445768670693
pool1rkyc3ss904h066sffergss99r9p2kqa4k6ds0g4u5ud4x7yaajd,1PCT5,0.01,50000000000.0,7446155678658.0,2357269404.0,373582947.57313544,206413060.93137732,44.74772944742926
pool1rmpv0h0pecysach8tj06vxx9wku2pdm74mk9cunx759v58q0hu2,SASA,0.035,80000000.0,41841973891547.0,12373291118.0,761187391.0002253,597137704.656556,21.551813427716215
pool1rpjjz68kmmetyxztmrstrwgz8lxf6v0d7vqgw98r5x8rc50jrdf,DEW,0.02,105000000000.0,4486165582742.0,589437516.0,350710144.21931124,188009465.29370368,46.39178010883688
pool1rqgmaq82p2l3j2jknc2syky2xtgylevss39c7ffgpp5x56s5pt5,,0.04,0.0,17303311756665.0,5008235372.0,526729414.88,363529414.88,30.983650312595582
pool1rvjj8cp3urh7de07pm0ceqha2x4lxws69lhd4429dm6djfjsy4l,DINO,0.01,10000000000.0,26153919628981.0,6481476785.0,403739490.91384727,235503840.73306653,41.66935708963878
pool1rvng7n968748udkc5rxy4h9zp9hms4s3jsfwuues76ft28uc056,DIGI,0.04,215000000000.0,57918199914586.0,15921485576.0,1018786332.1571544,856192152.0902971,15.959595740019815
pool1rxgxstg6t7azlsrk4vuuwp0jgl9e776dg86zqzaa0qt6vz43n9r,RKD,0.9999,4000000.0,5821424389886.0,1473010423.0,1472897122.035551,1472880122.0472322,0.0011541870823554919
pool1s04pdfl3sv5gzuc80322rc4ne0xs7gekux7gtckvvwt7qutjy6w,MS9,0.025,30000000000.0,17861487175783.0,6481996937.0,503608067.4439834,338136459.7161981,32.85721941819186
pool1s3z5qsg75dar26ykyzcz2u8wc2swgq7pyp7f9sdh5n06qh3jhq2,1PCT1,0.01,50000000000.0,5872857354294.0,1178510412.0,355452577.90491194,188585440.90367815,46.94497870426835
pool1s6se64qce5rjjjhh6ufcdnc54p8qg78mlhjm38lymx99sqysvzx,PAUL1,0.03,100000000000.0,57758749229533.0,15909681596.0,833238159.4381266,668623657.3102233,19.755996561524128
pool1s6x6kltycpxq82hyqhlqllqj3q5l2m8w499gvtu4xrfv29c0q2q,LOOT,0.0199,10000000000.0,2881053730859.0,589225932.0,345807432.8411536,179768752.49626926,48.0147806484987
pool1s7ddsvuw09dvk7et6t842vhdfcmq893y88y3ev9attn67mruf5m,ELLIP,0.03,1000000000.0,10350456539807.0,2643885653.0,409332479.78437793,244448411.44877994,40.281208181293884
pool1s8347yjgmfguf0ynj69euw7r75w7usdrfheckpcrjrk2yfvnpwq,,0.05,0.0,70038652426558.0,21505951901.0,1398297595.0500002,1236797595.0500002,11.549758833292215
pool1sdare7xfd6tmak8ghek7kwgpgj6xzu0reppmw4t46rmcs0h6vr2,UTA,0.05,0.0,70058047341554.0,19443737330.0,1295186866.5,1133686866.5,12.46924317850933
pool1sf784g6eje8vzq9f5wu583eurhfq2ee9hzyhl46yezkuqqtmw07,NOVA,0.01,1000000000.0,1364245272104.0,1171090120.0,348914003.3221947,180737368.23570505,48.2000245003614
pool1sjnh0ymk9fhhnusm7uksux5yhpfyhjfmseq5nuupsj6ezskc0pj,UPBIT,1.0,200000000000.0,35977015061616.0,12382832225.0,12382832225.0,12382832225.0,0.0
pool1sjwdmeme5zs042jzwmdvxshhv27kepxke0mr02f2yzacsyd4wtu,CCV,0.03,500000000.0,43969663333969.0,13969197226.0,749026251.3551002,584128126.5116,22.014999413595298
pool1slwxj0t3575lx0rfw2x3z7dqf26jpls566pdwydvlk0jgw96lre,MORH,0.99,200000000000.0,18294810623080.0,294828114.0,294828114.0,293593479.1465423,0.41876428835334517
pool1smfwu5w54mnxea6dg7gwmkk6df8jauuf4h2x0cqew3dk2lgln2t,OHANA,0.0,1000000000.0,486843783119.0,589206237.0,340511881.31725425,170861069.30299968,49.822288537471394
pool1smy2r8jdvgna5ykhe8rrch7h4qalyfafyzyh0rmanmq0jxptww7,ZZZ3,0.05,50000000000.0,23252865112133.0,9134428258.0,797686310.5691922,636533579.6029677,20.202519315046697
pool1spus7k8cy5qcs82xhw60dwwk2d4vrfs0m5vr2zst04gtq700gjn,ZZZ4,0.05,50000000000.0,10262332480312.0,3241247014.0,498490997.0072,337777855.16205823,32.239928666719834
pool1sr953s548fudyhmfm082xp0mensv2gxzt4qpe466ykw0z3jjzvv,AIR,0.0,500000000.0,2698085785981.0,883807779.0,340100776.5916535,170132280.4083378,49.97592122154741
pool1supp67ypelmgzuzqqvarc6czgmg3ggwpnrnfr90xpfcqqf8h05t,1PCT,0.01,50000000000.0,4149704915406.0,1178633319.0,358390020.23203117,192117875.26547194,46.39418945285091
pool1swuyjknhewtqcmh583jjpvlcl0p9h9hrt5l2f3v2hl6gchqrn40,ETO4,1.0,0.0,60000074616946.0,13846297801.0,13846297801.0,13846297801.0,0.0
pool1szy2tdjj8a4av365wk3q2fqg9srllmt0383e6v9p664ng076x9e,XRAY5,0.01,100000000.0,1152528928645.0,294602194.0,294602194.0,171256725.0268375,41.86848281692108
pool1t6ek99u2dzj8sr606uqm3uz0tt4ejr4cpvwtqfwen6p2z57rrst,BD0,0.08,200000000.0,38361278418716.0,6186648434.0,807759918.1887321,651360733.5942996,19.36208780266442
pool1t847w2hfv33qrra7q33nzq8epvcxv6ydshcq7w7j23c87xv2c2k,CAPO,0.0,1000000.0,3050461508754.0,294602081.0,294602081.0,170000040.84696057,42.29503054767608
pool1t8gjk7jzvujfv9s8q992e6s7tp8na0q3j62g7s4ppzfmccus4jk,DEAD,0.03,340000000000.0,2806910095982.0,589888392.0,376857475.17916536,231931752.26066387,38.45637474740311
pool1tcmk6at0dmkytxgq5j4u7fgsx9kytvfu7gz22lrs8hp9ztu7arw,RATS,0.1,1000000000000.0,3443699351419.0,1768964889.0,856351970.5958881,747780936.1898084,12.678318977946786
pool1tdsrw0n33gmy0mzh7cgtn9p0jy5xwjxaa2s26gn2ewf8kg4nrzx,CAFE,0.01,100000000000.0,64995248243313.0,21181681665.0,580162621.7757968,412121563.7824031,28.96447507752972
pool1tj3u8pz6732uy2ut3s90e0j880jyu9j0ve9vtu9zj5xzglhdlqy,RPSP,0.0,1000000.0,5269178399307.0,2062214562.0,340000326.84688795,170000359.10998234,49.9999424451911
pool1tn7rcvc5lln8frln5n9rfd9cg8kcrj4vlm3ycdquyx5s2mlhmtk,,0.05,0.0,70024297207050.0,16497716526.0,1147885826.3000002,986385826.3000001,14.069343509586297
pool1twd9vvegn3fqq0f4n08p3aml2ud8q87njs49900rycj4sr5hhcy,AOAUS,0.01,60000000000.0,2514534628327.0,589337656.0,348383395.57169044,184099248.0026902,47.15613592875548
pool1ty7lh3nvtwxlcpqg2x30fkr3j9ys6nprztr9m4zp3aajxyjk2vz,BEAVR,0.01,145000000000.0,9556680576304.0,2358121819.0,390495236.20120895,224748790.2103812,42.44519026742344
pool1u0mc9ywfxl529atxyajuz3pgqnwgnk6w7lejjmjg22ucvn7z9vh,NERD,0.04,25000000000.0,8550543241577.0,3830195557.0,489404240.0047469,326681402.66970617,33.24916787264909
pool1u2fuz3fn5dfphf0cu0sewm4rnera445avenggle9sl4hy7rjzgv,,0.05,0.0,64072514890110.0,17086920684.0,1177346034.2,1015846034.2,13.71729256384155
pool1u2lghnv4ae3zy73ysjlgvxwj7tuqpmyfavk74j48g0gnqnyc692,ADEN,0.0,100000000.0,1448865922468.0,883806544.0,340037533.25518715,170049266.570007,49.991030418871276
pool1u4sxd6x0qsy7evljt24vtnyhpxd098n609sfcmly6c096mr3jgq,SCAR,0.0199,5000000000.0,9069551331735.0,883823031.0,351115919.1769314,184590774.32715085,47.42739811972654
pool1u6kpt8hgqcm596kukj97ghefmxn8ks2cgwg8qqe0gtgscnufk5p,ATLAS,0.008,500000000000.0,36726109104534.0,13250674602.0,617648942.4985845,451304856.82373124,26.93181744988327
pool1u7mqtde27swkarngjsn5mmw3sy20zavlafgqkmg8qv2n2nwga0l,CFLOW,0.019,100000000000.0,16253386514520.0,3831300615.0,427407033.4454854,261663096.5360974,38.77894464517
pool1u99x2rr6trfznwakv0959llmxmtgc2nvanc067uugl3ejuvvnc8,WAV7,0.01,5000000.0,8894756909538.0,3829825028.0,374900192.39422125,206600287.00051668,44.89192291924221
pool1ua0lx5ap5tj9f5l7tyjflp766ca5yu93djh5hqvm4e0kjgw5k7v,1PCT6,0.01,50000000000.0,2118607181283.0,294657756.0,294657756.0,174159132.08002347,40.894434803194706
pool1ua5exfeju4jc95yy595cykjh4x46998g8hrrvw2v5h9k7987a44,UPBIT,1.0,200000000000.0,31824484089711.0,9139703807.0,9139703807.0,9139703807.0,0.0
pool1udkx9rmgzf08z7zz4p7ykpdqsdv5nf0w8uf38wrsdn5dzk9nq4g,JOY2,0.0,100000000.0,6184702246889.0,1767613101.0,340023082.9722113,170025831.68982473,49.99579728423313
pool1ue4ngerz28nkpstsr5p53qvl5ulq3jtmllj4my0d0n28yyrn4l4,STP,0.01,50000000000.0,11288544365133.0,1473294221.0,356302410.5599469,188747856.53843743,47.025938937148695
pool1ufp38a9zwlvvrzcyxaxdrvav50nd7az5lyuzh4t0h3qp2gqamsx,CAFE2,0.01,100000000000.0,15066761382437.0,6188845957.0,436919794.2839067,269736822.65999943,38.26399577476529
pool1uhy50u9y76nd6z2xmzt3mta0yc7g3gdssef8lheyyg7zzymgzm8,NUFIA,0.03,1000000000.0,12741425607298.0,3535234392.0,436100283.7677239,271213225.804595,37.80943606332327
pool1ujcu3myfg9wwvdyh2ks653954lamtufy3lefjs73jrr327q53j4,PUDIM,0.04,50000000000.0,13878042745164.0,4125224512.0,504500940.19739693,341888919.363468,32.23225327792322
pool1uk2f28awascuhrhuwrp7x6y87x8ch33vwx8jtmrysp7l5ngq78j,POWER,0.0097,135000000000.0,14028501010174.0,5010174920.0,429807092.64537835,263076179.1381203,38.792033998569444
pool1ukeqarukv9gxwy9pt8jkr4qvad2yf87758g3xzemmvmtk8lrynp,CRDN1,0.02,100000000000.0,33906911046020.0,9720905876.0,554731432.9912987,388622778.2505995,29.94397736666649
pool1ulx9ennungrtcucslrpz93cze5fddlg96h0wwj83p6fpsrvgz2v,GENKI,0.02,253467828509.0,727029999121.0,589582234.0,430264392.1919758,321746920.1215714,25.22111381738183
pool1up53z2kadt6l5xs359ckx477rpyvyg3favh25qrhqt2ujclpq3h,,0.01,10000000000.0,52608740015990.0,15909127735.0,498621101.6440176,330353092.5261312,33.74666827438414
pool1urgvu6zk422j4xwtxa45lzpd6dm25msfthpkezr042secrtuwzc,CCV1,0.03,500000000.0,31523312763338.0,11773560745.0,683182732.6993644,518285348.2239643,24.13664406064014
pool1utqhj9g53a5cwg7tyd8neky7jvjlgzuf470adc0e69cp5uuquzx,ZW3RK,0.01,75000000000.0,1833722529276.0,884052383.0,367469968.7393666,206053507.44191155,43.926436179589416
pool1uyvyxt9k9g038h567x8halej4x87j7m4r4zyz9lhv4dcv83husk,BLOOM,0.04,1000000000000.0,13071411902165.0,2661032540.0,603304236.6736739,452589498.49707097,24.98154811701152
pool1uzla0r73fvpnvxr07m98nfzlxcv3q26mkjz00cqjfh7uqsyjkju,1PCT1,0.01,50000000000.0,9856302468277.0,3830564462.0,392435843.33550316,224989611.77727777,42.668434701330646
pool1v5g4rmkk0394q6swgfusgzjjzrv9ajy8qntgpuumegka5xhpgam,COFFR,0.01,250000000000.0,428416780953.0,294721656.0,294721656.0,243299972.73666918,17.447541507886623
pool1v5u6wzakuc25q3zpx04t8gjz3rgu60wuxkv2mh5nga23xjkc86s,MOKSH,0.0,200000000000.0,39311590038023.0,9434542066.0,386269011.54190695,217133896.4261641,43.78687134144933
pool1v62c7d92xv6gyh4x9rhfpkwzlpw2ypxk92xvzavakg3xypatklv,KILN2,0.03,100000000.0,76234522235364.0,16203120694.0,815913804.8870368,651014021.1932392,20.210441679759047
pool1v6p29tne9m7773lw2da65qn3e58r64np0k5fj8sxns82g85j03g,,1.0,76800000000000.0,76830164711537.0,25171358483.0,25171358483.0,25171358483.0,0.0
pool1vafsg5t78rnx3qr3fv7ys9h50pnvxqhd4l8tj629l5zk7tc39ch,SKY2,0.0216,10000000.0,3040140258580.0,1473010128.0,364476665.1002153,198149212.20655203,45.63459579721803
pool1vcwsfldh4gkzga4mc6p86y0vytkqfm9e2dy44hs00v34yeqnfaf,FVG,0.05,0.0,70076988919915.0,18559931087.0,1250996554.35,1089496554.35,12.90970781961211
pool1vdh6kxcqt9mxavyv80ggnec6jjwms44ms30rhle3lt266aj8jgh,NEDS4,0.02,250000000000.0,26653132918811.0,7064434695.0,536300808.26919866,371263476.3475394,30.773276746362463
pool1vev8z03vh7jwx3mfrgzrt9fltt97nupaxv8ffj4r5r8mgwts5ze,ADAOZ,0.01,60000000000.0,71058913335587.0,23509502663.0,591063018.5338806,422905125.97017515,28.450078467236466
pool1vevcjr87ce94hny28ra8yj5jjgalcqdhqs5xd44ru6k0qr3dsq9,,1.0,76800000000000.0,76830165024807.0,31655218622.0,31655218622.0,31655218622.0,0.0
pool1vh4y864hcq2r66ak37w4dsnkhnsfxaaacs0p5s4vj5676m6txwm,HOPE,0.01,50000000000.0,9662452373334.0,4391629427.0,401272480.0588153,233843376.97761652,41.72454165226042
pool1vnsfv2qpt5gxte9prupjey8kw7ap7t6c8lc02ks4s3gtqplhgd3,1PCT4,0.01,50000000000.0,9944836562884.0,3535905538.0,387866538.94000363,220412706.6921622,43.17305450103385
pool1vqm5n5d503uumuc89s5y4wuczrwe3tlgylt2u2uj7y276avr5pl,BIO,0.03,1000000000.0,1619575744670.0,294603219.0,294603219.0,173812724.21420112,41.00107771931673
pool1vquhv3kh6xkklckaenl8alyuhfsld57ef5573aqauueyqacx4ak,KIWI,0.02,400369000000.0,33194605707684.0,9110773527.0,619086378.398087,454495785.4682411,26.58604657975697
pool1vs689gkmqtrljtmcwd2690nzqm2yyq23wk2zzx5g0v0gs5ug64a,VAMP,0.008,750000000000.0,15752963751546.0,4135941590.0,549646847.2352026,389035812.5775234,29.220768838313948
pool1vtpn0drn5t39frknedmqq2jkhsfstwketsnvdm7cjzz674s30v2,BLISS,0.015,2650000000000.0,21931481739760.0,5947210780.0,1091469451.382526,944252580.4189252,13.487951566315147
pool1vx9tzlkgafernd9vpjpxkenutx2gncj4yn88fpq69823qlwcqrt,CRDNS,0.02,200000000000.0,67470734521107.0,19440754604.0,777502081.053165,611395924.794996,21.36407867013937
pool1vxz0deezj5c2950e7arpzfqxzq8zd9kawsullrzjw5rsq0yhxgr,ZZZ,0.05,50000000000.0,30773436774971.0,9429088147.0,808483769.4306644,647246171.0616245,19.94320782501097
pool1w4cetqsly2cz9fq2te95tnk2r56mh6ew6dmpyfctv2ldv8xuj9g,,0.04,30000000000000.0,75486161119267.0,24631618707.0,10579570393.345785,10481229963.992971,0.9295314053079767
pool1w6l6rvhxtym5psec3mvgrjlg28d6hrv8g9jjexadzmxfgndfg2f,SIPO,0.039,50000000000.0,42740342021206.0,11491701812.0,787453454.9945769,624274574.1951661,20.72235251041404
pool1w7dk7rn0cflzzfr4fqvjpapn0rkz5ksmerx5tgwpm2gtj2gly97,,0.05,0.0,70020525092330.0,18265329009.0,1236266450.45,1074766450.45,13.063526874907438
pool1w8ham64lthvzzxzn5hknq4yrj8xt2nark409s2xmntlwvt4ag3r,1PCT7,0.01,50000000000.0,31505238648924.0,9429088105.0,445171358.8527881,277138457.2897741,37.745667644934926
pool1wdujj7tmux5nuwnpeksgncendr3mj8ecsjcddpzx9gewc3flp4r,ETO6,1.0,0.0,50000403921781.0,16497716528.0,16497716528.0,16497716528.0,0.0
pool1wf7wk3802jxtkmek6uprm77cgqx53t4qep9kwkl078w3yw0ff69,DNEWS,0.05,75000000000.0,17443515320786.0,4955940553.0,589651355.9406596,428845740.0586113,27.271304349926954
pool1whk6lawmfz4zq5fw8zghglp23452gnm9zgs59nqafhpexwcvute,WA1,0.048935,50000000000.0,20252592994810.0,6187838136.0,639894729.8036188,478612841.1604916,25.2044408449221
pool1whmm0hkxunyhxsr6dfjpx2tpvd05qhev820lx9vcmvqa5wjc6nh,1COMM,0.0085,402000000000.0,64130531267965.0,21832774448.0,656270113.2963724,488771694.43893105,25.52278634419527
pool1wpmjtfqcwvtcs9znpuulk99yk2zz6pfh0c4k9f2xlcspgqjndk2,MS4,0.025,100000000000.0,43868856106392.0,12378069202.0,667706741.494759,502334572.1808339,24.767185807307467
pool1wt0pf4u2xktp0f7apveu242w6nkm4ltk3m8g039lvuhwq4zdtf3,ECO,0.025,100000000000.0,40599270087857.0,13552084078.0,702031199.4144957,536689457.9857492,23.551907887661397
pool1wthsvhhxueqfd9eqjdj8pgyprhr4gptn5g63z9rdrtelcfumnvg,UPBIT,1.0,200000000000.0,35303817302440.0,10613855323.0,10613855323.0,10613855323.0,0.0
pool1wun8t7nt4daw2zgv0vj7cmwru97vsw0fccucjzuvs7y0qlc8xyv,BCW,0.05,1000000.0,5073891256319.0,2356816653.0,440841210.26467943,279341242.0942934,36.634498864891064
pool1wvaj307ee8jfewv9qjtgk0q3elmpe5lz4n2dec2303062f7dc4c,,0.05,0.0,67129408809597.0,21505951897.0,1398297594.85,1236797594.85,11.54975883494419
pool1wwzctexlp70mj00vv65mlhwhwresn58s9x7jl4tswvkg77eu7n7,UKADA,0.01,100000000000.0,3299158438787.0,884137929.0,361769681.179862,198570982.10622427,45.111215108294225
pool1wyfau3rlkckr3clr4mkyxn9vdlrkup0fj7uyyflfccmms24gm3a,TERA,0.01,300000000.0,14923379493298.0,5008240558.0,386775311.3086487,218478694.59056705,43.51276097449252
pool1x0qm7xsyh2za3ltprxsgael544je4hg8tc3q3v5gv232z8jt4wp,PPCX1,0.035,1000000000.0,10884965948736.0,1767617454.0,390093175.4423926,226058246.6884371,42.05019187221836
pool1x2h98z6e5xvrg5zw3v3dlu8hqdtj6lhp6r3w5ge7rvcqcx3pafq,KTN4,0.05,50000000000.0,3508958843709.0,1767949710.0,430727324.9897404,271528577.4009726,36.96044767825208
pool1x5dfpgp987e4jhxvgczr3wv50nv2pwd873tlx3uthvcasm422q6,QXT,0.02,50000000000.0,7609693647676.0,1178634374.0,362172784.54416364,196667440.96341965,45.69789632013671
pool1x89ssjp53eczthatft9w74749558nsz3pq5jn056634pgt5m58s,HOPE2,0.0,100000000.0,5684970881658.0,2062215343.0,340030294.1805482,170033284.52128235,49.99466593673603
pool1xed948ze4guhrkt9zxjmecjvgkvgf8gd8skkzgtacz6gsyk9m5c,WGM,0.05,0.0,70432652339584.0,22389758142.0,1442487907.1000001,1280987907.1000001,11.195934413390132
pool1xftlxx9slpz59thcgtwgdj3k9e0ntn3p4qnmzs3r84dkx0hccjc,SPS5,0.05,1000000000.0,22744528299043.0,5597461049.0,603092647.5952975,441599748.20419455,26.77746114714235
pool1xjqjwe0t7uw7wfdygvt99e5wjcuz6ex6rcx2p067aqxp6tsgwgm,NVET,0.3,100000000.0,19705091041875.0,7954259248.0,2624304823.1533513,2505305427.058199,4.534511198747229
pool1xlfty06hg6q23qvcaxwv3p9ke7ff9n34qpr8tpxt2zflyq20ceh,SAKE,0.009,25000000000.0,29895984870515.0,7660394152.0,411950006.322315,243620886.44445315,40.86154079244241
pool1xlphlhnjvfeh40vcqf9fdewztsj6kyxq6604kaccpv00umjfu0d,FISH,0.05,500000000000.0,11626430192207.0,3541023907.0,630829631.2661384,476275013.3537654,24.50021531204334
pool1xn4kqt45xh3udf87kmtkdfz8xh9qn6trlqsf39eusk23ufmxhgr,SKY3,0.02,5000000.0,6844185901621.0,1767611993.0,368553261.9390122,201953383.64815512,45.2037454272826
pool1xrrrr8gldqz8pjxj6j8c638a9py04xuv66kfgn2dlsx9g52te0t,JP3,0.05,50000000000.0,12697100742161.0,5598518623.0,622598109.8358871,461734081.7923186,25.837538775370074
pool1xru6f3fflzwkptgm68pncrsncg9ngllv0jk8jnz40m7wusfhazk,OASIS,1.0,0.0,20758159796429.0,6481245778.0,6481245778.0,6481245778.0,0.0
pool1xs34q2z06a46nk7hl48d27dj5gzc6hh9trugw2ehs9ajsevqffx,SNAKE,0.01,5000000000.0,55361104473749.0,14420843452.0,482067444.3564178,313782644.55894256,34.90897420425127
pool1xsj9s3mfpztls97x7jjql0msmeh5v3wa5vyqhmmmsx8jzsqxrsv,,0.03,100000000.0,74546244340369.0,20916755833.0,957329449.5825158,792429670.7874893,17.224977134771954
pool1xt7mjrtnsew3v33lu8sf93upf20sxhmcrfnpm82ra46yxk7uy45,ETO3,1.0,0.0,57000082283388.0,19738339418.0,19738339418.0,19738339418.0,0.0
pool1xtrwqwu6jn896szjwsyxxjczl6hc9sq4lh5ax68f7dt3gc0y9rx,NERD2,0.04,2500000000.0,2909886090157.0,1473024120.0,386255454.26238763,223195665.9364391,42.215530299069954
pool1xucruwwxsym3u9v0m4ex3az5d4vpz9xu877vsl9udpt0q237e9m,KLF,0.05,0.0,70027333725618.0,21211349821.0,1383567491.0500002,1222067491.0500002,11.672722945914
pool1xvaagsvl9prlr20hvg2qv434yss5c88r2ml6n43wcpepxmw85lj,DCONE,0.0,100000000.0,10303339938238.0,1473010943.0,340010996.5404402,170012646.49085453,49.99789765016215
pool1xytvsd9qnvqxpthh9p8k85e823trvn3npxeur8kr9zhkqz5uls9,ADV,0.0,250000000000.0,71255621310204.0,23000768991.0,419505197.5350432,250101641.70630342,40.38175374801851
pool1y49e700dnx8lpvznmysgzw203mjq6l7um85ka4ys6x0zcwgs77w,NAP2,0.03,20000000000.0,5153101281289.0,2061535007.0,398127153.0086327,233867155.95442677,41.25817488530963
pool1y53awxsm6cmksp8qht8qfq5f5c69t6mrgrdcresk5y0ecv2yj93,RAMEN,0.02,175369000000.0,5552180690101.0,1179183908.0,382759689.02073216,221421851.2288336,42.151209340950146
pool1y6gnk7t3n6rvpr67f68mehxgqs5x24n0esz9l5j7m4aqzn4e0qw,,0.03,0.0,58982997094048.0,16792318608.0,833569558.24,668669558.24,19.782392287473897
pool1y6z9q5hgneup3j5s40jauhd6wq6qux7gkcfwnzfaynnsu0edy2g,Pool,0.03,100000000.0,42078223135275.0,12667894376.0,709865249.9171327,544965641.8063042,23.229705656119712
pool1yh7ksvg54nger73ldnf22cgwyh0dnm4aerahdd0kdukjqeacy32,,0.05,0.0,53314343797263.0,15613910274.0,1103695513.7,942195513.7,14.632658916823138
pool1yj9xduuwzvdkcwm2mc9x893zq684x7pyah4ja8zmzplgvxz6wgk,SPIR2,0.0,250000000000.0,19646763764087.0,2937036299.0,373046616.86505353,205209823.00476837,44.99083660662139
pool1yraracv4ntq9azvjw2nkw8g4xluujalz8fpt2stz8rw6k0zueuv,,1.0,5210000000000.0,5559870553335.0,886118640.0,886118640.0,886118640.0,0.0
pool1yt868wrp9s2x5pehe96del9m3nwasme62yw02vww3kg6zwzspcz,XRAY3,0.01,100000000.0,9409466989870.0,2943390556.0,366061296.6614642,197763085.28562522,45.97541802718419
pool1yvf4nxph69ztm0tgj73ummxq45kfjhecyad26e3xc2002xgzalg,CCV4,0.03,500000000.0,27998203612105.0,7653984878.0,559546243.1350864,394649187.96687424,29.469781486568305
pool1ywwtv7clgpjs88ysgpcntc6gemlrsy4037eulquswmtlv55cuzx,NIANO,0.0,1000000000.0,334983467732.0,294603215.0,294603215.0,170371968.25217563,42.169005775386516
pool1z2afpmku5v8yapjf29s3w6m0yk6gc49ytpngscum5nmjz2d8aah,FHLN1,0.01,10000000000.0,162736774442.0,294612778.0,294612778.0,178826875.93253073,39.301045546459385
pool1z5rt6kn6yvuczj44qla73mfyln9l55lw0jkz6x4kjw00u32zec3,,0.99,0.0,6797263258812.0,1473009755.0,1461679657.45,1459979657.45,0.11630455355489903
pool1z5uqdk7dzdxaae5633fqfcu2eqzy3a3rgtuvy087fdld7yws0xt,OCTAS,0.009,50000000000.0,58331740355344.0,13545867977.0,470070559.69961464,301744966.50024647,35.8085801644187
pool1z7n2ruhmxmv77f6cqhd3wsy6774h2wuay77agxuf2y9mj8q55vw,1PCT2,0.01,50000000000.0,52178134767941.0,12374692784.0,471763918.79717803,303625193.2474325,35.64043769570945
pool1z9m2kxeat06t30yf6ar7sqpert0cjdgxzcv2dv36dcwcqcqtgk4,,0.99,0.0,12765515723990.0,3240621754.0,3211615536.46,3209915536.46,0.05293286138084334
pool1zc7vxe3ymyej76h8wu8gm79chtt7w9c3adkza4uhrjvagr9w4zp,KRSNA,0.025,5000000000.0,6247074263263.0,589215151.0,346424857.6318098,180807519.73331118,47.807579118505814
pool1zdtqtsu3l3ytatzyvrq48d4mpnll9c5evwfq6taxkmn9vvdz839,RANKT,0.008,10000000000.0,16202338906055.0,3829975082.0,370056563.318118,201520647.05626088,45.5432852617657
pool1zeamhwsgj7n5wh499krl3dn2dp94tmeeh53q6g2jlm60jag2jwm,SBP3,1.0,0.0,50000010043149.0,14435501962.0,14435501962.0,14435501962.0,0.0
pool1zfhww5y28t303z6uyq3w47pkhfmxww9dsn89vrxteplg2zjkekl,CARE4,0.0,150000000000.0,1005692529312.0,588350557.0,377041722.4591344,232397384.60912043,38.36295275403936
pool1zj4h7kc6v53q9r8x3fwzfuayf2frwme8u5k86gu0uzeeuvqxgul,,0.03,10000000000.0,8717984789122.0,3535360856.0,439416119.82800937,274705269.0453901,37.48402558538095
pool1zkdaju2rjefa52uh6yh6etsxla0x6aqs6p6wm245y5szk7k3msd,A3C,0.025,15000000000.0,1610031280067.0,294619020.0,294619020.0,174247474.10776877,40.856678530880735
pool1zm5qw9r7fz25t2epjgvzynsj3gp5puxcwy7363zy3265ujndfaw,,1.0,76800000000000.0,76830929517792.0,32418818164.0,32418818164.0,32418818164.0,0.0
pool1zmfpd5r5vfwjmwm4cgy53exe58h7plnecny3t4948yw7zumzp4c,ALPS,0.025,75000000000.0,13040316714253.0,2061942117.0,392704531.38509357,227907824.9493835,41.96455433158913
pool1zn9hjcmfddhcp2aj9xxuvz7z40rasyatkgavr8ryyz72qdfwtrj,PLUSH,0.01,250000000000.0,28347488724606.0,8256790108.0,488288858.1695502,321473116.6309877,34.163331550079825
pool1ztk6dcj2nc3plnujf3ek6jqngtx8hcryufz56lyumemlcy2xxn0,IAGL1,0.99,10000000.0,5298419483545.0,589196366.0,586704407.0432208,585004410.2517247,0.28975354046911134
pool1zytydvyy3qztrs8l2xyggvkfcjctp23m2hc3aj7sudnzgny79cg,PSYA,0.01,20000000000.0,6662623867291.0,3535497326.0,381451359.11564124,213656565.4828391,43.988516392186526
