a0,sum_f_ada
0.1,7515659.135667892
0.101,7509442.057154805
0.102,7503236.261905806
0.103,7497041.719232056
0.104,7490858.398555903
0.105,7484686.269410386
0.106,7478525.301438728
0.107,7472375.464393851
0.108,7466236.728137862
0.109,7460109.062641578
0.11,7453992.437984025
0.111,7447886.82435196
0.112,7441792.192039376
0.113,7435708.511447031
0.114,7429635.75308196
0.115,7423573.887557007
0.116,7417522.88559034
0.117,7411482.718004996
0.118,7405453.35572839
0.119,7399434.769791866
0.12,7393426.931330227
0.121,7387429.81158128
0.122,7381443.381885359
0.123,7375467.613684891
0.124,7369502.478523923
0.125,7363547.948047688
0.126,7357603.994002139
0.127,7351670.58823351
0.128,7345747.702687876
0.129,7339835.309410703
0.13,7333933.3805464115
0.131,7328041.8883379325
0.132,7322160.805126289
0.133,7316290.1033501495
0.134,7310429.755545395
0.135,7304579.734344702
0.136,7298740.012477107
0.137,7292910.562767593
0.138,7287091.358136656
0.139,7281282.371599887
0.14,7275483.576267568
0.141,7269694.945344249
0.142,7263916.4521283265
0.143,7258148.070011642
0.144,7252389.772479079
0.145,7246641.533108144
0.146,7240903.325568572
0.147,7235175.123621918
0.148,7229456.9011211675
0.149,7223748.632010319
0.15,7218050.290324016
0.151,7212361.850187121
0.152,7206683.285814354
0.153,7201014.571509881
0.154,7195355.681666942
0.155,7189706.590767454
0.156,7184067.273381635
0.157,7178437.704167613
0.158,7172817.857871061
0.159,7167207.709324802
0.16,7161607.233448451
0.161,7156016.40524803
0.162,7150435.199815596
0.163,7144863.592328874
0.164,7139301.558050893
0.165,7133749.0723296115
0.166,7128206.110597562
0.167,7122672.648371479
0.168,7117148.661251947
0.169,7111634.124923038
0.17,7106129.015151959
0.171,7100633.307788685
0.172,7095146.978765623
0.173,7089670.004097244
0.174,7084202.359879751
0.175,7078744.022290711
0.176,7073294.967588727
0.177,7067855.172113087
0.178,7062424.612283414
0.179,7057003.264599336
0.18,7051591.105640152
0.181,7046188.112064468
0.182,7040794.260609895
0.183,7035409.528092692
0.184,7030033.891407443
0.185,7024667.327526726
0.186,7019309.813500786
0.187,7013961.326457193
0.188,7008621.843600545
0.189,7003291.342212116
0.19,6997969.7996495515
0.191,6992657.193346536
0.192,6987353.500812486
0.193,6982058.699632223
0.194,6976772.767465662
0.195,6971495.682047496
0.196,6966227.421186888
0.197,6960967.962767147
0.198,6955717.284745438
0.199,6950475.365152454
0.2,6945242.182092128
0.201,6940017.713741308
0.202,6934801.938349475
0.203,6929594.834238427
0.204,6924396.379801983
0.205,6919206.5535056805
0.206,6914025.333886487
0.207,6908852.699552496
0.208,6903688.629182634
0.209,6898533.101526369
0.21,6893386.095403422
0.211,6888247.589703467
0.212,6883117.563385856
0.213,6877995.995479319
0.214,6872882.865081692
0.215,6867778.151359616
0.216,6862681.833548266
0.217,6857593.890951069
0.218,6852514.302939416
0.219,6847443.048952393
0.22,6842380.108496496
0.221,6837325.46114536
0.222,6832279.086539479
0.223,6827240.964385938
0.224,6822211.074458138
0.225,6817189.396595526
0.226,6812175.9107033275
0.227,6807170.596752271
0.228,6802173.434778336
0.229,6797184.404882469
0.23,6792203.487230336
0.231,6787230.662052048
0.232,6782265.9096419085
0.233,6777309.210358141
0.234,6772360.5446226485
0.235,6767419.892920734
0.236,6762487.235800861
0.237,6757562.553874393
0.238,6752645.827815333
0.239,6747737.0383600835
0.24,6742836.166307177
0.241,6737943.19251705
0.242,6733058.0979117695
0.243,6728180.863474801
0.244,6723311.470250752
0.245,6718449.899345135
0.246,6713596.13192412
0.247,6708750.1492142845
0.248,6703911.93250238
0.249,6699081.46313509
0.25,6694258.7225187905
0.251,6689443.692119302
0.252,6684636.353461665
0.253,6679836.688129898
0.254,6675044.677766764
0.255,6670260.304073532
0.256,6665483.548809744
0.257,6660714.393792998
0.258,6655952.820898695
0.259,6651198.8120598225
0.26,6646452.349266725
0.261,6641713.414566878
0.262,6636981.990064653
0.263,6632258.057921102
0.264,6627541.600353725
0.265,6622832.599636259
0.266,6618131.038098441
0.267,6613436.8981257975
0.268,6608750.162159419
0.269,6604070.812695746
0.27,6599398.832286348
0.271,6594734.203537704
0.272,6590076.909110989
0.273,6585426.931721868
0.274,6580784.254140263
0.275,6576148.859190162
0.276,6571520.729749383
0.277,6566899.84874939
0.278,6562286.1991750635
0.279,6557679.764064496
0.28,6553080.526508788
0.281,6548488.46965184
0.282,6543903.576690145
0.283,6539325.830872584
0.284,6534755.215500221
0.285,6530191.713926103
0.286,6525635.309555056
0.287,6521085.985843481
0.288,6516543.72629916
0.289,6512008.514481054
0.29,6507480.333999097
0.291,6502959.168514015
0.292,6498445.001737116
0.293,6493937.817430094
0.294,6489437.599404845
0.295,6484944.331523266
0.296,6480457.997697059
0.297,6475978.581887546
0.298,6471506.068105473
0.299,6467040.440410828
0.3,6462581.682912633
0.301,6458129.77976878
0.302,6453684.715185821
0.303,6449246.473418802
0.304,6444815.038771056
0.305,6440390.395594036
0.306,6435972.528287116
0.307,6431561.421297424
0.308,6427157.059119642
0.309,6422759.426295837
0.31,6418368.507415275
0.311,6413984.28711424
0.312,6409606.750075859
0.313,6405235.881029921
0.314,6400871.664752697
0.315,6396514.08606677
0.316,6392163.129840853
0.317,6387818.780989613
0.318,6383481.024473503
0.319,6379149.845298588
0.32,6374825.228516361
0.321,6370507.159223584
0.322,6366195.622562112
0.323,6361890.603718724
0.324,6357592.087924948
0.325,6353300.060456898
0.326,6349014.506635104
0.327,6344735.4118243465
0.328,6340462.761433484
0.329,6336196.540915293
0.33,6331936.735766303
0.331,6327683.331526628
0.332,6323436.313779806
0.333,6319195.668152633
0.334,6314961.380315006
0.335,6310733.435979758
0.336,6306511.820902497
0.337,6302296.520881447
0.338,6298087.521757289
0.339,6293884.809413005
0.34,6289688.369773709
0.341,6285498.18880651
0.342,6281314.252520334
0.343,6277136.546965783
0.344,6272965.058234975
0.345,6268799.772461386
0.346,6264640.675819705
0.347,6260487.754525673
0.348,6256340.994835936
0.349,6252200.383047887
0.35,6248065.9054995235
0.351,6243937.548569294
0.352,6239815.298675944
0.353,6235699.14227837
0.354,6231589.065875474
0.355,6227485.056006015
0.356,6223387.099248459
0.357,6219295.1822208315
0.358,6215209.291580578
0.359,6211129.41402442
0.36,6207055.536288194
0.361,6202987.645146733
0.362,6198925.727413701
0.363,6194869.769941468
0.364,6190819.759620953
0.365,6186775.683381492
0.366,6182737.5281907
0.367,6178705.281054321
0.368,6174678.929016094
0.369,6170658.459157614
0.37,6166643.858598198
0.371,6162635.114494741
0.372,6158632.214041581
0.373,6154635.144470363
0.374,6150643.893049902
0.375,6146658.447086055
0.376,6142678.793921573
0.377,6138704.920935979
0.378,6134736.8155454295
0.379,6130774.465202581
0.38,6126817.857396463
0.381,6122866.979652338
0.382,6118921.819531574
0.383,6114982.364631522
0.384,6111048.602585372
0.385,6107120.521062031
0.386,6103198.107765997
0.387,6099281.350437224
0.388,6095370.236851001
0.389,6091464.754817816
0.39,6087564.8921832405
0.391,6083670.636827797
0.392,6079781.976666828
0.393,6075898.899650382
0.394,6072021.393763085
0.395,6068149.447024014
0.396,6064283.047486574
0.397,6060422.18323838
0.398,6056566.842401126
0.399,6052717.013130475
0.4,6048872.683615923
0.401,6045033.842080694
0.402,6041200.476781605
0.403,6037372.576008958
0.404,6033550.128086416
0.405,6029733.12137088
0.406,6025921.544252379
0.407,6022115.385153947
0.408,6018314.632531507
0.409,6014519.274873754
0.41,6010729.300702043
0.411,6006944.698570261
0.412,6003165.45706473
0.413,5999391.564804073
0.414,5995623.010439119
0.415,5991859.782652773
0.416,5988101.87015991
0.417,5984349.261707263
0.418,5980601.946073308
0.419,5976859.912068152
0.42,5973123.148533428
0.421,5969391.644342171
0.422,5965665.388398724
0.423,5961944.369638612
0.424,5958228.577028442
0.425,5954517.999565797
0.426,5950812.626279116
0.427,5947112.446227595
0.428,5943417.448501077
0.429,5939727.622219941
0.43,5936042.956535003
0.431,5932363.440627403
0.432,5928689.063708499
0.433,5925019.81501977
0.434,5921355.683832698
0.435,5917696.659448674
0.436,5914042.73119889
0.437,5910393.888444234
0.438,5906750.1205751905
0.439,5903111.417011732
0.44,5899477.767203224
0.441,5895849.160628313
0.442,5892225.586794839
0.443,5888607.035239721
0.444,5884993.495528862
0.445,5881384.957257049
0.446,5877781.410047852
0.447,5874182.843553526
0.448,5870589.247454911
0.449,5867000.611461332
0.45,5863416.925310502
0.451,5859838.178768427
0.452,5856264.361629301
0.453,5852695.463715419
0.454,5849131.4748770725
0.455,5845572.384992454
0.456,5842018.18396757
0.457,5838468.861736128
0.458,5834924.4082594635
0.459,5831384.813526426
0.46,5827850.067553298
0.461,5824320.160383691
0.462,5820795.082088463
0.463,5817274.822765612
0.464,5813759.372540199
0.465,5810248.721564239
0.466,5806742.860016622
0.467,5803241.778103016
0.468,5799745.46605578
0.469,5796253.9141338635
0.47,5792767.112622722
0.471,5789285.051834236
0.472,5785807.722106603
0.473,5782335.113804263
0.474,5778867.217317801
0.475,5775404.023063862
0.476,5771945.521485064
0.477,5768491.703049907
0.478,5765042.558252688
0.479,5761598.077613408
0.48,5758158.251677696
0.481,5754723.071016712
0.482,5751292.526227063
0.483,5747866.607930725
0.484,5744445.306774949
0.485,5741028.613432177
0.486,5737616.518599961
0.487,5734209.013000875
0.488,5730806.087382433
0.489,5727407.732517004
0.49,5724013.939201728
0.491,5720624.698258439
0.492,5717240.000533575
0.493,5713859.836898094
0.494,5710484.198247397
0.495,5707113.075501251
0.496,5703746.459603695
0.497,5700384.341522971
0.498,5697026.712251432
0.499,5693673.562805473
0.5,5690324.884225443
0.501,5686980.667575565
0.502,5683640.903943863
0.503,5680305.584442076
0.504,5676974.700205583
0.505,5673648.242393328
0.506,5670326.202187726
0.507,5667008.570794607
0.508,5663695.339443125
0.509,5660386.499385681
0.51,5657082.041897848
0.511,5653781.958278298
0.512,5650486.239848722
0.513,5647194.877953752
0.514,5643907.863960888
0.515,5640625.189260425
0.516,5637346.845265372
0.517,5634072.823411379
0.518,5630803.115156667
0.519,5627537.7119819475
0.52,5624276.605390355
0.521,5621019.786907362
0.522,5617767.248080719
0.523,5614518.980480376
0.524,5611274.975698407
0.525,5608035.225348939
0.526,5604799.72106808
0.527,5601568.45451385
0.528,5598341.417366104
0.529,5595118.601326466
0.53,5591899.998118252
0.531,5588685.599486403
0.532,5585475.397197416
0.533,5582269.38303927
0.534,5579067.548821354
0.535,5575869.886374408
0.536,5572676.38755044
0.537,5569487.044222665
0.538,5566301.848285433
0.539,5563120.79165416
0.54,5559943.866265266
0.541,5556771.0640761
0.542,5553602.377064869
0.543,5550437.797230582
0.544,5547277.31659297
0.545,5544120.927192431
0.546,5540968.621089951
0.547,5537820.390367048
0.548,5534676.227125697
0.549,5531536.123488277
0.55,5528400.071597483
0.551,5525268.063616283
0.552,5522140.091727845
0.553,5519016.148135464
0.554,5515896.225062506
0.555,5512780.314752342
0.556,5509668.409468284
0.557,5506560.501493519
0.558,5503456.583131044
0.559,5500356.646703609
0.56,5497260.684553646
0.561,5494168.689043206
0.562,5491080.652553907
0.563,5487996.567486861
0.564,5484916.426262609
0.565,5481840.221321072
0.566,5478767.94512148
0.567,5475699.590142309
0.568,5472635.148881222
0.569,5469574.613855012
0.57,5466517.977599537
0.571,5463465.232669657
0.572,5460416.371639179
0.573,5457371.387100793
0.574,5454330.2716660155
0.575,5451293.017965121
0.576,5448259.618647097
0.577,5445230.066379571
0.578,5442204.35384876
0.579,5439182.473759406
0.58,5436164.418834721
0.581,5433150.18181633
0.582,5430139.755464208
0.583,5427133.132556624
0.584,5424130.305890085
0.585,5421131.268279277
0.586,5418136.012557007
0.587,5415144.531574147
0.588,5412156.818199577
0.589,5409172.865320131
0.59,5406192.665840534
0.591,5403216.212683347
0.592,5400243.498788922
0.593,5397274.517115332
0.594,5394309.26063832
0.595,5391347.722351247
0.596,5388389.895265037
0.597,5385435.772408114
0.598,5382485.346826356
0.599,5379538.611583037
0.6,5376595.559758771
