a0,sum_f_ada,sum_f_baseline_a0_0.3,savings_vs_baseline_ada,savings_vs_baseline_pct_of_R,unallocated_pct_of_R
0.1,7515659.135667892,6462581.682912633,-1053077.4527552593,-7.03622973473725,49.78346165500315
0.101,7509442.057154805,6462581.682912633,-1046860.3742421726,-6.994689777175227,49.825001612565174
0.102,7503236.261905806,6462581.682912633,-1040654.5789931733,-6.953225209735811,49.866466180004586
0.103,7497041.719232056,6462581.682912633,-1034460.0363194235,-6.911835827368826,49.90785556237157
0.104,7490858.398555903,6462581.682912633,-1028276.7156432699,-6.870521425766992,49.94916996397341
0.105,7484686.269410386,6462581.682912633,-1022104.5864977529,-6.829281801362634,49.99040958837777
0.106,7478525.301438728,6462581.682912633,-1015943.6185260955,-6.788116751324273,50.031574638416124
0.107,7472375.464393851,6462581.682912633,-1009793.7814812185,-6.7470260735533865,50.07266531618701
0.108,7466236.728137862,6462581.682912633,-1003655.0452252291,-6.70600956668099,50.11368182305941
0.109,7460109.062641578,6462581.682912633,-997527.379728945,-6.665067030064456,50.15462435967594
0.11,7453992.437984025,6462581.682912633,-991410.7550713923,-6.624198263784166,50.19549312595624
0.111,7447886.82435196,6462581.682912633,-985305.141439327,-6.5834030686403,50.236288321100105
0.112,7441792.192039376,6462581.682912633,-979210.5091267433,-6.542681246149569,50.277010143590836
0.113,7435708.511447031,6462581.682912633,-973126.8285343982,-6.502032598542021,50.31765879119838
0.114,7429635.75308196,6462581.682912633,-967054.0701693268,-6.461456928757816,50.35823446098259
0.115,7423573.887557007,6462581.682912633,-960992.2046443745,-6.420954040444091,50.39873734929631
0.116,7417522.88559034,6462581.682912633,-954941.2026777072,-6.380523737951694,50.43916765178871
0.117,7411482.718004996,6462581.682912633,-948901.0350923631,-6.340165826332185,50.47952556340822
0.118,7405453.35572839,6462581.682912633,-942871.6728157569,-6.299880111334525,50.519811278405875
0.119,7399434.769791866,6462581.682912633,-936853.0868792329,-6.25966639940209,50.56002499033831
0.12,7393426.931330227,6462581.682912633,-930845.2484175945,-6.2195244976695285,50.600166892070874
0.121,7387429.81158128,6462581.682912633,-924848.1286686473,-6.179454213959705,50.64023717578069
0.122,7381443.381885359,6462581.682912633,-918861.6989727262,-6.139455356780542,50.68023603295986
0.123,7375467.613684891,6462581.682912633,-912885.930772258,-6.099527735322101,50.7201636544183
0.124,7369502.478523923,6462581.682912633,-906920.7956112903,-6.059671159453429,50.76002023028697
0.125,7363547.948047688,6462581.682912633,-900966.2651350554,-6.0198854397196495,50.79980595002075
0.126,7357603.994002139,6462581.682912633,-895022.3110895064,-5.98017038733886,50.83952100240155
0.127,7351670.58823351,6462581.682912633,-889088.9053208772,-5.940525814199192,50.8791655755412
0.128,7345747.702687876,6462581.682912633,-883166.0197752435,-5.900951532855881,50.918739856884514
0.129,7339835.309410703,6462581.682912633,-877253.6264980705,-5.861447356528243,50.958244033212154
0.13,7333933.3805464115,6462581.682912633,-871351.6976337787,-5.8220130990967665,50.997678290643634
0.131,7328041.8883379325,6462581.682912633,-865460.2054252997,-5.782648575100157,51.037042814640245
0.132,7322160.805126289,6462581.682912633,-859579.1222136561,-5.7433535997325205,51.07633779000788
0.133,7316290.1033501495,6462581.682912633,-853708.4204375166,-5.704127988840396,51.1155634009
0.134,7310429.755545395,6462581.682912633,-847848.0726327626,-5.664971558919857,51.15471983082054
0.135,7304579.734344702,6462581.682912633,-841998.0514320694,-5.625884127113711,51.19380726262669
0.136,7298740.012477107,6462581.682912633,-836158.3295644745,-5.586865511208622,51.23282587853178
0.137,7292910.562767593,6462581.682912633,-830328.8798549604,-5.547915529632318,51.271775860108086
0.138,7287091.358136656,6462581.682912633,-824509.6752240229,-5.509034001450706,51.3106573882897
0.139,7281282.371599887,6462581.682912633,-818700.6886872537,-5.470220746365087,51.34947064337531
0.14,7275483.576267568,6462581.682912633,-812901.8933549356,-5.431475584709448,51.38821580503095
0.141,7269694.945344249,6462581.682912633,-807113.262431616,-5.392798337447609,51.42689305229279
0.142,7263916.4521283265,6462581.682912633,-801334.7692156937,-5.354188826170477,51.46550256356993
0.143,7258148.070011642,6462581.682912633,-795566.387099009,-5.315646873093282,51.50404451664711
0.144,7252389.772479079,6462581.682912633,-789808.0895664459,-5.277172301052948,51.54251908868745
0.145,7246641.533108144,6462581.682912633,-784059.8501955112,-5.238764933505257,51.58092645623514
0.146,7240903.325568572,6462581.682912633,-778321.6426559389,-5.200424594522216,51.61926679521819
0.147,7235175.123621918,6462581.682912633,-772593.4407092854,-5.162151108789359,51.65754028095104
0.148,7229456.9011211675,6462581.682912633,-766875.2182085346,-5.123944301603092,51.69574708813731
0.149,7223748.632010319,6462581.682912633,-761166.9490976864,-5.085803998867954,51.73388739087245
0.15,7218050.290324016,6462581.682912633,-755468.6074113827,-5.047730027094122,51.77196136264627
0.151,7212361.850187121,6462581.682912633,-749780.1672744881,-5.009722213394599,51.8099691763458
0.152,7206683.285814354,6462581.682912633,-744101.6029017214,-4.971780385482756,51.84791100425765
0.153,7201014.571509881,6462581.682912633,-738432.8885972481,-4.933904371669616,51.88578701807078
0.154,7195355.681666942,6462581.682912633,-732773.9987543095,-4.896094000861361,51.92359738887904
0.155,7189706.590767454,6462581.682912633,-727124.9078548215,-4.85834910255667,51.96134228718373
0.156,7184067.273381635,6462581.682912633,-721485.5904690018,-4.820669506844211,51.999021882896194
0.157,7178437.704167613,6462581.682912633,-715856.02125498,-4.783055044400044,52.036636345340355
0.158,7172817.857871061,6462581.682912633,-710236.1749584284,-4.745505546485155,52.07418584325525
0.159,7167207.709324802,6462581.682912633,-704626.0264121694,-4.708020844942833,52.11167054479757
0.16,7161607.233448451,6462581.682912633,-699025.5505358186,-4.670600772196278,52.149090617544125
0.161,7156016.40524803,6462581.682912633,-693434.7223353973,-4.633245161246022,52.18644622849438
0.162,7150435.199815596,6462581.682912633,-687853.5169029636,-4.5959538456674585,52.22373754407294
0.163,7144863.592328874,6462581.682912633,-682281.9094162416,-4.558726659608363,52.26096473013204
0.164,7139301.558050893,6462581.682912633,-676719.8751382604,-4.5215634377864875,52.298127951953916
0.165,7133749.0723296115,6462581.682912633,-671167.3894169787,-4.484464015487046,52.33522737425336
0.166,7128206.110597562,6462581.682912633,-665624.4276849292,-4.447428228560345,52.37226316118006
0.167,7122672.648371479,6462581.682912633,-660090.9654588457,-4.410455913419284,52.409235476321115
0.168,7117148.661251947,6462581.682912633,-654566.9783393145,-4.37354690703703,52.446144482703374
0.169,7111634.124923038,6462581.682912633,-649052.4420104055,-4.336701046944557,52.48299034279584
0.17,7106129.015151959,6462581.682912633,-643547.3322393261,-4.2999181712283265,52.51977321851207
0.171,7100633.307788685,6462581.682912633,-638051.6248760521,-4.263198118527825,52.556493271212574
0.172,7095146.978765623,6462581.682912633,-632565.2958529899,-4.2265407280333065,52.59315066170709
0.173,7089670.004097244,6462581.682912633,-627088.321184611,-4.18994583948335,52.62974555025705
0.174,7084202.359879751,6462581.682912633,-621620.6769671179,-4.153413293162629,52.66627809657778
0.175,7078744.022290711,6462581.682912633,-616162.3393780785,-4.116942929899463,52.70274845984093
0.176,7073294.967588727,6462581.682912633,-610713.2846760945,-4.0805345910636115,52.73915679867679
0.177,7067855.172113087,6462581.682912633,-605273.4892004542,-4.044188118563944,52.775503271176454
0.178,7062424.612283414,6462581.682912633,-599842.9293707814,-4.0079033548461,52.811788034894306
0.179,7057003.264599336,6462581.682912633,-594421.5816867035,-3.971680142890271,52.84801124685013
0.18,7051591.105640152,6462581.682912633,-589009.4227275187,-3.935518326208976,52.88417306353142
0.181,7046188.112064468,6462581.682912633,-583606.4291518349,-3.899417748844648,52.92027364089575
0.182,7040794.260609895,6462581.682912633,-578212.5776972622,-3.86337825536758,52.95631313437282
0.183,7035409.528092692,6462581.682912633,-572827.8451800589,-3.827399690873561,52.99229169886684
0.184,7030033.891407443,6462581.682912633,-567452.2084948104,-3.7914819009817284,53.02820948875867
0.185,7024667.327526726,6462581.682912633,-562085.644614093,-3.755624731832323,53.06406665790808
0.186,7019309.813500786,6462581.682912633,-556728.1305881534,-3.719828030084546,53.099863359655856
0.187,7013961.326457193,6462581.682912633,-551379.6435445603,-3.6840916429142356,53.135599746826166
0.188,7008621.843600545,6462581.682912633,-546040.1606879123,-3.648415418011908,53.17127597172849
0.189,7003291.342212116,6462581.682912633,-540709.6592994835,-3.6127992035803973,53.206892186160005
0.19,6997969.7996495515,6462581.682912633,-535388.1167369187,-3.5772428483328116,53.24244854140759
0.191,6992657.193346536,6462581.682912633,-530075.510433903,-3.541746201490332,53.27794518825007
0.192,6987353.500812486,6462581.682912633,-524771.817899853,-3.5063091127801442,53.313382276960255
0.193,6982058.699632223,6462581.682912633,-519477.01671958994,-3.4709314324332583,53.34875995730714
0.194,6976772.767465662,6462581.682912633,-514191.0845530294,-3.4356130111824315,53.384078378557966
0.195,6971495.682047496,6462581.682912633,-508913.9991348628,-3.4003537002600455,53.41933768948036
0.196,6966227.421186888,6462581.682912633,-503645.73827425484,-3.3651533513960787,53.454538038344324
0.197,6960967.962767147,6462581.682912633,-498386.27985451464,-3.3300118168159147,53.48967957292449
0.198,6955717.284745438,6462581.682912633,-493135.6018328052,-3.2949289492383964,53.524762440502
0.199,6950475.365152454,6462581.682912633,-487893.6822398212,-3.259904601873675,53.55978678786673
0.2,6945242.182092128,6462581.682912633,-482660.4991794955,-3.224938628421251,53.59475276131915
0.201,6940017.713741308,6462581.682912633,-477436.03082867526,-3.190030883067806,53.6296605066726
0.202,6934801.938349475,6462581.682912633,-472220.25543684233,-3.155181220485338,53.66451016925507
0.203,6929594.834238427,6462581.682912633,-467013.15132579394,-3.120389495829026,53.699301893911375
0.204,6924396.379801983,6462581.682912633,-461814.6968893502,-3.085655564735277,53.73403582500512
0.205,6919206.5535056805,6462581.682912633,-456624.8705930477,-3.0509792833196765,53.76871210642072
0.206,6914025.333886487,6462581.682912633,-451443.6509738546,-3.0163605081750875,53.80333088156531
0.207,6908852.699552496,6462581.682912633,-446271.01663986314,-2.981799096369595,53.83789229337081
0.208,6903688.629182634,6462581.682912633,-441106.9462700011,-2.9472949054445774,53.87239648429583
0.209,6898533.101526369,6462581.682912633,-435951.4186137365,-2.9128477934127335,53.90684359632767
0.21,6893386.095403422,6462581.682912633,-430804.41249078885,-2.8784576187561544,53.94123377098425
0.211,6888247.589703467,6462581.682912633,-425665.9067908339,-2.8441242404243496,53.97556714931605
0.212,6883117.563385856,6462581.682912633,-420535.8804732235,-2.8098475178323747,54.009843871908025
0.213,6877995.995479319,6462581.682912633,-415414.3125666864,-2.775627310858836,54.04406407888156
0.214,6872882.865081692,6462581.682912633,-410301.1821690593,-2.741463479844087,54.07822790989631
0.215,6867778.151359616,6462581.682912633,-405196.468446983,-2.707355885588205,54.1123355041522
0.216,6862681.833548266,6462581.682912633,-400100.1506356336,-2.6733043893491897,54.146387000391215
0.217,6857593.890951069,6462581.682912633,-395012.20803843625,-2.6393088528410535,54.18038253689935
0.218,6852514.302939416,6462581.682912633,-389932.6200267831,-2.6053691382319366,54.21432225150847
0.219,6847443.048952393,6462581.682912633,-384861.3660397604,-2.5714851081422845,54.24820628159812
0.22,6842380.108496496,6462581.682912633,-379798.42558386363,-2.5376566256429403,54.28203476409747
0.221,6837325.46114536,6462581.682912633,-374743.7782327272,-2.5038835542533446,54.31580783548706
0.222,6832279.086539479,6462581.682912633,-369697.40362684615,-2.4701657579396716,54.34952563180073
0.223,6827240.964385938,6462581.682912633,-364659.2814733051,-2.4365031011130207,54.38318828862738
0.224,6822211.074458138,6462581.682912633,-359629.39154550526,-2.4028954486275906,54.41679594111281
0.225,6817189.396595526,6462581.682912633,-354607.71368289273,-2.369342665778866,54.45034872396153
0.226,6812175.9107033275,6462581.682912633,-349594.2277906947,-2.3358446183018504,54.48384677143854
0.227,6807170.596752271,6462581.682912633,-344588.91383963823,-2.3024011723691955,54.517290217371205
0.228,6802173.434778336,6462581.682912633,-339591.7518657036,-2.269012194589544,54.550679195150856
0.229,6797184.404882469,6462581.682912633,-334602.7219698364,-2.2356775520056122,54.58401383773479
0.23,6792203.487230336,6462581.682912633,-329621.80431770347,-2.2023971120925565,54.617294277647844
0.231,6787230.662052048,6462581.682912633,-324648.97913941555,-2.1691707427561204,54.650520646984276
0.232,6782265.9096419085,6462581.682912633,-319684.22672927566,-2.1359983123309547,54.683693077409444
0.233,6777309.210358141,6462581.682912633,-314727.52744550817,-2.1028796895788053,54.7168117001616
0.234,6772360.5446226485,6462581.682912633,-309778.8617100157,-2.0698147436868912,54.749876646053515
0.235,6767419.892920734,6462581.682912633,-304838.21000810154,-2.036803344266047,54.78288804547436
0.236,6762487.235800861,6462581.682912633,-299905.55288822856,-2.0038453613491156,54.815846028391285
0.237,6757562.553874393,6462581.682912633,-294980.87096176017,-1.9709406653892136,54.848750724351184
0.238,6752645.827815333,6462581.682912633,-290064.14490270056,-1.938089127257998,54.881602262482396
0.239,6747737.0383600835,6462581.682912633,-285155.35544745065,-1.9052906182440357,54.91440077149637
0.24,6742836.166307177,6462581.682912633,-280254.4833945446,-1.872545010051041,54.94714637968936
0.241,6737943.19251705,6462581.682912633,-275361.5096044168,-1.8398521747963217,54.97983921494408
0.242,6733058.0979117695,6462581.682912633,-270476.4149991367,-1.8072119850090043,55.012479404731394
0.243,6728180.863474801,6462581.682912633,-265599.18056216836,-1.7746243136284297,55.04506707611197
0.244,6723311.470250752,6462581.682912633,-260729.787338119,-1.7420890340024713,55.07760235573792
0.245,6718449.899345135,6462581.682912633,-255868.2164325025,-1.7096060198859566,55.110085369854446
0.246,6713596.13192412,6462581.682912633,-251014.44901148695,-1.6771751454389794,55.142516244301426
0.247,6708750.1492142845,6462581.682912633,-246168.46630165167,-1.6447962852252758,55.17489510451512
0.248,6703911.93250238,6462581.682912633,-241330.24958974682,-1.6124693142106192,55.20722207552978
0.249,6699081.46313509,6462581.682912633,-236499.7802224569,-1.5801941077612398,55.239497281979155
0.25,6694258.7225187905,6462581.682912633,-231677.0396061577,-1.5479705416421994,55.271720848098205
0.251,6689443.692119302,6462581.682912633,-226862.0092066694,-1.5157984920157443,55.30389289772466
0.252,6684636.353461665,6462581.682912633,-222054.67054903228,-1.4836778354398035,55.33601355430059
0.253,6679836.688129898,6462581.682912633,-217255.00521726534,-1.4516084488663785,55.36808294087402
0.254,6675044.677766764,6462581.682912633,-212462.99485413078,-1.4195902096399684,55.400101180100435
0.255,6670260.304073532,6462581.682912633,-207678.6211608993,-1.387622995496002,55.432068394244396
0.256,6665483.548809744,6462581.682912633,-202901.8658971116,-1.3557066845592443,55.463984705181154
0.257,6660714.393792998,6462581.682912633,-198132.71088036522,-1.323841155342372,55.49585023439803
0.258,6655952.820898695,6462581.682912633,-193371.1379860621,-1.292026286744287,55.52766510299611
0.259,6651198.8120598225,6462581.682912633,-188617.12914718967,-1.260261958048654,55.55942943169175
0.26,6646452.349266725,6462581.682912633,-183870.66635409184,-1.2285480489223701,55.59114334081803
0.261,6641713.414566878,6462581.682912633,-179131.7316542454,-1.1968844394140703,55.62280695032633
0.262,6636981.990064653,6462581.682912633,-174400.3071520198,-1.1652710099525232,55.65442037978788
0.263,6632258.057921102,6462581.682912633,-169676.37500846945,-1.1337076413452427,55.68598374839516
0.264,6627541.600353725,6462581.682912633,-164959.91744109243,-1.1021942147768768,55.717497174963526
0.265,6622832.599636259,6462581.682912633,-160250.91672362573,-1.070730611807838,55.74896077793257
0.266,6618131.038098441,6462581.682912633,-155549.3551858086,-1.039316714372723,55.780374675367675
0.267,6613436.8981257975,6462581.682912633,-150855.2152131647,-1.0079524047788568,55.81173898496154
0.268,6608750.162159419,6462581.682912633,-146168.47924678586,-0.9766375657048488,55.84305382403556
0.269,6604070.812695746,6462581.682912633,-141489.1297831135,-0.9453720801991305,55.874319309541264
0.27,6599398.832286348,6462581.682912633,-136817.1493737148,-0.9141558316784618,55.90553555806194
0.271,6594734.203537704,6462581.682912633,-132152.5206250716,-0.8829887039265192,55.936702685813884
0.272,6590076.909110989,6462581.682912633,-127495.2261983566,-0.8518705810924012,55.96782080864799
0.273,6585426.931721868,6462581.682912633,-122845.24880923517,-0.8208013476893041,55.9988900420511
0.274,6580784.254140263,6462581.682912633,-118202.5712276306,-0.789780888592953,56.02991050114745
0.275,6576148.859190162,6462581.682912633,-113567.17627752945,-0.7588090890403016,56.060882300700094
0.276,6571520.729749383,6462581.682912633,-108939.04683675058,-0.727885834627989,56.091805555112416
0.277,6566899.84874939,6462581.682912633,-104318.16583675705,-0.6970110113110821,56.122680378429315
0.278,6562286.1991750635,6462581.682912633,-99704.5162624307,-0.6661845054015709,56.153506884338825
0.279,6557679.764064496,6462581.682912633,-95098.08115186356,-0.6354062035669737,56.18428518617343
0.28,6553080.526508788,6462581.682912633,-90498.84359615482,-0.6046759928289807,56.21501539691142
0.281,6548488.46965184,6462581.682912633,-85906.78673920687,-0.5739937605620912,56.245697629178316
0.282,6543903.576690145,6462581.682912633,-81321.89377751201,-0.5433593944921888,56.27633199524821
0.283,6539325.830872584,6462581.682912633,-76744.14795995131,-0.5127727826951973,56.306918607045205
0.284,6534755.215500221,6462581.682912633,-72173.53258758783,-0.4822338135956992,56.3374575761447
0.285,6530191.713926103,6462581.682912633,-67610.03101347014,-0.4517423759656224,56.367949013774776
0.286,6525635.309555056,6462581.682912633,-63053.62664242275,-0.4212983589228405,56.39839303081756
0.287,6521085.985843481,6462581.682912633,-58504.30293084774,-0.39090165192984727,56.42878973781055
0.288,6516543.72629916,6462581.682912633,-53962.04338652734,-0.36055214479243725,56.459139244947956
0.289,6512008.514481054,6462581.682912633,-49426.831568420865,-0.3302497276583494,56.489441662082044
0.29,6507480.333999097,6462581.682912633,-44898.651086464524,-0.29999429101592917,56.51969709872447
0.291,6502959.168514015,6462581.682912633,-40377.48560138233,-0.26978572569286513,56.549905664047536
0.292,6498445.001737116,6462581.682912633,-35863.31882448308,-0.23962392285483275,56.580067466885566
0.293,6493937.817430094,6462581.682912633,-31356.13451746106,-0.20950877400416237,56.61018261573624
0.294,6489437.599404845,6462581.682912633,-26855.916492212564,-0.17944017097861356,56.64025121876178
0.295,6484944.331523266,6462581.682912633,-22362.648610632867,-0.14941800595001847,56.67027338379038
0.296,6480457.997697059,6462581.682912633,-17876.314784426242,-0.11944217142301253,56.70024921831739
0.297,6475978.581887546,6462581.682912633,-13396.898974913172,-0.0895125602337461,56.73017882950666
0.298,6471506.068105473,6462581.682912633,-8924.38519284036,-0.05962906554861529,56.760062324191786
0.299,6467040.440410828,6462581.682912633,-4458.757498195395,-0.029791580863023494,56.78989980887738
0.3,6462581.682912633,6462581.682912633,0.0,0.0,56.8196913897404
0.301,6458129.77976878,6462581.682912633,4451.903143852949,0.029745782890889007,56.84943717263129
0.302,6453684.715185821,6462581.682912633,8896.967726811767,0.05944587333495921,56.87913726307536
0.303,6449246.473418802,6462581.682912633,13335.2094938308,0.08910037653350959,56.90879176627391
0.304,6444815.038771056,6462581.682912633,17766.644141577184,0.11870939736520385,56.93840078710561
0.305,6440390.395594036,6462581.682912633,22191.287318596616,0.1482730403871781,56.96796443012758
0.306,6435972.528287116,6462581.682912633,26609.154625516385,0.17779140983639732,56.997482799576794
0.307,6431561.421297424,6462581.682912633,31020.26161520928,0.2072646096307507,57.026955999371154
0.308,6427157.059119642,6462581.682912633,35424.62379299104,0.2366927433703707,57.05638413311077
0.309,6422759.426295837,6462581.682912633,39822.256616795436,0.266075914338803,57.085767304079205
0.31,6418368.507415275,6462581.682912633,44213.17549735773,0.2954142255042325,57.11510561524464
0.311,6413984.28711424,6462581.682912633,48597.395798392594,0.3247077795206715,57.14439916926107
0.312,6409606.750075859,6462581.682912633,52974.932836773805,0.3539566787291611,57.173648068469554
0.313,6405235.881029921,6462581.682912633,57345.80188271217,0.3831610251589594,57.20285241489936
0.314,6400871.664752697,6462581.682912633,61710.01815993618,0.41232092052874897,57.23201231026915
0.315,6396514.08606677,6462581.682912633,66067.59684586246,0.4414364662477755,57.26112785598818
0.316,6392163.129840853,6462581.682912633,70418.55307178013,0.4705077634170797,57.29019915315748
0.317,6387818.780989613,6462581.682912633,74762.90192301944,0.4995349128306241,57.319226302571025
0.318,6383481.024473503,6462581.682912633,79100.65843912959,0.5285180149764811,57.34820940471688
0.319,6379149.845298588,6462581.682912633,83431.83761404455,0.5574571700379407,57.37714855977834
0.32,6374825.228516361,6462581.682912633,87756.45439627208,0.5863524778947741,57.40604386763518
0.321,6370507.159223584,6462581.682912633,92074.52368904836,0.615204038124266,57.43489542786467
0.322,6366195.622562112,6462581.682912633,96386.06035052054,0.644011950002435,57.463703339742835
0.323,6361890.603718724,6462581.682912633,100691.07919390872,0.672776312505116,57.49246770224551
0.324,6357592.087924948,6462581.682912633,104989.59498768486,0.7014972243091545,57.52118861404956
0.325,6353300.060456898,6462581.682912633,109281.62245573476,0.7301747837934903,57.549866173533886
0.326,6349014.506635104,6462581.682912633,113567.17627752852,0.7588090890402954,57.57850047878069
0.327,6344735.4118243465,6462581.682912633,117846.2710882863,0.7874002378360823,57.60709162757648
0.328,6340462.761433484,6462581.682912633,122118.92147914879,0.8159483276728421,57.63563971741325
0.329,6336196.540915293,6462581.682912633,126385.14199734014,0.8444534557491342,57.664144845489524
0.33,6331936.735766303,6462581.682912633,130644.94714633003,0.8729157189711685,57.69260710871157
0.331,6327683.331526628,6462581.682912633,134898.35138600506,0.9013352139539504,57.72102660369435
0.332,6323436.313779806,6462581.682912633,139145.36913282704,0.9297120370223393,57.74940342676274
0.333,6319195.668152633,6462581.682912633,143386.0147599997,0.9580462842121614,57.77773767395257
0.334,6314961.380315006,6462581.682912633,147620.30259762704,0.9863380512712687,57.80602944101167
0.335,6310733.435979758,6462581.682912633,151848.24693287443,1.0145874336606147,57.834278823401014
0.336,6306511.820902497,6462581.682912633,156069.86201013625,1.0427945265553744,57.862485916295775
0.337,6302296.520881447,6462581.682912633,160285.1620311858,1.0709594248459473,57.89065081458636
0.338,6298087.521757289,6462581.682912633,164494.161155344,1.0990822231390827,57.918773612879484
0.339,6293884.809413005,6462581.682912633,168696.87349962816,1.1271630157588748,57.94685440549928
0.34,6289688.369773709,6462581.682912633,172893.3131389236,1.1552018967479099,57.9748932864883
0.341,6285498.18880651,6462581.682912633,177083.49410612322,1.1831989598681967,58.0028903496086
0.342,6281314.252520334,6462581.682912633,181267.43039229885,1.2111542986023145,58.030845688342716
0.343,6277136.546965783,6462581.682912633,185445.13594684936,1.2390680061543997,58.0587593958948
0.344,6272965.058234975,6462581.682912633,189616.62467765808,1.2669401754512,58.0866315651916
0.345,6268799.772461386,6462581.682912633,193781.91045124643,1.2947708991430988,58.1144622888835
0.346,6264640.675819705,6462581.682912633,197941.00709292758,1.3225602696051442,58.142251659345554
0.347,6260487.754525673,6462581.682912633,202093.92838696018,1.3503083789380734,58.16999976867847
0.348,6256340.994835936,6462581.682912633,206240.68807669636,1.3780153189693045,58.197706708709696
0.349,6252200.383047887,6462581.682912633,210381.2998647457,1.4056811812540297,58.22537257099443
0.35,6248065.9054995235,6462581.682912633,214515.77741310932,1.433306057076113,58.252997446816515
0.351,6243937.548569294,6462581.682912633,218644.13434333913,1.4608900374491525,58.28058142718955
0.352,6239815.298675944,6462581.682912633,222766.38423668873,1.4884332131174904,58.30812460285788
0.353,6235699.14227837,6462581.682912633,226882.54063426238,1.5159356745572072,58.335627064297604
0.354,6231589.065875474,6462581.682912633,230992.61703715846,1.5433975119770806,58.36308890171748
0.355,6227485.056006015,6462581.682912633,235096.62690661754,1.5708188153195748,58.39051020505997
0.356,6223387.099248459,6462581.682912633,239194.5836641742,1.5981996742618552,58.41789106400225
0.357,6219295.1822208315,6462581.682912633,243286.5006918013,1.6255401782167516,58.44523156795715
0.358,6215209.291580578,6462581.682912633,247372.3913320545,1.652840416333725,58.47253180607412
0.359,6211129.41402442,6462581.682912633,251452.26888821274,1.6801004774998045,58.499791867240205
0.36,6207055.536288194,6462581.682912633,255526.14662443846,1.70732045034066,58.527011840081066
0.361,6202987.645146733,6462581.682912633,259594.03776589967,1.734500423221416,58.55419181296182
0.362,6198925.727413701,6462581.682912633,263655.95549893193,1.761640484247735,58.581331873988134
0.363,6194869.769941468,6462581.682912633,267711.91297116503,1.7887407212666628,58.60843211100707
0.364,6190819.759620953,6462581.682912633,271761.9232916795,1.8158012218676753,58.63549261160808
0.365,6186775.683381492,6462581.682912633,275805.99953114055,1.8428220733835738,58.66251346312397
0.366,6182737.5281907,6462581.682912633,279844.1547219325,1.8698033628913808,58.68949475263178
0.367,6178705.281054321,6462581.682912633,283876.4018583121,1.8967451772133679,58.716436566953774
0.368,6174678.929016094,6462581.682912633,287902.7538965391,1.9236476029179252,58.74333899265833
0.369,6170658.459157614,6462581.682912633,291923.2237550188,1.9505107263205153,58.770202116060915
0.37,6166643.858598198,6462581.682912633,295937.824314435,1.9773346334845614,58.797026023224966
0.371,6162635.114494741,6462581.682912633,299946.56841789186,2.0041194102223945,58.82381079996279
0.372,6158632.214041581,6462581.682912633,303949.46887105145,2.030865142096174,58.850556531836574
0.373,6154635.144470363,6462581.682912633,307946.5384422699,2.057571914418795,58.8772633041592
0.374,6150643.893049902,6462581.682912633,311937.78986273054,2.084239812254781,58.90393120199519
0.375,6146658.447086055,6462581.682912633,315923.235826578,2.1108689204211766,58.93056031016158
0.376,6142678.793921573,6462581.682912633,319902.88899105974,2.1374593234884953,58.95715071322889
0.377,6138704.920935979,6462581.682912633,323876.7619766537,2.164011105781572,58.983702495521975
0.378,6134736.8155454295,6462581.682912633,327844.86736720335,2.1905243513804646,59.01021574112086
0.379,6130774.465202581,6462581.682912633,331807.2177100517,2.216999144121351,59.03669053386175
0.38,6126817.857396463,6462581.682912633,335763.8255161699,2.243435567597386,59.06312695733778
0.381,6122866.979652338,6462581.682912633,339714.7032602951,2.2698337051596247,59.089525094900026
0.382,6118921.819531574,6462581.682912633,343659.8633810589,2.2961936399178797,59.11588502965829
0.383,6114982.364631522,6462581.682912633,347599.3182811104,2.3225154547415428,59.14220684448195
0.384,6111048.602585372,6462581.682912633,351533.08032726124,2.348799232260555,59.16849062200095
0.385,6107120.521062031,6462581.682912633,355461.16185060143,2.3750450548661806,59.19473644460658
0.386,6103198.107765997,6462581.682912633,359383.575146636,2.401253004711918,59.22094439445232
0.387,6099281.350437224,6462581.682912633,363300.3324754089,2.427423163714332,59.24711455345473
0.388,6095370.236851001,6462581.682912633,367211.44606163166,2.453555613553908,59.27324700329431
0.389,6091464.754817816,6462581.682912633,371116.9280948164,2.479650435675945,59.299341825416356
0.39,6087564.8921832405,6462581.682912633,375016.7907293923,2.5057077112913326,59.32539910103173
0.391,6083670.636827797,6462581.682912633,378911.0460848361,2.531727521377421,59.35141891111782
0.392,6079781.976666828,6462581.682912633,382799.70624580514,2.5577099466789126,59.377401336419304
0.393,6075898.899650382,6462581.682912633,386682.78326225094,2.5836550677086194,59.40334645744902
0.394,6072021.393763085,6462581.682912633,390560.2891495479,2.6095629647483243,59.42925435448872
0.395,6068149.447024014,6462581.682912633,394432.235888619,2.635433717849618,59.455125107590014
0.396,6064283.047486574,6462581.682912633,398298.63542605843,2.661267406834723,59.480958796575116
0.397,6060422.18323838,6462581.682912633,402159.49967425317,2.6870641112973006,59.5067555010377
0.398,6056566.842401126,6462581.682912633,406014.8405115064,2.7128239106032805,59.532515300343675
0.399,6052717.013130475,6462581.682912633,409864.669782158,2.738546883891662,59.558238273632064
0.4,6048872.683615923,6462581.682912633,413708.9992967099,2.7642331100753545,59.58392449981575
0.401,6045033.842080694,6462581.682912633,417547.84083193913,2.78988266784193,59.60957405758233
0.402,6041200.476781605,6462581.682912633,421381.206131028,2.8154956356544956,59.6351870253949
0.403,6037372.576008958,6462581.682912633,425209.106903675,2.8410720917524332,59.66076348149282
0.404,6033550.128086416,6462581.682912633,429031.5548262168,2.8666121141522134,59.68630350389262
0.405,6029733.12137088,6462581.682912633,432848.5615417529,2.8921157806482323,59.71180717038863
0.406,6025921.544252379,6462581.682912633,436660.13866025396,2.91758316881353,59.73727455855393
0.407,6022115.385153947,6462581.682912633,440466.2977586854,2.9430143560006212,59.76270574574102
0.408,6018314.632531507,6462581.682912633,444267.0503811259,2.9684094193422834,59.78810080908268
0.409,6014519.274873754,6462581.682912633,448062.4080388788,2.9937684357523047,59.81345982549271
0.41,6010729.300702043,6462581.682912633,451852.38221058995,3.019091481926267,59.838782871666666
0.411,6006944.698570261,6462581.682912633,455636.98434237204,3.044378634342381,59.864070024082785
0.412,6003165.45706473,6462581.682912633,459416.2258479027,3.0696299692621385,59.88932135900253
0.413,5999391.564804073,6462581.682912633,463190.1181085594,3.094845562731215,59.914536952471614
0.414,5995623.010439119,6462581.682912633,466958.6724735135,3.120025490580099,59.9397168803205
0.415,5991859.782652773,6462581.682912633,470721.90025985986,3.145169828424956,59.96486121816535
0.416,5988101.87015991,6462581.682912633,474479.81275272276,3.1702786516683377,59.98997004140873
0.417,5984349.261707263,6462581.682912633,478232.42120536976,3.1953520354999423,60.01504342524034
0.418,5980601.946073308,6462581.682912633,481979.73683932517,3.2203900548973725,60.04008144463778
0.419,5976859.912068152,6462581.682912633,485721.77084448095,3.2453927846268775,60.06508417436727
0.42,5973123.148533428,6462581.682912633,489458.53437920474,3.2703602992440723,60.090051688984474
0.421,5969391.644342171,6462581.682912633,493190.0385704618,3.295292673094756,60.114984062835155
0.422,5965665.388398724,6462581.682912633,496916.29451390915,3.3201899803155372,60.13988137005594
0.423,5961944.369638612,6462581.682912633,500637.31327402126,3.3450522948346775,60.16474368457507
0.424,5958228.577028442,6462581.682912633,504353.10588419065,3.3698796903727595,60.18957108011316
0.425,5954517.999565797,6462581.682912633,508063.6833468359,3.394672240443412,60.21436363018381
0.426,5950812.626279116,6462581.682912633,511769.05663351715,3.419430018354081,60.239121408094476
0.427,5947112.446227595,6462581.682912633,515469.2366850376,3.4441530972067063,60.26384448694711
0.428,5943417.448501077,6462581.682912633,519164.2344115563,3.4688415498984755,60.28853293963887
0.429,5939727.622219941,6462581.682912633,522854.0606926922,3.4934954491225216,60.31318683886292
0.43,5936042.956535003,6462581.682912633,526538.7263776297,3.518114867368625,60.33780625710903
0.431,5932363.440627403,6462581.682912633,530218.2422852302,3.5426998769239617,60.362391266664375
0.432,5928689.063708499,6462581.682912633,533892.6192041337,3.56725054987378,60.38694193961418
0.433,5925019.81501977,6462581.682912633,537561.8678928632,3.5917669581020966,60.4114583478425
0.434,5921355.683832698,6462581.682912633,541225.9990799353,3.616249173292441,60.435940563032844
0.435,5917696.659448674,6462581.682912633,544885.0234639589,3.640697266928512,60.46038865666891
0.436,5914042.73119889,6462581.682912633,548538.9517137427,3.665111310294894,60.48480270003529
0.437,5910393.888444234,6462581.682912633,552187.7944683991,3.689491374477752,60.50918276421815
0.438,5906750.1205751905,6462581.682912633,555831.5623374423,3.7138375303654905,60.53352892010589
0.439,5903111.417011732,6462581.682912633,559470.2659009006,3.7381498486494995,60.5578412383899
0.44,5899477.767203224,6462581.682912633,563103.9157094089,3.7624283998247763,60.58211978956517
0.441,5895849.160628313,6462581.682912633,566732.5222843196,3.7866732541906623,60.606364643931066
0.442,5892225.586794839,6462581.682912633,570356.0961177936,3.8108844818514553,60.630575871591844
0.443,5888607.035239721,6462581.682912633,573974.6476729121,3.8350621527171533,60.654753542457556
0.444,5884993.495528862,6462581.682912633,577588.187383771,3.859206336504087,60.678897726244486
0.445,5881384.957257049,6462581.682912633,581196.7256555837,3.8833171027356066,60.703008492476
0.446,5877781.410047852,6462581.682912633,584800.2728647804,3.9073945207427436,60.72708591048314
0.447,5874182.843553526,6462581.682912633,588398.8393591065,3.93143865966487,60.75113004940527
0.448,5870589.247454911,6462581.682912633,591992.4354577223,3.9554495884503638,60.77514097819077
0.449,5867000.611461332,6462581.682912633,595581.0714513008,3.9794273758572642,60.79911876559766
0.45,5863416.925310502,6462581.682912633,599164.757602131,4.003372090453958,60.823063480194364
0.451,5859838.178768427,6462581.682912633,602743.5041442057,4.027283800619769,60.84697519036016
0.452,5856264.361629301,6462581.682912633,606317.3212833321,4.051162574545696,60.87085396428609
0.453,5852695.463715419,6462581.682912633,609886.2191972136,4.075008480234963,60.89469986997536
0.454,5849131.4748770725,6462581.682912633,613450.2080355603,4.0988215855037495,60.91851297524415
0.455,5845572.384992454,6462581.682912633,617009.2979201786,4.122601957981797,60.9422933477222
0.456,5842018.18396757,6462581.682912633,620563.498945063,4.146349665113019,60.96604105485341
0.457,5838468.861736128,6462581.682912633,624112.8211765047,4.170064774156227,60.98975616389663
0.458,5834924.4082594635,6462581.682912633,627657.2746531693,4.193747352185648,61.01343874192604
0.459,5831384.813526426,6462581.682912633,631196.8693862064,4.2173974660916596,61.03708885583206
0.46,5827850.067553298,6462581.682912633,634731.6153593352,4.2410151825813625,61.060706572321756
0.461,5824320.160383691,6462581.682912633,638261.5225289417,4.264600568179225,61.08429195791962
0.462,5820795.082088463,6462581.682912633,641786.6008241698,4.288153689227697,61.1078450789681
0.463,5817274.822765612,6462581.682912633,645306.8601470208,4.311674611887871,61.131366001628265
0.464,5813759.372540199,6462581.682912633,648822.3103724336,4.335163402140023,61.15485479188042
0.465,5810248.721564239,6462581.682912633,652332.9613483939,4.358620125784335,61.17831151552474
0.466,5806742.860016622,6462581.682912633,655838.8228960112,4.3820448484414145,61.201736238181816
0.467,5803241.778103016,6462581.682912633,659339.9048096165,4.405437635552949,61.225129025293356
0.468,5799745.46605578,6462581.682912633,662836.2168568531,4.428798552382306,61.24848994212272
0.469,5796253.9141338635,6462581.682912633,666327.7687787693,4.452127664015157,61.27181905375556
0.47,5792767.112622722,6462581.682912633,669814.5702899108,4.475425035360094,61.295116425100495
0.471,5789285.051834236,6462581.682912633,673296.6310783969,4.498690731149142,61.31838212088955
0.472,5785807.722106603,6462581.682912633,676773.9608060298,4.521924815938481,61.341616205678875
0.473,5782335.113804263,6462581.682912633,680246.5691083698,4.5451273541089545,61.36481874384935
0.474,5778867.217317801,6462581.682912633,683714.4655948319,4.568298409866718,61.38798979960712
0.475,5775404.023063862,6462581.682912633,687177.659848771,4.5914380472438,61.4111294369842
0.476,5771945.521485064,6462581.682912633,690636.1614275686,4.614546330098686,61.43423771983908
0.477,5768491.703049907,6462581.682912633,694089.9798627254,4.637623322116938,61.45731471185734
0.478,5765042.558252688,6462581.682912633,697539.1246599453,4.660669086811752,61.48036047655216
0.479,5761598.077613408,6462581.682912633,700983.6052992251,4.683683687524565,61.50337507726496
0.48,5758158.251677696,6462581.682912633,704423.4312349372,4.7066671874255945,61.52635857716599
0.481,5754723.071016712,6462581.682912633,707858.6118959207,4.729619649514462,61.54931103925486
0.482,5751292.526227063,6462581.682912633,711289.1566855703,4.752541136620777,61.572232526361184
0.483,5747866.607930725,6462581.682912633,714715.0749819074,4.7754317114046145,61.59512310114502
0.484,5744445.306774949,6462581.682912633,718136.3761376841,4.7982914363572124,61.61798282609761
0.485,5741028.613432177,6462581.682912633,721553.0694804555,4.82112037380145,61.64081176354185
0.486,5737616.518599961,6462581.682912633,724965.1643126719,4.843918585892468,61.663609975632866
0.487,5734209.013000875,6462581.682912633,728372.669911758,4.866686134618199,61.686377524358605
0.488,5730806.087382433,6462581.682912633,731775.5955301998,4.889423081799941,61.70911447154034
0.489,5727407.732517004,6462581.682912633,735173.9503956288,4.912129489092926,61.731820878833325
0.49,5724013.939201728,6462581.682912633,738567.7437109044,4.934805417986871,61.754496807727264
0.491,5720624.698258439,6462581.682912633,741956.9846541937,4.957450929806507,61.777142319546904
0.492,5717240.000533575,6462581.682912633,745341.6823790576,4.980066085712157,61.79975747545256
0.493,5713859.836898094,6462581.682912633,748721.8460145388,5.002650946700323,61.82234233644073
0.494,5710484.198247397,6462581.682912633,752097.4846652355,5.0252055736041825,61.84489696334458
0.495,5707113.075501251,6462581.682912633,755468.6074113818,5.047730027094115,61.86742141683452
0.496,5703746.459603695,6462581.682912633,758835.2233089376,5.070224367678318,61.88991575741872
0.497,5700384.341522971,6462581.682912633,762197.3413896617,5.092688655703282,61.912380045443676
0.498,5697026.712251432,6462581.682912633,765554.9706612006,5.115122951354388,61.934814341094786
0.499,5693673.562805473,6462581.682912633,768908.12010716,5.137527314656391,61.9572187043968
0.5,5690324.884225443,6462581.682912633,772256.7986871898,5.159901805473981,61.979593195214385
0.501,5686980.667575565,6462581.682912633,775601.0153370677,5.182246483512343,62.001937873252736
0.502,5683640.903943863,6462581.682912633,778940.77896877,5.204561408317631,62.02425279805803
0.503,5680305.584442076,6462581.682912633,782276.0984705565,5.226846639277537,62.04653802901793
0.504,5676974.700205583,6462581.682912633,785606.9827070497,5.249102235621813,62.06879362536222
0.505,5673648.242393328,6462581.682912633,788933.440519305,5.271328256422753,62.091019646163154
0.506,5670326.202187726,6462581.682912633,792255.4807249065,5.293524760595822,62.11321615033623
0.507,5667008.570794607,6462581.682912633,795573.1121180262,5.315691806900053,62.135383196640454
0.508,5663695.339443125,6462581.682912633,798886.343469508,5.33782945393861,62.15752084367901
0.509,5660386.499385681,6462581.682912633,802195.1835269518,5.359937760159355,62.17962914989975
0.51,5657082.041897848,6462581.682912633,805499.6410147846,5.382016783855315,62.20170817359572
0.511,5653781.958278298,6462581.682912633,808799.7246343344,5.4040665831651795,62.223757972905574
0.512,5650486.239848722,6462581.682912633,812095.443063911,5.426087216073838,62.24577860581424
0.513,5647194.877953752,6462581.682912633,815386.8049588809,5.448078740412883,62.26777013015329
0.514,5643907.863960888,6462581.682912633,818673.8189517446,5.470041213861131,62.28973260360153
0.515,5640625.189260425,6462581.682912633,821956.4936522078,5.491974693945085,62.31166608368549
0.516,5637346.845265372,6462581.682912633,825234.8376472611,5.51387923803948,62.33357062777988
0.517,5634072.823411379,6462581.682912633,828508.8595012538,5.5357549033677715,62.35544629310817
0.518,5630803.115156667,6462581.682912633,831778.5677559655,5.557601747002611,62.377293136743006
0.519,5627537.7119819475,6462581.682912633,835043.9709306853,5.579419825866377,62.39911121560678
0.52,5624276.605390355,6462581.682912633,838305.0775222778,5.601209196731621,62.42090058647202
0.521,5621019.786907362,6462581.682912633,841561.896005271,5.622969916221647,62.44266130596205
0.522,5617767.248080719,6462581.682912633,844814.4348319136,5.644702040810899,62.464393430551304
0.523,5614518.980480376,6462581.682912633,848062.7024322571,5.66640562682551,62.48609701656592
0.524,5611274.975698407,6462581.682912633,851306.707214226,5.688080730443766,62.50777212018417
0.525,5608035.225348939,6462581.682912633,854546.4575636936,5.70972740769662,62.52941879743701
0.526,5604799.72106808,6462581.682912633,857781.9618445532,5.731345714468158,62.55103710420857
0.527,5601568.45451385,6462581.682912633,861013.2283987831,5.7529357064960465,62.572627096236445
0.528,5598341.417366104,6462581.682912633,864240.2655465286,5.774497439372066,62.59418882911246
0.529,5595118.601326466,6462581.682912633,867463.0815861672,5.796030968542558,62.61572235828296
0.53,5591899.998118252,6462581.682912633,870681.6847943813,5.817536349308905,62.6372277390493
0.531,5588685.599486403,6462581.682912633,873896.0834262297,5.839013636828009,62.65870502656841
0.532,5585475.397197416,6462581.682912633,877106.2857152168,5.860462886112754,62.680154275853155
0.533,5582269.38303927,6462581.682912633,880312.2998733632,5.881884152032481,62.70157554177288
0.534,5579067.548821354,6462581.682912633,883514.1340912785,5.903277489313468,62.722968879053866
0.535,5575869.886374408,6462581.682912633,886711.7965382244,5.924642952539355,62.74433434227976
0.536,5572676.38755044,6462581.682912633,889905.2953621931,5.94598059615167,62.76567198589207
0.537,5569487.044222665,6462581.682912633,893094.6386899678,5.967290474450232,62.78698186419062
0.538,5566301.848285433,6462581.682912633,896279.8346271999,5.988572641593664,62.80826403133406
0.539,5563120.79165416,6462581.682912633,899460.8912584726,6.009827151599819,62.82951854134022
0.54,5559943.866265266,6462581.682912633,902637.8166473666,6.031054058346225,62.850745448086634
0.541,5556771.0640761,6462581.682912633,905810.6188365333,6.052253415570562,62.87194480531096
0.542,5553602.377064869,6462581.682912633,908979.305847764,6.073425276871138,62.89311666661154
0.543,5550437.797230582,6462581.682912633,912143.8856820511,6.094569695707285,62.914261085447684
0.544,5547277.31659297,6462581.682912633,915304.3663196629,6.115686725399871,62.93537811514026
0.545,5544120.927192431,6462581.682912633,918460.7557202019,6.13677641913168,62.956467808872084
0.546,5540968.621089951,6462581.682912633,921613.0618226817,6.157838829947931,62.977530219688326
0.547,5537820.390367048,6462581.682912633,924761.292545585,6.178874010756663,62.998565400497064
0.548,5534676.227125697,6462581.682912633,927905.455786936,6.199882014329219,63.019573404069625
0.549,5531536.123488277,6462581.682912633,931045.5594243556,6.22086289330062,63.04055428304102
0.55,5528400.071597483,6462581.682912633,934181.6113151498,6.241816700170145,63.06150808991054
0.551,5525268.063616283,6462581.682912633,937313.6192963496,6.2627434873016075,63.082434877042004
0.552,5522140.091727845,6462581.682912633,940441.5911847875,6.283643306923862,63.10333469666427
0.553,5519016.148135464,6462581.682912633,943565.5347771691,6.304516211131285,63.124207600871685
0.554,5515896.225062506,6462581.682912633,946685.4578501265,6.325362251884129,63.14505364162453
0.555,5512780.314752342,6462581.682912633,949801.3681602906,6.346181481009003,63.1658728707494
0.556,5509668.409468284,6462581.682912633,952913.273444349,6.3669739501992675,63.186665339939665
0.557,5506560.501493519,6462581.682912633,956021.1814191137,6.3877397110154845,63.20743110075589
0.558,5503456.583131044,6462581.682912633,959125.0997815887,6.408478814885862,63.22817020462627
0.559,5500356.646703609,6462581.682912633,962225.0362090236,6.429191313106619,63.24888270284702
0.56,5497260.684553646,6462581.682912633,965320.9983589873,6.449877256842477,63.26956864658288
0.561,5494168.689043206,6462581.682912633,968412.9938694267,6.47053669712705,63.290228086867444
0.562,5491080.652553907,6462581.682912633,971501.0303587262,6.4911696848632445,63.31086107460364
0.563,5487996.567486861,6462581.682912633,974585.115425772,6.51177627082369,63.33146766056408
0.564,5484916.426262609,6462581.682912633,977665.2566500241,6.532356505651212,63.35204789539162
0.565,5481840.221321072,6462581.682912633,980741.4615915604,6.55291043985914,63.37260182959954
0.566,5478767.94512148,6462581.682912633,983813.7377911527,6.573438123831802,63.3931295135722
0.567,5475699.590142309,6462581.682912633,986882.0927703241,6.59393960782492,63.41363099756533
0.568,5472635.148881222,6462581.682912633,989946.5340314107,6.614414941966011,63.43410633170642
0.569,5469574.613855012,6462581.682912633,993007.0690576211,6.634864176254793,63.45455556599519
0.57,5466517.977599537,6462581.682912633,996063.7053130958,6.655287360563579,63.47497875030398
0.571,5463465.232669657,6462581.682912633,999116.4502429757,6.675684544637732,63.49537593437814
0.572,5460416.371639179,6462581.682912633,1002165.3112734538,6.696055778096016,63.515747167836416
0.573,5457371.387100793,6462581.682912633,1005210.2958118394,6.716401110431018,63.53609250017142
0.574,5454330.2716660155,6462581.682912633,1008251.4112466173,6.7367205910095525,63.55641198074996
0.575,5451293.017965121,6462581.682912633,1011288.6649475116,6.757014269073078,63.576705658813474
0.576,5448259.618647097,6462581.682912633,1014322.0642655361,6.777282193738042,63.596973583478444
0.577,5445230.066379571,6462581.682912633,1017351.6165330615,6.797524413996325,63.61721580373673
0.578,5442204.35384876,6462581.682912633,1020377.3290638728,6.817740978715625,63.63743236845602
0.579,5439182.473759406,6462581.682912633,1023399.2091532266,6.83793193663984,63.65762332638023
0.58,5436164.418834721,6462581.682912633,1026417.2640779121,6.85809733638948,63.677788726129876
0.581,5433150.18181633,6462581.682912633,1029431.5010963026,6.878237226462004,63.697928616202404
0.582,5430139.755464208,6462581.682912633,1032441.9274484245,6.898351655232288,63.71804304497268
0.583,5427133.132556624,6462581.682912633,1035448.550356009,6.918440670952962,63.738132060693374
0.584,5424130.305890085,6462581.682912633,1038451.3770225476,6.938504321754792,63.75819571149519
0.585,5421131.268279277,6462581.682912633,1041450.414633356,6.9585426556470935,63.7782340453875
0.586,5418136.012557007,6462581.682912633,1044445.6703556255,6.978555720518089,63.79824711025849
0.587,5415144.531574147,6462581.682912633,1047437.151338486,6.998543564135321,63.81823495387572
0.588,5412156.818199577,6462581.682912633,1050424.864713056,7.018506234145983,63.83819762388639
0.589,5409172.865320131,6462581.682912633,1053408.8175925016,7.038443778077321,63.85813516781772
0.59,5406192.665840534,6462581.682912633,1056389.0170720993,7.058356243337051,63.87804763307744
0.591,5403216.212683347,6462581.682912633,1059365.4702292858,7.078243677213688,63.89793506695408
0.592,5400243.498788922,6462581.682912633,1062338.1841237107,7.098106126876904,63.91779751661731
0.593,5397274.517115332,6462581.682912633,1065307.1657973006,7.117943639377951,63.937635029118354
0.594,5394309.26063832,6462581.682912633,1068272.422274313,7.137756261650024,63.95744765139042
0.595,5391347.722351247,6462581.682912633,1071233.9605613854,7.157544040508589,63.97723543024899
0.596,5388389.895265037,6462581.682912633,1074191.7876475956,7.177307022651784,63.99699841239219
0.597,5385435.772408114,6462581.682912633,1077145.910504519,7.197045254660805,64.01673664440119
0.598,5382485.346826356,6462581.682912633,1080096.336086277,7.216758783000223,64.03645017274063
0.599,5379538.611583037,6462581.682912633,1083043.0713295955,7.236447654018389,64.05613904375879
0.6,5376595.559758771,6462581.682912633,1085986.1231538616,7.256111913947793,64.07580330368819
